ISO-10303-21;
HEADER;
/* Generated by software containing ST-Developer
 * from STEP Tools, Inc. (www.steptools.com) 
 */

FILE_DESCRIPTION(
/* description */ (''),
/* implementation_level */ '2;1');

FILE_NAME(
/* name */ 'mocowanie.step',
/* time_stamp */ '2026-05-21T02:35:30+02:00',
/* author */ (''),
/* organization */ (''),
/* preprocessor_version */ 'ST-DEVELOPER v20.1',
/* originating_system */ 'Autodesk Translation Framework v15.8.0.0',
/* authorisation */ '');

FILE_SCHEMA (('AUTOMOTIVE_DESIGN { 1 0 10303 214 3 1 1 }','TECHNICAL_DATA_PACKAGING',
'INTEGRATED_CNC_SCHEMA'));
ENDSEC;

DATA;
#10=MECHANICAL_DESIGN_GEOMETRIC_PRESENTATION_REPRESENTATION('',(#170,#171,
#172),#11192);
#11=SHAPE_REPRESENTATION_RELATIONSHIP('SRR','None',#11199,#12);
#12=ADVANCED_BREP_SHAPE_REPRESENTATION('',(#173,#174,#175),#11191);
#13=(
BOUNDED_CURVE()
B_SPLINE_CURVE(2,(#4803,#4804,#4805),.UNSPECIFIED.,.F.,.F.)
B_SPLINE_CURVE_WITH_KNOTS((3,3),(0.,0.502592300434412),.UNSPECIFIED.)
CURVE()
GEOMETRIC_REPRESENTATION_ITEM()
RATIONAL_B_SPLINE_CURVE((1.,1.00030936559091,1.))
REPRESENTATION_ITEM('')
);
#14=(
BOUNDED_CURVE()
B_SPLINE_CURVE(2,(#4816,#4817,#4818),.UNSPECIFIED.,.F.,.F.)
B_SPLINE_CURVE_WITH_KNOTS((3,3),(0.,0.502592300434412),.UNSPECIFIED.)
CURVE()
GEOMETRIC_REPRESENTATION_ITEM()
RATIONAL_B_SPLINE_CURVE((1.,1.00030936559091,1.))
REPRESENTATION_ITEM('')
);
#15=(
BOUNDED_CURVE()
B_SPLINE_CURVE(2,(#4826,#4827,#4828),.UNSPECIFIED.,.F.,.F.)
B_SPLINE_CURVE_WITH_KNOTS((3,3),(0.,0.502592300434412),.UNSPECIFIED.)
CURVE()
GEOMETRIC_REPRESENTATION_ITEM()
RATIONAL_B_SPLINE_CURVE((1.,1.00030936559091,1.))
REPRESENTATION_ITEM('')
);
#16=(
BOUNDED_CURVE()
B_SPLINE_CURVE(2,(#4833,#4834,#4835),.UNSPECIFIED.,.F.,.F.)
B_SPLINE_CURVE_WITH_KNOTS((3,3),(0.,0.502592300434412),.UNSPECIFIED.)
CURVE()
GEOMETRIC_REPRESENTATION_ITEM()
RATIONAL_B_SPLINE_CURVE((1.,1.00030936559091,1.))
REPRESENTATION_ITEM('')
);
#17=(
BOUNDED_CURVE()
B_SPLINE_CURVE(2,(#4843,#4844,#4845),.UNSPECIFIED.,.F.,.F.)
B_SPLINE_CURVE_WITH_KNOTS((3,3),(0.,0.502592300434412),.UNSPECIFIED.)
CURVE()
GEOMETRIC_REPRESENTATION_ITEM()
RATIONAL_B_SPLINE_CURVE((1.,1.00030936559091,1.))
REPRESENTATION_ITEM('')
);
#18=(
BOUNDED_CURVE()
B_SPLINE_CURVE(2,(#4878,#4879,#4880),.UNSPECIFIED.,.F.,.F.)
B_SPLINE_CURVE_WITH_KNOTS((3,3),(0.,0.502592300434412),.UNSPECIFIED.)
CURVE()
GEOMETRIC_REPRESENTATION_ITEM()
RATIONAL_B_SPLINE_CURVE((1.,1.00030936559091,1.))
REPRESENTATION_ITEM('')
);
#19=(
BOUNDED_CURVE()
B_SPLINE_CURVE(2,(#4895,#4896,#4897),.UNSPECIFIED.,.F.,.F.)
B_SPLINE_CURVE_WITH_KNOTS((3,3),(0.,0.502592300434412),.UNSPECIFIED.)
CURVE()
GEOMETRIC_REPRESENTATION_ITEM()
RATIONAL_B_SPLINE_CURVE((1.,1.00030936559091,1.))
REPRESENTATION_ITEM('')
);
#20=(
BOUNDED_CURVE()
B_SPLINE_CURVE(2,(#4903,#4904,#4905),.UNSPECIFIED.,.F.,.F.)
B_SPLINE_CURVE_WITH_KNOTS((3,3),(0.,0.502592300434412),.UNSPECIFIED.)
CURVE()
GEOMETRIC_REPRESENTATION_ITEM()
RATIONAL_B_SPLINE_CURVE((1.,1.00030936559091,1.))
REPRESENTATION_ITEM('')
);
#21=(
BOUNDED_CURVE()
B_SPLINE_CURVE(2,(#4910,#4911,#4912),.UNSPECIFIED.,.F.,.F.)
B_SPLINE_CURVE_WITH_KNOTS((3,3),(0.,0.502592300434412),.UNSPECIFIED.)
CURVE()
GEOMETRIC_REPRESENTATION_ITEM()
RATIONAL_B_SPLINE_CURVE((1.,1.00030936559091,1.))
REPRESENTATION_ITEM('')
);
#22=(
BOUNDED_CURVE()
B_SPLINE_CURVE(2,(#4920,#4921,#4922),.UNSPECIFIED.,.F.,.F.)
B_SPLINE_CURVE_WITH_KNOTS((3,3),(0.,0.502592300434412),.UNSPECIFIED.)
CURVE()
GEOMETRIC_REPRESENTATION_ITEM()
RATIONAL_B_SPLINE_CURVE((1.,1.00030936559091,1.))
REPRESENTATION_ITEM('')
);
#23=(
BOUNDED_CURVE()
B_SPLINE_CURVE(2,(#4936,#4937,#4938),.UNSPECIFIED.,.F.,.F.)
B_SPLINE_CURVE_WITH_KNOTS((3,3),(0.,0.502592300434412),.UNSPECIFIED.)
CURVE()
GEOMETRIC_REPRESENTATION_ITEM()
RATIONAL_B_SPLINE_CURVE((1.,1.00030936559091,1.))
REPRESENTATION_ITEM('')
);
#24=(
BOUNDED_CURVE()
B_SPLINE_CURVE(2,(#4945,#4946,#4947),.UNSPECIFIED.,.F.,.F.)
B_SPLINE_CURVE_WITH_KNOTS((3,3),(0.,0.502592300434412),.UNSPECIFIED.)
CURVE()
GEOMETRIC_REPRESENTATION_ITEM()
RATIONAL_B_SPLINE_CURVE((1.,1.00030936559091,1.))
REPRESENTATION_ITEM('')
);
#25=B_SPLINE_SURFACE_WITH_KNOTS('',3,3,((#3584,#3585,#3586,#3587,#3588,
#3589,#3590,#3591,#3592,#3593,#3594,#3595,#3596,#3597,#3598,#3599,#3600,
#3601,#3602,#3603,#3604,#3605,#3606,#3607,#3608,#3609,#3610,#3611,#3612,
#3613,#3614,#3615,#3616,#3617,#3618,#3619,#3620,#3621,#3622,#3623,#3624,
#3625,#3626,#3627,#3628,#3629,#3630,#3631,#3632,#3633,#3634,#3635,#3636,
#3637,#3638,#3639,#3640,#3641,#3642,#3643,#3644,#3645,#3646,#3647,#3648,
#3649,#3650,#3651,#3652,#3653,#3654,#3655,#3656,#3657,#3658,#3659,#3660,
#3661,#3662),(#3663,#3664,#3665,#3666,#3667,#3668,#3669,#3670,#3671,#3672,
#3673,#3674,#3675,#3676,#3677,#3678,#3679,#3680,#3681,#3682,#3683,#3684,
#3685,#3686,#3687,#3688,#3689,#3690,#3691,#3692,#3693,#3694,#3695,#3696,
#3697,#3698,#3699,#3700,#3701,#3702,#3703,#3704,#3705,#3706,#3707,#3708,
#3709,#3710,#3711,#3712,#3713,#3714,#3715,#3716,#3717,#3718,#3719,#3720,
#3721,#3722,#3723,#3724,#3725,#3726,#3727,#3728,#3729,#3730,#3731,#3732,
#3733,#3734,#3735,#3736,#3737,#3738,#3739,#3740,#3741),(#3742,#3743,#3744,
#3745,#3746,#3747,#3748,#3749,#3750,#3751,#3752,#3753,#3754,#3755,#3756,
#3757,#3758,#3759,#3760,#3761,#3762,#3763,#3764,#3765,#3766,#3767,#3768,
#3769,#3770,#3771,#3772,#3773,#3774,#3775,#3776,#3777,#3778,#3779,#3780,
#3781,#3782,#3783,#3784,#3785,#3786,#3787,#3788,#3789,#3790,#3791,#3792,
#3793,#3794,#3795,#3796,#3797,#3798,#3799,#3800,#3801,#3802,#3803,#3804,
#3805,#3806,#3807,#3808,#3809,#3810,#3811,#3812,#3813,#3814,#3815,#3816,
#3817,#3818,#3819,#3820),(#3821,#3822,#3823,#3824,#3825,#3826,#3827,#3828,
#3829,#3830,#3831,#3832,#3833,#3834,#3835,#3836,#3837,#3838,#3839,#3840,
#3841,#3842,#3843,#3844,#3845,#3846,#3847,#3848,#3849,#3850,#3851,#3852,
#3853,#3854,#3855,#3856,#3857,#3858,#3859,#3860,#3861,#3862,#3863,#3864,
#3865,#3866,#3867,#3868,#3869,#3870,#3871,#3872,#3873,#3874,#3875,#3876,
#3877,#3878,#3879,#3880,#3881,#3882,#3883,#3884,#3885,#3886,#3887,#3888,
#3889,#3890,#3891,#3892,#3893,#3894,#3895,#3896,#3897,#3898,#3899)),
 .UNSPECIFIED.,.F.,.F.,.F.,(4,4),(4,1,1,1,1,1,1,1,1,1,1,1,1,1,1,1,1,1,1,
1,1,1,1,1,1,1,1,1,1,1,1,1,1,1,1,1,1,1,1,1,1,1,1,1,1,1,1,1,1,1,1,1,1,1,1,
1,1,1,1,1,1,1,1,1,1,1,1,1,1,1,1,1,1,1,1,1,4),(0.,0.112756507572734),(11.8517336648509,
12.3507878315156,12.8498419981804,13.3488961648452,13.8479503315099,14.3470044981747,
14.8460586648394,15.3451128315042,15.8441669981689,16.3432211648337,16.8422753314985,
17.3413294981632,17.840383664828,18.3394378314927,18.8384919981575,19.3375461648223,
19.836600331487,20.3356544981518,20.8347086648165,21.3337628314813,21.832816998146,
22.3318711648108,22.8309253314756,23.3299794981403,23.8290336648051,24.3280878314698,
24.8271419981346,25.3261961647994,25.8252503314641,26.3243044981289,26.8233586647936,
27.3224128314584,27.8214669981231,28.3205211647879,28.8195753314527,29.3186294981174,
29.8176836647822,30.3167378314469,30.8157919981117,31.3148461647765,31.8139003314412,
32.312954498106,32.8120086647707,33.3110628314355,33.8101169981002,34.309171164765,
34.8082253314298,35.3072794980945,35.8063336647593,36.305387831424,36.8044419980888,
37.3034961647536,37.8025503314183,38.3016044980831,38.8006586647478,39.2997128314126,
39.7987669980773,40.2978211647421,40.7968753314069,41.2959294980716,41.7949836647364,
42.2940378314011,42.7930919980659,43.2921461647307,43.7912003313954,44.2902544980602,
44.7893086647249,45.2883628313897,45.7874169980544,46.2864711647192,46.785525331384,
47.2845794980487,47.7836336647135,48.2826878313782,48.781741998043,49.2807961647078,
49.7798503313725),.UNSPECIFIED.);
#26=B_SPLINE_SURFACE_WITH_KNOTS('',3,3,((#4167,#4168,#4169,#4170,#4171,
#4172,#4173,#4174,#4175,#4176,#4177,#4178,#4179,#4180,#4181,#4182,#4183,
#4184,#4185,#4186,#4187,#4188,#4189,#4190,#4191,#4192,#4193,#4194,#4195,
#4196,#4197,#4198,#4199,#4200,#4201,#4202,#4203,#4204,#4205,#4206,#4207,
#4208,#4209,#4210,#4211,#4212,#4213,#4214,#4215,#4216,#4217,#4218,#4219,
#4220,#4221,#4222,#4223,#4224,#4225,#4226,#4227,#4228,#4229,#4230,#4231,
#4232,#4233,#4234,#4235,#4236,#4237,#4238,#4239,#4240,#4241,#4242,#4243,
#4244,#4245),(#4246,#4247,#4248,#4249,#4250,#4251,#4252,#4253,#4254,#4255,
#4256,#4257,#4258,#4259,#4260,#4261,#4262,#4263,#4264,#4265,#4266,#4267,
#4268,#4269,#4270,#4271,#4272,#4273,#4274,#4275,#4276,#4277,#4278,#4279,
#4280,#4281,#4282,#4283,#4284,#4285,#4286,#4287,#4288,#4289,#4290,#4291,
#4292,#4293,#4294,#4295,#4296,#4297,#4298,#4299,#4300,#4301,#4302,#4303,
#4304,#4305,#4306,#4307,#4308,#4309,#4310,#4311,#4312,#4313,#4314,#4315,
#4316,#4317,#4318,#4319,#4320,#4321,#4322,#4323,#4324),(#4325,#4326,#4327,
#4328,#4329,#4330,#4331,#4332,#4333,#4334,#4335,#4336,#4337,#4338,#4339,
#4340,#4341,#4342,#4343,#4344,#4345,#4346,#4347,#4348,#4349,#4350,#4351,
#4352,#4353,#4354,#4355,#4356,#4357,#4358,#4359,#4360,#4361,#4362,#4363,
#4364,#4365,#4366,#4367,#4368,#4369,#4370,#4371,#4372,#4373,#4374,#4375,
#4376,#4377,#4378,#4379,#4380,#4381,#4382,#4383,#4384,#4385,#4386,#4387,
#4388,#4389,#4390,#4391,#4392,#4393,#4394,#4395,#4396,#4397,#4398,#4399,
#4400,#4401,#4402,#4403),(#4404,#4405,#4406,#4407,#4408,#4409,#4410,#4411,
#4412,#4413,#4414,#4415,#4416,#4417,#4418,#4419,#4420,#4421,#4422,#4423,
#4424,#4425,#4426,#4427,#4428,#4429,#4430,#4431,#4432,#4433,#4434,#4435,
#4436,#4437,#4438,#4439,#4440,#4441,#4442,#4443,#4444,#4445,#4446,#4447,
#4448,#4449,#4450,#4451,#4452,#4453,#4454,#4455,#4456,#4457,#4458,#4459,
#4460,#4461,#4462,#4463,#4464,#4465,#4466,#4467,#4468,#4469,#4470,#4471,
#4472,#4473,#4474,#4475,#4476,#4477,#4478,#4479,#4480,#4481,#4482)),
 .UNSPECIFIED.,.F.,.F.,.F.,(4,4),(4,1,1,1,1,1,1,1,1,1,1,1,1,1,1,1,1,1,1,
1,1,1,1,1,1,1,1,1,1,1,1,1,1,1,1,1,1,1,1,1,1,1,1,1,1,1,1,1,1,1,1,1,1,1,1,
1,1,1,1,1,1,1,1,1,1,1,1,1,1,1,1,1,1,1,1,1,4),(0.,0.112756507572734),(14.3984001269719,
14.8974542936366,15.3965084603014,15.8955626269661,16.3946167936309,16.8936709602956,
17.3927251269604,17.8917792936252,18.3908334602899,18.8898876269547,19.3889417936194,
19.8879959602842,20.3870501269489,20.8861042936137,21.3851584602785,21.8842126269432,
22.383266793608,22.8823209602727,23.3813751269375,23.8804292936023,24.379483460267,
24.8785376269318,25.3775917935965,25.8766459602613,26.375700126926,26.8747542935908,
27.3738084602556,27.8728626269203,28.3719167935851,28.8709709602498,29.3700251269146,
29.8690792935794,30.3681334602441,30.8671876269089,31.3662417935736,31.8652959602384,
32.3643501269031,32.8634042935679,33.3624584602327,33.8615126268974,34.3605667935622,
34.8596209602269,35.3586751268917,35.8577292935565,36.3567834602212,36.855837626886,
37.3548917935507,37.8539459602155,38.3530001268802,38.852054293545,39.3511084602098,
39.8501626268745,40.3492167935393,40.848270960204,41.3473251268688,41.8463792935336,
42.3454334601983,42.8444876268631,43.3435417935278,43.8425959601926,44.3416501268573,
44.8407042935221,45.3397584601869,45.8388126268516,46.3378667935164,46.8369209601811,
47.3359751268459,47.8350292935107,48.3340834601754,48.8331376268402,49.3321917935049,
49.8312459601697,50.3303001268344,50.8293542934992,51.328408460164,51.8274626268287,
52.3265167934935),.UNSPECIFIED.);
#27=B_SPLINE_SURFACE_WITH_KNOTS('',3,3,((#7703,#7704,#7705,#7706,#7707,
#7708,#7709,#7710,#7711,#7712,#7713,#7714,#7715,#7716,#7717,#7718,#7719,
#7720,#7721,#7722,#7723,#7724,#7725,#7726,#7727,#7728,#7729,#7730,#7731,
#7732,#7733,#7734,#7735,#7736,#7737,#7738,#7739,#7740,#7741,#7742,#7743,
#7744,#7745,#7746,#7747,#7748,#7749,#7750,#7751,#7752,#7753,#7754,#7755,
#7756,#7757,#7758,#7759,#7760,#7761,#7762,#7763,#7764,#7765,#7766,#7767,
#7768,#7769,#7770,#7771,#7772,#7773,#7774,#7775,#7776,#7777,#7778,#7779,
#7780,#7781,#7782,#7783,#7784,#7785,#7786,#7787,#7788,#7789),(#7790,#7791,
#7792,#7793,#7794,#7795,#7796,#7797,#7798,#7799,#7800,#7801,#7802,#7803,
#7804,#7805,#7806,#7807,#7808,#7809,#7810,#7811,#7812,#7813,#7814,#7815,
#7816,#7817,#7818,#7819,#7820,#7821,#7822,#7823,#7824,#7825,#7826,#7827,
#7828,#7829,#7830,#7831,#7832,#7833,#7834,#7835,#7836,#7837,#7838,#7839,
#7840,#7841,#7842,#7843,#7844,#7845,#7846,#7847,#7848,#7849,#7850,#7851,
#7852,#7853,#7854,#7855,#7856,#7857,#7858,#7859,#7860,#7861,#7862,#7863,
#7864,#7865,#7866,#7867,#7868,#7869,#7870,#7871,#7872,#7873,#7874,#7875,
#7876),(#7877,#7878,#7879,#7880,#7881,#7882,#7883,#7884,#7885,#7886,#7887,
#7888,#7889,#7890,#7891,#7892,#7893,#7894,#7895,#7896,#7897,#7898,#7899,
#7900,#7901,#7902,#7903,#7904,#7905,#7906,#7907,#7908,#7909,#7910,#7911,
#7912,#7913,#7914,#7915,#7916,#7917,#7918,#7919,#7920,#7921,#7922,#7923,
#7924,#7925,#7926,#7927,#7928,#7929,#7930,#7931,#7932,#7933,#7934,#7935,
#7936,#7937,#7938,#7939,#7940,#7941,#7942,#7943,#7944,#7945,#7946,#7947,
#7948,#7949,#7950,#7951,#7952,#7953,#7954,#7955,#7956,#7957,#7958,#7959,
#7960,#7961,#7962,#7963),(#7964,#7965,#7966,#7967,#7968,#7969,#7970,#7971,
#7972,#7973,#7974,#7975,#7976,#7977,#7978,#7979,#7980,#7981,#7982,#7983,
#7984,#7985,#7986,#7987,#7988,#7989,#7990,#7991,#7992,#7993,#7994,#7995,
#7996,#7997,#7998,#7999,#8000,#8001,#8002,#8003,#8004,#8005,#8006,#8007,
#8008,#8009,#8010,#8011,#8012,#8013,#8014,#8015,#8016,#8017,#8018,#8019,
#8020,#8021,#8022,#8023,#8024,#8025,#8026,#8027,#8028,#8029,#8030,#8031,
#8032,#8033,#8034,#8035,#8036,#8037,#8038,#8039,#8040,#8041,#8042,#8043,
#8044,#8045,#8046,#8047,#8048,#8049,#8050)),.UNSPECIFIED.,.F.,.F.,.F.,(4,
4),(4,1,1,1,1,1,1,1,1,1,1,1,1,1,1,1,1,1,1,1,1,1,1,1,1,1,1,1,1,1,1,1,1,1,
1,1,1,1,1,1,1,1,1,1,1,1,1,1,1,1,1,1,1,1,1,1,1,1,1,1,1,1,1,1,1,1,1,1,1,1,
1,1,1,1,1,1,1,1,1,1,1,1,1,1,4),(0.,0.115296848757168),(8.3059228672317,
8.80073372940344,9.29554459157518,9.79035545374691,10.2851663159187,10.7799771780904,
11.2747880402621,11.7695989024339,12.2644097646056,12.7592206267773,13.2540314889491,
13.7488423511208,14.2436532132926,14.7384640754643,15.233274937636,15.7280857998078,
16.2228966619795,16.7177075241513,17.212518386323,17.7073292484947,18.2021401106665,
18.6969509728382,19.1917618350099,19.6865726971817,20.1813835593534,20.6761944215252,
21.1710052836969,21.6658161458686,22.1606270080404,22.6554378702121,23.1502487323838,
23.6450595945556,24.1398704567273,24.6346813188991,25.1294921810708,25.6243030432425,
26.1191139054143,26.613924767586,27.1087356297578,27.6035464919295,28.0983573541012,
28.593168216273,29.0879790784447,29.5827899406164,30.0776008027882,30.5724116649599,
31.0672225271317,31.5620333893034,32.0568442514751,32.5516551136469,33.0464659758186,
33.5412768379904,34.0360877001621,34.5308985623338,35.0257094245056,35.5205202866773,
36.015331148849,36.5101420110208,37.0049528731925,37.4997637353643,37.994574597536,
38.4893854597077,38.9841963218795,39.4790071840512,39.9738180462229,40.4686289083947,
40.9634397705664,41.4582506327382,41.9530614949099,42.4478723570816,42.9426832192534,
43.4374940814251,43.9323049435969,44.4271158057686,44.9219266679403,45.4167375301121,
45.9115483922838,46.4063592544555,46.9011701166273,47.395980978799,47.8907918409708,
48.3856027031425,48.8804135653142,49.375224427486,49.8700352896577),
 .UNSPECIFIED.);
#28=B_SPLINE_SURFACE_WITH_KNOTS('',3,3,((#8307,#8308,#8309,#8310,#8311,
#8312,#8313,#8314,#8315,#8316,#8317,#8318,#8319,#8320,#8321,#8322,#8323,
#8324,#8325,#8326,#8327,#8328,#8329,#8330,#8331,#8332,#8333,#8334,#8335,
#8336,#8337,#8338,#8339,#8340,#8341,#8342,#8343,#8344,#8345,#8346,#8347,
#8348,#8349,#8350,#8351,#8352,#8353,#8354,#8355,#8356,#8357,#8358,#8359,
#8360,#8361,#8362,#8363,#8364,#8365,#8366,#8367,#8368,#8369,#8370,#8371,
#8372,#8373,#8374,#8375,#8376,#8377,#8378,#8379,#8380,#8381,#8382,#8383,
#8384,#8385,#8386,#8387,#8388,#8389,#8390,#8391,#8392,#8393),(#8394,#8395,
#8396,#8397,#8398,#8399,#8400,#8401,#8402,#8403,#8404,#8405,#8406,#8407,
#8408,#8409,#8410,#8411,#8412,#8413,#8414,#8415,#8416,#8417,#8418,#8419,
#8420,#8421,#8422,#8423,#8424,#8425,#8426,#8427,#8428,#8429,#8430,#8431,
#8432,#8433,#8434,#8435,#8436,#8437,#8438,#8439,#8440,#8441,#8442,#8443,
#8444,#8445,#8446,#8447,#8448,#8449,#8450,#8451,#8452,#8453,#8454,#8455,
#8456,#8457,#8458,#8459,#8460,#8461,#8462,#8463,#8464,#8465,#8466,#8467,
#8468,#8469,#8470,#8471,#8472,#8473,#8474,#8475,#8476,#8477,#8478,#8479,
#8480),(#8481,#8482,#8483,#8484,#8485,#8486,#8487,#8488,#8489,#8490,#8491,
#8492,#8493,#8494,#8495,#8496,#8497,#8498,#8499,#8500,#8501,#8502,#8503,
#8504,#8505,#8506,#8507,#8508,#8509,#8510,#8511,#8512,#8513,#8514,#8515,
#8516,#8517,#8518,#8519,#8520,#8521,#8522,#8523,#8524,#8525,#8526,#8527,
#8528,#8529,#8530,#8531,#8532,#8533,#8534,#8535,#8536,#8537,#8538,#8539,
#8540,#8541,#8542,#8543,#8544,#8545,#8546,#8547,#8548,#8549,#8550,#8551,
#8552,#8553,#8554,#8555,#8556,#8557,#8558,#8559,#8560,#8561,#8562,#8563,
#8564,#8565,#8566,#8567),(#8568,#8569,#8570,#8571,#8572,#8573,#8574,#8575,
#8576,#8577,#8578,#8579,#8580,#8581,#8582,#8583,#8584,#8585,#8586,#8587,
#8588,#8589,#8590,#8591,#8592,#8593,#8594,#8595,#8596,#8597,#8598,#8599,
#8600,#8601,#8602,#8603,#8604,#8605,#8606,#8607,#8608,#8609,#8610,#8611,
#8612,#8613,#8614,#8615,#8616,#8617,#8618,#8619,#8620,#8621,#8622,#8623,
#8624,#8625,#8626,#8627,#8628,#8629,#8630,#8631,#8632,#8633,#8634,#8635,
#8636,#8637,#8638,#8639,#8640,#8641,#8642,#8643,#8644,#8645,#8646,#8647,
#8648,#8649,#8650,#8651,#8652,#8653,#8654)),.UNSPECIFIED.,.F.,.F.,.F.,(4,
4),(4,1,1,1,1,1,1,1,1,1,1,1,1,1,1,1,1,1,1,1,1,1,1,1,1,1,1,1,1,1,1,1,1,1,
1,1,1,1,1,1,1,1,1,1,1,1,1,1,1,1,1,1,1,1,1,1,1,1,1,1,1,1,1,1,1,1,1,1,1,1,
1,1,1,1,1,1,1,1,1,1,1,1,1,1,4),(0.,0.115296848757168),(11.6154215191107,
12.1102323812824,12.6050432434541,13.0998541056259,13.5946649677976,14.0894758299694,
14.5842866921411,15.0790975543128,15.5739084164846,16.0687192786563,16.563530140828,
17.0583410029998,17.5531518651715,18.0479627273433,18.542773589515,19.0375844516867,
19.5323953138585,20.0272061760302,20.5220170382019,21.0168279003737,21.5116387625454,
22.0064496247172,22.5012604868889,22.9960713490606,23.4908822112324,23.9856930734041,
24.4805039355758,24.9753147977476,25.4701256599193,25.9649365220911,26.4597473842628,
26.9545582464345,27.4493691086063,27.944179970778,28.4389908329497,28.9338016951215,
29.4286125572932,29.923423419465,30.4182342816367,30.9130451438084,31.4078560059802,
31.9026668681519,32.3974777303237,32.8922885924954,33.3870994546671,33.8819103168389,
34.3767211790106,34.8715320411823,35.3663429033541,35.8611537655258,36.3559646276976,
36.8507754898693,37.345586352041,37.8403972142128,38.3352080763845,38.8300189385563,
39.324829800728,39.8196406628997,40.3144515250715,40.8092623872432,41.3040732494149,
41.7988841115867,42.2936949737584,42.7885058359302,43.2833166981019,43.7781275602736,
44.2729384224454,44.7677492846171,45.2625601467888,45.7573710089606,46.2521818711323,
46.7469927333041,47.2418035954758,47.7366144576475,48.2314253198193,48.726236181991,
49.2210470441627,49.7158579063345,50.2106687685062,50.705479630678,51.2002904928497,
51.6951013550214,52.1899122171932,52.6847230793649,53.1795339415366),
 .UNSPECIFIED.);
#29=B_SPLINE_SURFACE_WITH_KNOTS('',3,3,((#8916,#8917,#8918,#8919,#8920,
#8921,#8922,#8923,#8924,#8925,#8926,#8927,#8928,#8929,#8930,#8931,#8932,
#8933,#8934,#8935,#8936,#8937,#8938,#8939,#8940,#8941,#8942,#8943,#8944,
#8945,#8946,#8947,#8948,#8949,#8950,#8951,#8952,#8953,#8954,#8955,#8956,
#8957,#8958,#8959,#8960,#8961,#8962,#8963,#8964,#8965,#8966,#8967,#8968,
#8969,#8970,#8971,#8972,#8973,#8974,#8975,#8976,#8977,#8978,#8979,#8980,
#8981,#8982,#8983,#8984,#8985,#8986,#8987,#8988,#8989,#8990,#8991,#8992,
#8993,#8994,#8995,#8996,#8997,#8998,#8999,#9000,#9001,#9002,#9003,#9004,
#9005,#9006,#9007,#9008,#9009,#9010,#9011,#9012,#9013,#9014,#9015,#9016,
#9017,#9018,#9019,#9020,#9021,#9022,#9023,#9024,#9025,#9026,#9027,#9028,
#9029,#9030,#9031,#9032,#9033,#9034,#9035,#9036,#9037,#9038,#9039,#9040,
#9041,#9042,#9043,#9044,#9045,#9046,#9047,#9048,#9049,#9050,#9051,#9052,
#9053,#9054,#9055,#9056,#9057,#9058,#9059,#9060,#9061,#9062,#9063,#9064,
#9065,#9066,#9067,#9068,#9069,#9070,#9071,#9072,#9073,#9074,#9075,#9076,
#9077,#9078,#9079,#9080,#9081,#9082,#9083,#9084,#9085,#9086,#9087,#9088,
#9089,#9090,#9091,#9092,#9093,#9094,#9095,#9096,#9097,#9098,#9099,#9100,
#9101,#9102,#9103,#9104,#9105,#9106,#9107,#9108,#9109,#9110,#9111,#9112,
#9113,#9114,#9115,#9116,#9117,#9118,#9119,#9120,#9121,#9122,#9123,#9124,
#9125,#9126,#9127,#9128,#9129),(#9130,#9131,#9132,#9133,#9134,#9135,#9136,
#9137,#9138,#9139,#9140,#9141,#9142,#9143,#9144,#9145,#9146,#9147,#9148,
#9149,#9150,#9151,#9152,#9153,#9154,#9155,#9156,#9157,#9158,#9159,#9160,
#9161,#9162,#9163,#9164,#9165,#9166,#9167,#9168,#9169,#9170,#9171,#9172,
#9173,#9174,#9175,#9176,#9177,#9178,#9179,#9180,#9181,#9182,#9183,#9184,
#9185,#9186,#9187,#9188,#9189,#9190,#9191,#9192,#9193,#9194,#9195,#9196,
#9197,#9198,#9199,#9200,#9201,#9202,#9203,#9204,#9205,#9206,#9207,#9208,
#9209,#9210,#9211,#9212,#9213,#9214,#9215,#9216,#9217,#9218,#9219,#9220,
#9221,#9222,#9223,#9224,#9225,#9226,#9227,#9228,#9229,#9230,#9231,#9232,
#9233,#9234,#9235,#9236,#9237,#9238,#9239,#9240,#9241,#9242,#9243,#9244,
#9245,#9246,#9247,#9248,#9249,#9250,#9251,#9252,#9253,#9254,#9255,#9256,
#9257,#9258,#9259,#9260,#9261,#9262,#9263,#9264,#9265,#9266,#9267,#9268,
#9269,#9270,#9271,#9272,#9273,#9274,#9275,#9276,#9277,#9278,#9279,#9280,
#9281,#9282,#9283,#9284,#9285,#9286,#9287,#9288,#9289,#9290,#9291,#9292,
#9293,#9294,#9295,#9296,#9297,#9298,#9299,#9300,#9301,#9302,#9303,#9304,
#9305,#9306,#9307,#9308,#9309,#9310,#9311,#9312,#9313,#9314,#9315,#9316,
#9317,#9318,#9319,#9320,#9321,#9322,#9323,#9324,#9325,#9326,#9327,#9328,
#9329,#9330,#9331,#9332,#9333,#9334,#9335,#9336,#9337,#9338,#9339,#9340,
#9341,#9342,#9343),(#9344,#9345,#9346,#9347,#9348,#9349,#9350,#9351,#9352,
#9353,#9354,#9355,#9356,#9357,#9358,#9359,#9360,#9361,#9362,#9363,#9364,
#9365,#9366,#9367,#9368,#9369,#9370,#9371,#9372,#9373,#9374,#9375,#9376,
#9377,#9378,#9379,#9380,#9381,#9382,#9383,#9384,#9385,#9386,#9387,#9388,
#9389,#9390,#9391,#9392,#9393,#9394,#9395,#9396,#9397,#9398,#9399,#9400,
#9401,#9402,#9403,#9404,#9405,#9406,#9407,#9408,#9409,#9410,#9411,#9412,
#9413,#9414,#9415,#9416,#9417,#9418,#9419,#9420,#9421,#9422,#9423,#9424,
#9425,#9426,#9427,#9428,#9429,#9430,#9431,#9432,#9433,#9434,#9435,#9436,
#9437,#9438,#9439,#9440,#9441,#9442,#9443,#9444,#9445,#9446,#9447,#9448,
#9449,#9450,#9451,#9452,#9453,#9454,#9455,#9456,#9457,#9458,#9459,#9460,
#9461,#9462,#9463,#9464,#9465,#9466,#9467,#9468,#9469,#9470,#9471,#9472,
#9473,#9474,#9475,#9476,#9477,#9478,#9479,#9480,#9481,#9482,#9483,#9484,
#9485,#9486,#9487,#9488,#9489,#9490,#9491,#9492,#9493,#9494,#9495,#9496,
#9497,#9498,#9499,#9500,#9501,#9502,#9503,#9504,#9505,#9506,#9507,#9508,
#9509,#9510,#9511,#9512,#9513,#9514,#9515,#9516,#9517,#9518,#9519,#9520,
#9521,#9522,#9523,#9524,#9525,#9526,#9527,#9528,#9529,#9530,#9531,#9532,
#9533,#9534,#9535,#9536,#9537,#9538,#9539,#9540,#9541,#9542,#9543,#9544,
#9545,#9546,#9547,#9548,#9549,#9550,#9551,#9552,#9553,#9554,#9555,#9556,
#9557),(#9558,#9559,#9560,#9561,#9562,#9563,#9564,#9565,#9566,#9567,#9568,
#9569,#9570,#9571,#9572,#9573,#9574,#9575,#9576,#9577,#9578,#9579,#9580,
#9581,#9582,#9583,#9584,#9585,#9586,#9587,#9588,#9589,#9590,#9591,#9592,
#9593,#9594,#9595,#9596,#9597,#9598,#9599,#9600,#9601,#9602,#9603,#9604,
#9605,#9606,#9607,#9608,#9609,#9610,#9611,#9612,#9613,#9614,#9615,#9616,
#9617,#9618,#9619,#9620,#9621,#9622,#9623,#9624,#9625,#9626,#9627,#9628,
#9629,#9630,#9631,#9632,#9633,#9634,#9635,#9636,#9637,#9638,#9639,#9640,
#9641,#9642,#9643,#9644,#9645,#9646,#9647,#9648,#9649,#9650,#9651,#9652,
#9653,#9654,#9655,#9656,#9657,#9658,#9659,#9660,#9661,#9662,#9663,#9664,
#9665,#9666,#9667,#9668,#9669,#9670,#9671,#9672,#9673,#9674,#9675,#9676,
#9677,#9678,#9679,#9680,#9681,#9682,#9683,#9684,#9685,#9686,#9687,#9688,
#9689,#9690,#9691,#9692,#9693,#9694,#9695,#9696,#9697,#9698,#9699,#9700,
#9701,#9702,#9703,#9704,#9705,#9706,#9707,#9708,#9709,#9710,#9711,#9712,
#9713,#9714,#9715,#9716,#9717,#9718,#9719,#9720,#9721,#9722,#9723,#9724,
#9725,#9726,#9727,#9728,#9729,#9730,#9731,#9732,#9733,#9734,#9735,#9736,
#9737,#9738,#9739,#9740,#9741,#9742,#9743,#9744,#9745,#9746,#9747,#9748,
#9749,#9750,#9751,#9752,#9753,#9754,#9755,#9756,#9757,#9758,#9759,#9760,
#9761,#9762,#9763,#9764,#9765,#9766,#9767,#9768,#9769,#9770,#9771)),
 .UNSPECIFIED.,.F.,.F.,.F.,(4,4),(4,1,1,1,1,1,1,1,1,1,1,1,1,1,1,1,1,1,1,
1,1,1,1,1,1,1,1,1,1,1,1,1,1,1,1,1,1,1,1,1,1,1,1,1,1,1,1,1,1,1,1,1,1,1,1,
1,1,1,1,1,1,1,1,1,1,1,1,1,1,1,1,1,1,1,1,1,1,1,1,1,1,1,1,1,1,1,1,1,1,1,1,
1,1,1,1,1,1,1,1,1,1,1,1,1,1,1,1,1,1,1,1,1,1,1,1,1,1,1,1,1,1,1,1,1,1,1,1,
1,1,1,1,1,1,1,1,1,1,1,1,1,1,1,1,1,1,1,1,1,1,1,1,1,1,1,1,1,1,1,1,1,1,1,1,
1,1,1,1,1,1,1,1,1,1,1,1,1,1,1,1,1,1,1,1,1,1,1,1,1,1,1,1,1,1,1,1,1,1,1,1,
1,1,1,1,1,1,1,1,1,1,1,1,4),(0.,0.0965329650085056),(11.8529428644269,12.3517350925157,
12.8505273206045,13.3493195486932,13.848111776782,14.3469040048707,14.8456962329595,
15.3444884610482,15.843280689137,16.3420729172257,16.8408651453145,17.3396573734032,
17.838449601492,18.3372418295807,18.8360340576695,19.3348262857582,19.833618513847,
20.3324107419357,20.8312029700245,21.3299951981132,21.828787426202,22.3275796542907,
22.8263718823795,23.3251641104682,23.823956338557,24.3227485666457,24.8215407947345,
25.3203330228232,25.819125250912,26.3179174790007,26.8167097070895,27.3155019351782,
27.814294163267,28.3130863913557,28.8118786194445,29.3106708475333,29.809463075622,
30.3082553037108,30.8070475317995,31.3058397598883,31.804631987977,32.3034242160658,
32.8022164441545,33.3010086722433,33.799800900332,34.2985931284208,34.7973853565095,
35.2961775845983,35.794969812687,36.2937620407758,36.7925542688645,37.2913464969533,
37.790138725042,38.2889309531308,38.7877231812195,39.2865154093083,39.785307637397,
40.2840998654858,40.7828920935745,41.2816843216633,41.780476549752,42.2792687778408,
42.7780610059295,43.2768532340183,43.775645462107,44.2744376901958,44.7732299182845,
45.2720221463733,45.7708143744621,46.2696066025508,46.7683988306396,47.2671910587283,
47.7659832868171,48.2647755149058,48.7635677429946,49.2623599710833,49.7611521991721,
50.2599444272608,50.7587366553496,51.2575288834383,51.7563211115271,52.2551133396158,
52.7539055677046,53.2526977957933,53.7514900238821,54.2502822519708,54.7490744800596,
55.2478667081483,55.7466589362371,56.2454511643258,56.7442433924146,57.2430356205033,
57.7418278485921,58.2406200766808,58.7394123047696,59.2382045328583,59.7369967609471,
60.2357889890358,60.7345812171246,61.2333734452133,61.7321656733021,62.2309579013909,
62.7297501294796,63.2285423575684,63.7273345856571,64.7249190418346,65.7225034980121,
66.7200879541896,67.2188801822784,67.7176724103671,68.2164646384559,68.7152568665446,
69.2140490946334,69.7128413227221,70.2116335508109,70.7104257788996,71.2092180069884,
71.7080102350771,72.2068024631659,72.7055946912546,73.2043869193434,73.7031791474321,
74.2019713755209,74.7007636036096,75.1995558316984,75.6983480597871,76.1971402878759,
76.6959325159646,77.1947247440534,77.6935169721421,78.1923092002309,78.6911014283197,
79.1898936564084,79.6886858844972,80.1874781125859,80.6862703406747,81.1850625687634,
81.6838547968522,82.1826470249409,82.6814392530297,83.1802314811184,83.6790237092072,
84.1778159372959,84.6766081653847,85.1754003934734,85.6741926215622,86.1729848496509,
86.6717770777397,87.1705693058284,87.6693615339172,88.1681537620059,88.6669459900947,
89.1657382181834,89.6645304462722,90.1633226743609,90.6621149024497,91.1609071305384,
91.6596993586272,92.1584915867159,92.6572838148047,93.1560760428934,93.6548682709822,
94.153660499071,94.6524527271597,95.1512449552484,95.6500371833372,96.148829411426,
96.6476216395147,97.1464138676035,97.6452060956922,98.143998323781,98.6427905518697,
99.1415827799585,99.6403750080472,100.139167236136,100.637959464225,101.136751692313,
101.635543920402,102.134336148491,102.63312837658,103.131920604668,103.630712832757,
104.129505060846,104.628297288935,105.127089517023,105.625881745112,106.124673973201,
106.62346620129,107.122258429378,107.621050657467,108.119842885556,108.618635113645,
109.117427341734,109.616219569822,110.115011797911,110.613804026,111.112596254089,
111.611388482177,112.110180710266,112.608972938355,113.107765166443,113.606557394532,
114.105349622621,114.60414185071,115.102934078799,115.601726306887,116.100518534976,
116.599310763065,117.098102991154,117.596895219242,118.095687447331,118.59447967542),
 .UNSPECIFIED.);
#30=B_SPLINE_SURFACE_WITH_KNOTS('',3,3,((#10036,#10037,#10038,#10039,#10040,
#10041,#10042,#10043,#10044,#10045,#10046,#10047,#10048,#10049,#10050,#10051,
#10052,#10053,#10054,#10055,#10056,#10057,#10058,#10059,#10060,#10061,#10062,
#10063,#10064,#10065,#10066,#10067,#10068,#10069,#10070,#10071,#10072,#10073,
#10074,#10075,#10076,#10077,#10078,#10079,#10080,#10081,#10082,#10083,#10084,
#10085,#10086,#10087,#10088,#10089,#10090,#10091,#10092,#10093,#10094,#10095,
#10096,#10097,#10098,#10099,#10100,#10101,#10102,#10103,#10104,#10105,#10106,
#10107,#10108,#10109,#10110,#10111,#10112,#10113,#10114,#10115,#10116,#10117,
#10118,#10119,#10120,#10121,#10122,#10123,#10124,#10125,#10126,#10127,#10128,
#10129,#10130,#10131,#10132,#10133,#10134,#10135,#10136,#10137,#10138,#10139,
#10140,#10141,#10142,#10143,#10144,#10145,#10146,#10147,#10148,#10149,#10150,
#10151,#10152,#10153,#10154,#10155,#10156,#10157,#10158,#10159,#10160,#10161,
#10162,#10163,#10164,#10165,#10166,#10167,#10168,#10169,#10170,#10171,#10172,
#10173,#10174,#10175,#10176,#10177,#10178,#10179,#10180,#10181,#10182,#10183,
#10184,#10185,#10186,#10187,#10188,#10189,#10190,#10191,#10192,#10193,#10194,
#10195,#10196,#10197,#10198,#10199,#10200,#10201,#10202,#10203,#10204,#10205,
#10206,#10207,#10208,#10209,#10210,#10211,#10212,#10213,#10214,#10215,#10216,
#10217,#10218,#10219,#10220,#10221,#10222,#10223,#10224,#10225,#10226,#10227,
#10228,#10229,#10230,#10231,#10232,#10233,#10234,#10235,#10236,#10237,#10238,
#10239,#10240,#10241,#10242,#10243,#10244,#10245,#10246,#10247,#10248,#10249),
(#10250,#10251,#10252,#10253,#10254,#10255,#10256,#10257,#10258,#10259,
#10260,#10261,#10262,#10263,#10264,#10265,#10266,#10267,#10268,#10269,#10270,
#10271,#10272,#10273,#10274,#10275,#10276,#10277,#10278,#10279,#10280,#10281,
#10282,#10283,#10284,#10285,#10286,#10287,#10288,#10289,#10290,#10291,#10292,
#10293,#10294,#10295,#10296,#10297,#10298,#10299,#10300,#10301,#10302,#10303,
#10304,#10305,#10306,#10307,#10308,#10309,#10310,#10311,#10312,#10313,#10314,
#10315,#10316,#10317,#10318,#10319,#10320,#10321,#10322,#10323,#10324,#10325,
#10326,#10327,#10328,#10329,#10330,#10331,#10332,#10333,#10334,#10335,#10336,
#10337,#10338,#10339,#10340,#10341,#10342,#10343,#10344,#10345,#10346,#10347,
#10348,#10349,#10350,#10351,#10352,#10353,#10354,#10355,#10356,#10357,#10358,
#10359,#10360,#10361,#10362,#10363,#10364,#10365,#10366,#10367,#10368,#10369,
#10370,#10371,#10372,#10373,#10374,#10375,#10376,#10377,#10378,#10379,#10380,
#10381,#10382,#10383,#10384,#10385,#10386,#10387,#10388,#10389,#10390,#10391,
#10392,#10393,#10394,#10395,#10396,#10397,#10398,#10399,#10400,#10401,#10402,
#10403,#10404,#10405,#10406,#10407,#10408,#10409,#10410,#10411,#10412,#10413,
#10414,#10415,#10416,#10417,#10418,#10419,#10420,#10421,#10422,#10423,#10424,
#10425,#10426,#10427,#10428,#10429,#10430,#10431,#10432,#10433,#10434,#10435,
#10436,#10437,#10438,#10439,#10440,#10441,#10442,#10443,#10444,#10445,#10446,
#10447,#10448,#10449,#10450,#10451,#10452,#10453,#10454,#10455,#10456,#10457,
#10458,#10459,#10460,#10461,#10462,#10463),(#10464,#10465,#10466,#10467,
#10468,#10469,#10470,#10471,#10472,#10473,#10474,#10475,#10476,#10477,#10478,
#10479,#10480,#10481,#10482,#10483,#10484,#10485,#10486,#10487,#10488,#10489,
#10490,#10491,#10492,#10493,#10494,#10495,#10496,#10497,#10498,#10499,#10500,
#10501,#10502,#10503,#10504,#10505,#10506,#10507,#10508,#10509,#10510,#10511,
#10512,#10513,#10514,#10515,#10516,#10517,#10518,#10519,#10520,#10521,#10522,
#10523,#10524,#10525,#10526,#10527,#10528,#10529,#10530,#10531,#10532,#10533,
#10534,#10535,#10536,#10537,#10538,#10539,#10540,#10541,#10542,#10543,#10544,
#10545,#10546,#10547,#10548,#10549,#10550,#10551,#10552,#10553,#10554,#10555,
#10556,#10557,#10558,#10559,#10560,#10561,#10562,#10563,#10564,#10565,#10566,
#10567,#10568,#10569,#10570,#10571,#10572,#10573,#10574,#10575,#10576,#10577,
#10578,#10579,#10580,#10581,#10582,#10583,#10584,#10585,#10586,#10587,#10588,
#10589,#10590,#10591,#10592,#10593,#10594,#10595,#10596,#10597,#10598,#10599,
#10600,#10601,#10602,#10603,#10604,#10605,#10606,#10607,#10608,#10609,#10610,
#10611,#10612,#10613,#10614,#10615,#10616,#10617,#10618,#10619,#10620,#10621,
#10622,#10623,#10624,#10625,#10626,#10627,#10628,#10629,#10630,#10631,#10632,
#10633,#10634,#10635,#10636,#10637,#10638,#10639,#10640,#10641,#10642,#10643,
#10644,#10645,#10646,#10647,#10648,#10649,#10650,#10651,#10652,#10653,#10654,
#10655,#10656,#10657,#10658,#10659,#10660,#10661,#10662,#10663,#10664,#10665,
#10666,#10667,#10668,#10669,#10670,#10671,#10672,#10673,#10674,#10675,#10676,
#10677),(#10678,#10679,#10680,#10681,#10682,#10683,#10684,#10685,#10686,
#10687,#10688,#10689,#10690,#10691,#10692,#10693,#10694,#10695,#10696,#10697,
#10698,#10699,#10700,#10701,#10702,#10703,#10704,#10705,#10706,#10707,#10708,
#10709,#10710,#10711,#10712,#10713,#10714,#10715,#10716,#10717,#10718,#10719,
#10720,#10721,#10722,#10723,#10724,#10725,#10726,#10727,#10728,#10729,#10730,
#10731,#10732,#10733,#10734,#10735,#10736,#10737,#10738,#10739,#10740,#10741,
#10742,#10743,#10744,#10745,#10746,#10747,#10748,#10749,#10750,#10751,#10752,
#10753,#10754,#10755,#10756,#10757,#10758,#10759,#10760,#10761,#10762,#10763,
#10764,#10765,#10766,#10767,#10768,#10769,#10770,#10771,#10772,#10773,#10774,
#10775,#10776,#10777,#10778,#10779,#10780,#10781,#10782,#10783,#10784,#10785,
#10786,#10787,#10788,#10789,#10790,#10791,#10792,#10793,#10794,#10795,#10796,
#10797,#10798,#10799,#10800,#10801,#10802,#10803,#10804,#10805,#10806,#10807,
#10808,#10809,#10810,#10811,#10812,#10813,#10814,#10815,#10816,#10817,#10818,
#10819,#10820,#10821,#10822,#10823,#10824,#10825,#10826,#10827,#10828,#10829,
#10830,#10831,#10832,#10833,#10834,#10835,#10836,#10837,#10838,#10839,#10840,
#10841,#10842,#10843,#10844,#10845,#10846,#10847,#10848,#10849,#10850,#10851,
#10852,#10853,#10854,#10855,#10856,#10857,#10858,#10859,#10860,#10861,#10862,
#10863,#10864,#10865,#10866,#10867,#10868,#10869,#10870,#10871,#10872,#10873,
#10874,#10875,#10876,#10877,#10878,#10879,#10880,#10881,#10882,#10883,#10884,
#10885,#10886,#10887,#10888,#10889,#10890,#10891)),.UNSPECIFIED.,.F.,.F.,
 .F.,(4,4),(4,1,1,1,1,1,1,1,1,1,1,1,1,1,1,1,1,1,1,1,1,1,1,1,1,1,1,1,1,1,
1,1,1,1,1,1,1,1,1,1,1,1,1,1,1,1,1,1,1,1,1,1,1,1,1,1,1,1,1,1,1,1,1,1,1,1,
1,1,1,1,1,1,1,1,1,1,1,1,1,1,1,1,1,1,1,1,1,1,1,1,1,1,1,1,1,1,1,1,1,1,1,1,
1,1,1,1,1,1,1,1,1,1,1,1,1,1,1,1,1,1,1,1,1,1,1,1,1,1,1,1,1,1,1,1,1,1,1,1,
1,1,1,1,1,1,1,1,1,1,1,1,1,1,1,1,1,1,1,1,1,1,1,1,1,1,1,1,1,1,1,1,1,1,1,1,
1,1,1,1,1,1,1,1,1,1,1,1,1,1,1,1,1,1,1,1,1,1,1,1,1,1,1,1,1,1,1,1,1,1,1,1,
1,4),(0.,0.0965329650085056),(14.3996093265479,14.8984015546367,15.3971937827254,
15.8959860108142,16.3947782389029,16.8935704669917,17.3923626950804,17.8911549231692,
18.3899471512579,18.8887393793467,19.3875316074354,19.8863238355242,20.3851160636129,
20.8839082917017,21.3827005197904,21.8814927478792,22.380284975968,22.8790772040567,
23.3778694321455,23.8766616602342,24.375453888323,24.8742461164117,25.3730383445005,
25.8718305725892,26.370622800678,26.8694150287667,27.3682072568555,27.8669994849442,
28.365791713033,28.8645839411217,29.3633761692105,29.8621683972992,30.360960625388,
30.8597528534767,31.3585450815655,31.8573373096542,32.356129537743,32.8549217658317,
33.3537139939205,33.8525062220092,34.351298450098,34.8500906781867,35.3488829062755,
35.8476751343642,36.346467362453,36.8452595905417,37.3440518186305,37.8428440467193,
38.341636274808,38.8404285028968,39.3392207309855,39.8380129590743,40.336805187163,
40.8355974152518,41.3343896433405,41.8331818714293,42.331974099518,42.8307663276068,
43.3295585556955,43.8283507837843,44.327143011873,44.8259352399618,45.3247274680505,
45.8235196961393,46.322311924228,46.8211041523168,47.3198963804055,47.8186886084943,
48.317480836583,48.8162730646718,49.3150652927605,49.8138575208493,50.312649748938,
50.8114419770268,51.3102342051155,51.8090264332043,52.307818661293,52.8066108893818,
53.3054031174705,53.8041953455593,54.302987573648,54.8017798017368,55.3005720298256,
55.7993642579143,56.2981564860031,56.7969487140918,57.2957409421806,57.7945331702693,
58.2933253983581,58.7921176264468,59.2909098545356,59.7897020826243,60.2884943107131,
60.7872865388018,61.2860787668906,61.7848709949793,62.2836632230681,62.7824554511568,
63.2812476792456,63.7800399073343,64.2788321354231,64.7776243635118,65.2764165916006,
65.7752088196893,66.2740010477781,67.2715855039556,68.2691699601331,69.2667544163106,
69.7655466443994,70.2643388724881,70.7631311005769,71.2619233286656,71.7607155567543,
72.2595077848431,72.7583000129319,73.2570922410206,73.7558844691094,74.2546766971981,
74.7534689252869,75.2522611533756,75.7510533814644,76.2498456095531,76.7486378376419,
77.2474300657306,77.7462222938194,78.2450145219081,78.7438067499969,79.2425989780856,
79.7413912061744,80.2401834342631,80.7389756623519,81.2377678904406,81.7365601185294,
82.2353523466181,82.7341445747069,83.2329368027956,83.7317290308844,84.2305212589732,
84.7293134870619,85.2281057151506,85.7268979432394,86.2256901713282,86.7244823994169,
87.2232746275057,87.7220668555944,88.2208590836832,88.7196513117719,89.2184435398607,
89.7172357679494,90.2160279960382,90.7148202241269,91.2136124522157,91.7124046803044,
92.2111969083932,92.7099891364819,93.2087813645707,93.7075735926594,94.2063658207482,
94.7051580488369,95.2039502769257,95.7027425050144,96.2015347331032,96.7003269611919,
97.1991191892807,97.6979114173695,98.1967036454582,98.6954958735469,99.1942881016357,
99.6930803297244,100.191872557813,100.690664785902,101.189457013991,101.688249242079,
102.187041470168,102.685833698257,103.184625926346,103.683418154434,104.182210382523,
104.681002610612,105.179794838701,105.678587066789,106.177379294878,106.676171522967,
107.174963751056,107.673755979144,108.172548207233,108.671340435322,109.170132663411,
109.668924891499,110.167717119588,110.666509347677,111.165301575766,111.664093803854,
112.162886031943,112.661678260032,113.160470488121,113.659262716209,114.158054944298,
114.656847172387,115.155639400476,115.654431628565,116.153223856653,116.652016084742,
117.150808312831,117.649600540919,118.148392769008,118.647184997097,119.145977225186,
119.644769453275,120.143561681363,120.642353909452,121.141146137541),
 .UNSPECIFIED.);
#31=B_SPLINE_CURVE_WITH_KNOTS('',3,(#2935,#2936,#2937,#2938,#2939,#2940,
#2941),.UNSPECIFIED.,.F.,.F.,(4,3,4),(-35.9039165760362,-35.4328458331978,
-35.272156138996),.UNSPECIFIED.);
#32=B_SPLINE_CURVE_WITH_KNOTS('',3,(#2947,#2948,#2949,#2950,#2951,#2952,
#2953,#2954,#2955,#2956,#2957,#2958,#2959,#2960,#2961,#2962,#2963,#2964,
#2965,#2966,#2967,#2968,#2969,#2970,#2971,#2972,#2973,#2974,#2975,#2976,
#2977,#2978,#2979,#2980),.UNSPECIFIED.,.F.,.F.,(4,3,3,3,3,3,3,3,3,3,3,4),
(32.725489676875,32.937574999874,33.4366291665388,33.9356833332036,34.4347374998683,
34.9337916665331,35.4328458331978,35.9318999998626,36.4309541665273,36.9300083331921,
37.4290624998569,37.9281166665216),.UNSPECIFIED.);
#33=B_SPLINE_CURVE_WITH_KNOTS('',3,(#2982,#2983,#2984,#2985,#2986,#2987,
#2988,#2989,#2990,#2991,#2992,#2993,#2994,#2995,#2996,#2997,#2998,#2999,
#3000,#3001,#3002,#3003,#3004,#3005,#3006,#3007,#3008,#3009,#3010,#3011,
#3012,#3013,#3014,#3015,#3016,#3017,#3018,#3019,#3020,#3021),
 .UNSPECIFIED.,.F.,.F.,(4,3,3,3,3,3,3,3,3,3,3,3,3,4),(-35.272156138996,
-34.9337916665331,-34.4347374998683,-33.9356833332035,-33.4366291665388,
-32.937574999874,-32.4385208332093,-31.9394666665445,-31.4404124998798,
-30.941358333215,-30.4423041665502,-29.9432499998855,-29.4441958332207,
-28.9889708318164),.UNSPECIFIED.);
#34=B_SPLINE_CURVE_WITH_KNOTS('',3,(#3026,#3027,#3028,#3029,#3030,#3031,
#3032,#3033,#3034,#3035,#3036,#3037,#3038,#3039,#3040,#3041,#3042,#3043,
#3044,#3045,#3046,#3047,#3048,#3049,#3050,#3051,#3052,#3053,#3054,#3055,
#3056,#3057,#3058,#3059,#3060,#3061,#3062,#3063,#3064,#3065,#3066,#3067,
#3068),.UNSPECIFIED.,.F.,.F.,(4,3,3,3,3,3,3,3,3,3,3,3,3,3,4),(26.4423043696954,
26.4498708332322,26.9489249998969,27.4479791665617,27.9470333332265,28.4460874998912,
28.945141666556,29.4441958332207,29.9432499998855,30.4423041665502,30.941358333215,
31.4404124998798,31.9394666665445,32.4385208332093,32.725489676875),
 .UNSPECIFIED.);
#35=B_SPLINE_CURVE_WITH_KNOTS('',3,(#3069,#3070,#3071,#3072,#3073,#3074,
#3075,#3076,#3077,#3078,#3079,#3080,#3081,#3082,#3083,#3084,#3085,#3086,
#3087,#3088,#3089,#3090,#3091,#3092,#3093,#3094,#3095,#3096,#3097,#3098,
#3099,#3100,#3101,#3102,#3103,#3104,#3105,#3106,#3107,#3108,#3109,#3110,
#3111),.UNSPECIFIED.,.F.,.F.,(4,3,3,3,3,3,3,3,3,3,3,3,3,3,4),(-28.9889708318164,
-28.945141666556,-28.4460874998912,-27.9470333332264,-27.4479791665617,
-26.9489249998969,-26.4498708332322,-25.9508166665674,-25.4517624999027,
-24.9527083332379,-24.4536541665732,-23.9545999999084,-23.4555458332436,
-22.9564916665789,-22.7057855246369),.UNSPECIFIED.);
#36=B_SPLINE_CURVE_WITH_KNOTS('',3,(#3116,#3117,#3118,#3119,#3120,#3121,
#3122,#3123,#3124,#3125,#3126,#3127,#3128,#3129,#3130,#3131,#3132,#3133,
#3134,#3135,#3136,#3137,#3138,#3139,#3140,#3141,#3142,#3143,#3144,#3145,
#3146,#3147,#3148,#3149,#3150,#3151,#3152,#3153,#3154,#3155),
 .UNSPECIFIED.,.F.,.F.,(4,3,3,3,3,3,3,3,3,3,3,3,3,4),(20.1591190625159,
20.4612208332551,20.9602749999198,21.4593291665846,21.9583833332494,22.4574374999141,
22.9564916665789,23.4555458332436,23.9545999999084,24.4536541665732,24.9527083332379,
25.4517624999027,25.9508166665674,26.4423043696954),.UNSPECIFIED.);
#37=B_SPLINE_CURVE_WITH_KNOTS('',3,(#3156,#3157,#3158,#3159,#3160,#3161,
#3162,#3163,#3164,#3165,#3166,#3167,#3168,#3169,#3170,#3171,#3172,#3173,
#3174,#3175,#3176,#3177,#3178,#3179,#3180,#3181,#3182,#3183,#3184,#3185,
#3186,#3187,#3188,#3189,#3190,#3191,#3192,#3193,#3194,#3195,#3196,#3197,
#3198),.UNSPECIFIED.,.F.,.F.,(4,3,3,3,3,3,3,3,3,3,3,3,3,3,4),(-22.7057855246369,
-22.4574374999141,-21.9583833332494,-21.4593291665846,-20.9602749999198,
-20.4612208332551,-19.9621666665903,-19.4631124999256,-18.9640583332608,
-18.4650041665961,-17.9659499999313,-17.4668958332665,-16.9678416666018,
-16.468787499937,-16.4226002174572),.UNSPECIFIED.);
#38=B_SPLINE_CURVE_WITH_KNOTS('',3,(#3203,#3204,#3205,#3206,#3207,#3208,
#3209,#3210,#3211,#3212,#3213,#3214,#3215,#3216,#3217,#3218,#3219,#3220,
#3221,#3222,#3223,#3224,#3225,#3226,#3227,#3228,#3229,#3230,#3231,#3232,
#3233,#3234,#3235,#3236,#3237,#3238,#3239,#3240,#3241,#3242,#3243,#3244,
#3245),.UNSPECIFIED.,.F.,.F.,(4,3,3,3,3,3,3,3,3,3,3,3,3,3,4),(13.8759337553363,
13.9735166666132,14.472570833278,14.9716249999427,15.4706791666075,15.9697333332723,
16.468787499937,16.9678416666018,17.4668958332665,17.9659499999313,18.465004166596,
18.9640583332608,19.4631124999256,19.9621666665903,20.1591190625159),
 .UNSPECIFIED.);
#39=B_SPLINE_CURVE_WITH_KNOTS('',3,(#3246,#3247,#3248,#3249,#3250,#3251,
#3252,#3253,#3254,#3255,#3256,#3257,#3258,#3259,#3260,#3261,#3262,#3263,
#3264,#3265,#3266,#3267,#3268,#3269,#3270,#3271,#3272,#3273,#3274,#3275,
#3276,#3277,#3278,#3279,#3280,#3281,#3282,#3283,#3284,#3285),
 .UNSPECIFIED.,.F.,.F.,(4,3,3,3,3,3,3,3,3,3,3,3,3,4),(-16.4226002174572,
-15.9697333332723,-15.4706791666075,-14.9716249999427,-14.472570833278,
-13.9735166666132,-13.4744624999485,-12.9754083332837,-12.476354166619,
-11.9772999999542,-11.4782458332894,-10.9791916666247,-10.4801374999599,
-10.1394149102777),.UNSPECIFIED.);
#40=B_SPLINE_CURVE_WITH_KNOTS('',3,(#3291,#3292,#3293,#3294,#3295,#3296,
#3297,#3298,#3299,#3300,#3301,#3302,#3303,#3304,#3305,#3306,#3307,#3308,
#3309,#3310,#3311,#3312,#3313,#3314,#3315),.UNSPECIFIED.,.F.,.F.,(4,3,3,
3,3,3,3,3,4),(-3.85622960309808,-3.49337916665331,-2.99432499998855,-2.49527083332379,
-1.99621666665903,-1.49716249999427,-0.998108333329519,-0.49905416666476,
0.),.UNSPECIFIED.);
#41=B_SPLINE_CURVE_WITH_KNOTS('',3,(#3318,#3319,#3320,#3321,#3322,#3323,
#3324,#3325,#3326,#3327,#3328,#3329,#3330,#3331,#3332,#3333,#3334,#3335,
#3336,#3337,#3338,#3339,#3340,#3341,#3342,#3343,#3344,#3345,#3346,#3347,
#3348,#3349,#3350,#3351,#3352,#3353,#3354),.UNSPECIFIED.,.F.,.F.,(4,3,3,
3,3,3,3,3,3,3,3,3,4),(2.02420009048539,2.49527083332379,2.99432499998855,
3.49337916665331,3.99243333331806,4.49148749998282,4.99054166664758,5.48959583331234,
5.9886499999771,6.48770416664185,6.98675833330661,7.48581249997137,7.59274844815668),
 .UNSPECIFIED.);
#42=B_SPLINE_CURVE_WITH_KNOTS('',3,(#3360,#3361,#3362,#3363,#3364,#3365,
#3366,#3367,#3368),.UNSPECIFIED.,.F.,.F.,(4,1,1,1,1,1,4),(47.1238898038469,
47.2845794980487,47.7836336647135,48.2826878313782,48.781741998043,49.2807961647078,
49.7798503313725),.UNSPECIFIED.);
#43=B_SPLINE_CURVE_WITH_KNOTS('',3,(#3371,#3372,#3373,#3374,#3375,#3376,
#3377,#3378,#3379,#3380),.UNSPECIFIED.,.F.,.F.,(4,1,1,1,1,1,1,4),(47.1238898038469,
47.3359751268459,47.8350292935107,48.3340834601754,48.8331376268402,49.3321917935049,
49.8312459601697,50.3023167030081),.UNSPECIFIED.);
#44=B_SPLINE_CURVE_WITH_KNOTS('',3,(#3385,#3386,#3387,#3388,#3389,#3390,
#3391,#3392,#3393,#3394,#3395,#3396,#3397,#3398,#3399,#3400),
 .UNSPECIFIED.,.F.,.F.,(4,1,1,1,1,1,1,1,1,1,1,1,1,4),(40.8407044966673,
41.2959294980716,41.7949836647364,42.2940378314011,42.7930919980659,43.2921461647307,
43.7912003313954,44.2902544980602,44.7893086647249,45.2883628313897,45.7874169980544,
46.2864711647192,46.785525331384,47.1238898038469),.UNSPECIFIED.);
#45=B_SPLINE_CURVE_WITH_KNOTS('',3,(#3401,#3402,#3403,#3404,#3405,#3406,
#3407,#3408,#3409,#3410,#3411,#3412,#3413,#3414,#3415,#3416,#3417),
 .UNSPECIFIED.,.F.,.F.,(4,1,1,1,1,1,1,1,1,1,1,1,1,1,4),(40.8407044966673,
40.848270960204,41.3473251268688,41.8463792935336,42.3454334601983,42.8444876268631,
43.3435417935278,43.8425959601926,44.3416501268573,44.8407042935221,45.3397584601869,
45.8388126268516,46.3378667935164,46.8369209601811,47.1238898038469),
 .UNSPECIFIED.);
#46=B_SPLINE_CURVE_WITH_KNOTS('',3,(#3422,#3423,#3424,#3425,#3426,#3427,
#3428,#3429,#3430,#3431,#3432,#3433,#3434,#3435,#3436,#3437,#3438),
 .UNSPECIFIED.,.F.,.F.,(4,1,1,1,1,1,1,1,1,1,1,1,1,1,4),(34.5575191894877,
34.8082253314298,35.3072794980945,35.8063336647593,36.305387831424,36.8044419980888,
37.3034961647536,37.8025503314183,38.3016044980831,38.8006586647478,39.2997128314126,
39.7987669980773,40.2978211647421,40.7968753314069,40.8407044966673),
 .UNSPECIFIED.);
#47=B_SPLINE_CURVE_WITH_KNOTS('',3,(#3439,#3440,#3441,#3442,#3443,#3444,
#3445,#3446,#3447,#3448,#3449,#3450,#3451,#3452,#3453,#3454),
 .UNSPECIFIED.,.F.,.F.,(4,1,1,1,1,1,1,1,1,1,1,1,1,4),(34.5575191894877,
34.8596209602269,35.3586751268917,35.8577292935565,36.3567834602212,36.855837626886,
37.3548917935507,37.8539459602155,38.3530001268802,38.852054293545,39.3511084602098,
39.8501626268745,40.3492167935393,40.8407044966673),.UNSPECIFIED.);
#48=B_SPLINE_CURVE_WITH_KNOTS('',3,(#3459,#3460,#3461,#3462,#3463,#3464,
#3465,#3466,#3467,#3468,#3469,#3470,#3471,#3472,#3473,#3474,#3475),
 .UNSPECIFIED.,.F.,.F.,(4,1,1,1,1,1,1,1,1,1,1,1,1,1,4),(28.2743338823081,
28.3205211647879,28.8195753314527,29.3186294981174,29.8176836647822,30.3167378314469,
30.8157919981117,31.3148461647765,31.8139003314412,32.312954498106,32.8120086647707,
33.3110628314355,33.8101169981002,34.309171164765,34.5575191894877),
 .UNSPECIFIED.);
#49=B_SPLINE_CURVE_WITH_KNOTS('',3,(#3476,#3477,#3478,#3479,#3480,#3481,
#3482,#3483,#3484,#3485,#3486,#3487,#3488,#3489,#3490,#3491,#3492),
 .UNSPECIFIED.,.F.,.F.,(4,1,1,1,1,1,1,1,1,1,1,1,1,1,4),(28.2743338823081,
28.3719167935851,28.8709709602498,29.3700251269146,29.8690792935794,30.3681334602441,
30.8671876269089,31.3662417935736,31.8652959602384,32.3643501269031,32.8634042935679,
33.3624584602327,33.8615126268974,34.3605667935622,34.5575191894877),
 .UNSPECIFIED.);
#50=B_SPLINE_CURVE_WITH_KNOTS('',3,(#3497,#3498,#3499,#3500,#3501,#3502,
#3503,#3504,#3505,#3506,#3507,#3508,#3509,#3510,#3511,#3512),
 .UNSPECIFIED.,.F.,.F.,(4,1,1,1,1,1,1,1,1,1,1,1,1,4),(21.9911485751285,
22.3318711648108,22.8309253314756,23.3299794981403,23.8290336648051,24.3280878314698,
24.8271419981346,25.3261961647994,25.8252503314641,26.3243044981289,26.8233586647936,
27.3224128314584,27.8214669981231,28.2743338823081),.UNSPECIFIED.);
#51=B_SPLINE_CURVE_WITH_KNOTS('',3,(#3513,#3514,#3515,#3516,#3517,#3518,
#3519,#3520,#3521,#3522,#3523,#3524,#3525,#3526,#3527,#3528),
 .UNSPECIFIED.,.F.,.F.,(4,1,1,1,1,1,1,1,1,1,1,1,1,4),(21.9911485751285,
22.383266793608,22.8823209602727,23.3813751269375,23.8804292936023,24.379483460267,
24.8785376269318,25.3775917935965,25.8766459602613,26.375700126926,26.8747542935908,
27.3738084602556,27.8728626269203,28.2743338823081),.UNSPECIFIED.);
#52=B_SPLINE_CURVE_WITH_KNOTS('',3,(#3534,#3535,#3536,#3537,#3538,#3539),
 .UNSPECIFIED.,.F.,.F.,(4,1,1,4),(14.3984001269719,14.8974542936366,15.3965084603014,
15.707963267949),.UNSPECIFIED.);
#53=B_SPLINE_CURVE_WITH_KNOTS('',3,(#3542,#3543,#3544,#3545,#3546,#3547,
#3548),.UNSPECIFIED.,.F.,.F.,(4,1,1,1,4),(13.8759337553363,14.3470044981747,
14.8460586648394,15.3451128315042,15.707963267949),.UNSPECIFIED.);
#54=B_SPLINE_CURVE_WITH_KNOTS('',3,(#3550,#3551,#3552,#3553,#3554,#3555,
#3556,#3557,#3558,#3559,#3560,#3561,#3562,#3563,#3564,#3565,#3566),
 .UNSPECIFIED.,.F.,.F.,(4,1,1,1,1,1,1,1,1,1,1,1,1,1,4),(15.707963267949,
15.8441669981689,16.3432211648337,16.8422753314985,17.3413294981632,17.840383664828,
18.3394378314927,18.8384919981575,19.3375461648223,19.836600331487,20.3356544981518,
20.8347086648165,21.3337628314813,21.832816998146,21.9911485751285),
 .UNSPECIFIED.);
#55=B_SPLINE_CURVE_WITH_KNOTS('',3,(#3567,#3568,#3569,#3570,#3571,#3572,
#3573,#3574,#3575,#3576,#3577,#3578,#3579,#3580,#3581,#3582,#3583),
 .UNSPECIFIED.,.F.,.F.,(4,1,1,1,1,1,1,1,1,1,1,1,1,1,4),(15.707963267949,
15.8955626269661,16.3946167936309,16.8936709602956,17.3927251269604,17.8917792936252,
18.3908334602899,18.8898876269547,19.3889417936194,19.8879959602842,20.3870501269489,
20.8861042936137,21.3851584602785,21.8842126269432,21.9911485751285),
 .UNSPECIFIED.);
#56=B_SPLINE_CURVE_WITH_KNOTS('',3,(#3900,#3901,#3902,#3903,#3904,#3905,
#3906,#3907,#3908,#3909,#3910,#3911,#3912,#3913,#3914,#3915,#3916,#3917,
#3918,#3919,#3920,#3921,#3922,#3923,#3924,#3925,#3926,#3927,#3928,#3929,
#3930,#3931,#3932,#3933,#3934,#3935,#3936,#3937,#3938,#3939,#3940,#3941,
#3942,#3943,#3944,#3945,#3946,#3947,#3948,#3949,#3950,#3951,#3952,#3953,
#3954,#3955,#3956,#3957,#3958,#3959,#3960,#3961,#3962,#3963,#3964,#3965,
#3966,#3967,#3968,#3969,#3970,#3971,#3972,#3973,#3974,#3975,#3976,#3977,
#3978,#3979,#3980,#3981,#3982,#3983,#3984,#3985,#3986,#3987,#3988,#3989,
#3990,#3991,#3992,#3993,#3994,#3995,#3996,#3997,#3998,#3999,#4000,#4001,
#4002,#4003,#4004,#4005,#4006,#4007,#4008,#4009,#4010,#4011),
 .UNSPECIFIED.,.F.,.F.,(4,3,3,3,3,3,3,3,3,3,3,3,3,3,3,3,3,3,3,3,3,3,3,3,
3,3,3,3,3,3,3,3,3,3,3,3,3,4),(0.,0.0505732768208689,0.101549561996835,0.15218724991249,
0.202218085862541,0.226931981802918,0.234213713712942,0.240490182809429,
0.290109598577276,0.301073669624047,0.35087884027649,0.400586701803529,
0.448074226461535,0.461628818962773,0.467789095427441,0.516353270377127,
0.564511515458563,0.590536800435556,0.639044357590653,0.667684207266316,
0.679305046952519,0.685835507814971,0.733241392780364,0.780521949009378,
0.826985208363003,0.868163154995952,0.884740617027462,0.892943654557749,
0.899750996416472,0.946228055679512,0.99302167863466,1.01056928724284,1.02248913939772,
1.03022267110461,1.07574666134189,1.12056405357182,1.1334025475001,1.14791015664663),
 .UNSPECIFIED.);
#57=B_SPLINE_CURVE_WITH_KNOTS('',3,(#4012,#4013,#4014,#4015,#4016,#4017,
#4018,#4019,#4020,#4021,#4022,#4023,#4024,#4025,#4026,#4027,#4028,#4029,
#4030,#4031,#4032,#4033,#4034,#4035,#4036,#4037,#4038,#4039,#4040,#4041,
#4042,#4043,#4044,#4045,#4046,#4047,#4048,#4049,#4050,#4051,#4052,#4053,
#4054,#4055,#4056,#4057,#4058,#4059,#4060,#4061,#4062,#4063,#4064,#4065,
#4066,#4067,#4068,#4069,#4070,#4071,#4072,#4073,#4074,#4075,#4076,#4077,
#4078,#4079,#4080,#4081,#4082,#4083,#4084,#4085,#4086,#4087,#4088,#4089,
#4090,#4091,#4092,#4093,#4094,#4095,#4096,#4097,#4098,#4099,#4100,#4101,
#4102,#4103,#4104,#4105,#4106,#4107,#4108,#4109,#4110,#4111,#4112,#4113,
#4114,#4115,#4116,#4117,#4118,#4119,#4120,#4121,#4122,#4123),
 .UNSPECIFIED.,.F.,.F.,(4,3,3,3,3,3,3,3,3,3,3,3,3,3,3,3,3,3,3,3,3,3,3,3,
3,3,3,3,3,3,3,3,3,3,3,3,3,4),(0.,0.0442988309016625,0.0893834921451143,
0.135129051830238,0.180804768334117,0.193960916340508,0.202064919219602,
0.207286684507131,0.25399963421018,0.264112093793643,0.31033943798593,0.357107850483677,
0.402856701976283,0.412678402131978,0.418071496439759,0.465701174221239,
0.513864045620214,0.5401032564541,0.588021907648683,0.6179905086118,0.627331551074889,
0.635634065504422,0.684368542141318,0.733575815617978,0.782848052216247,
0.827770715353619,0.846447951738315,0.855818256900239,0.86261535501003,
0.912142243425966,0.962263912084803,0.982806735262797,0.998000932916037,
1.00635468581313,1.05727399007468,1.10829256940837,1.12660649750876,1.14369947197754),
 .UNSPECIFIED.);
#58=B_SPLINE_CURVE_WITH_KNOTS('',3,(#4124,#4125,#4126,#4127,#4128,#4129,
#4130,#4131,#4132,#4133,#4134,#4135,#4136,#4137,#4138,#4139,#4140,#4141,
#4142,#4143,#4144,#4145,#4146,#4147,#4148,#4149,#4150,#4151,#4152,#4153,
#4154,#4155,#4156,#4157,#4158,#4159,#4160,#4161,#4162,#4163,#4164,#4165,
#4166),.UNSPECIFIED.,.F.,.F.,(4,3,3,3,3,3,3,3,3,3,3,3,3,3,4),(-10.1394149102777,
-9.98108333329516,-9.48202916663041,-8.98297499996565,-8.48392083330089,
-7.98486666663613,-7.48581249997137,-6.98675833330661,-6.48770416664185,
-5.9886499999771,-5.48959583331234,-4.99054166664758,-4.49148749998283,
-3.99243333331807,-3.85622960309808),.UNSPECIFIED.);
#59=B_SPLINE_CURVE_WITH_KNOTS('',3,(#4483,#4484,#4485,#4486,#4487,#4488,
#4489,#4490,#4491,#4492,#4493,#4494,#4495,#4496,#4497,#4498,#4499,#4500,
#4501,#4502,#4503,#4504,#4505,#4506,#4507,#4508,#4509,#4510,#4511,#4512,
#4513,#4514,#4515,#4516,#4517,#4518,#4519,#4520,#4521,#4522,#4523,#4524,
#4525,#4526,#4527,#4528,#4529,#4530,#4531,#4532,#4533,#4534,#4535,#4536,
#4537,#4538,#4539,#4540,#4541,#4542,#4543,#4544,#4545,#4546,#4547,#4548,
#4549,#4550,#4551,#4552,#4553,#4554,#4555,#4556,#4557,#4558,#4559,#4560,
#4561,#4562,#4563,#4564,#4565,#4566,#4567,#4568,#4569,#4570,#4571,#4572,
#4573,#4574,#4575,#4576,#4577,#4578,#4579,#4580,#4581,#4582,#4583,#4584,
#4585,#4586,#4587,#4588,#4589,#4590,#4591,#4592,#4593,#4594),
 .UNSPECIFIED.,.F.,.F.,(4,3,3,3,3,3,3,3,3,3,3,3,3,3,3,3,3,3,3,3,3,3,3,3,
3,3,3,3,3,3,3,3,3,3,3,3,3,4),(0.,0.0442988103055427,0.0893834551851806,
0.135129010690973,0.180804731103713,0.193960845187883,0.202064477359328,
0.207286109154992,0.253999045993108,0.264112093793635,0.310339452291368,
0.357107873287136,0.402856719078874,0.412678438618211,0.418071560829991,
0.465701251199966,0.513864125941473,0.540103256454089,0.588021904181342,
0.617990505577872,0.627331516651837,0.635634066927387,0.68436853826813,
0.733575808772032,0.782848045187921,0.827770715353582,0.846447951738275,
0.855818256806301,0.862615354975326,0.912142244033493,0.962263912746255,
0.982806735841557,0.998000933038705,1.00635468590017,1.05727399014073,1.10829256953724,
1.12660649750867,1.14369947197744),.UNSPECIFIED.);
#60=B_SPLINE_CURVE_WITH_KNOTS('',3,(#4595,#4596,#4597,#4598,#4599,#4600,
#4601,#4602,#4603,#4604,#4605,#4606,#4607,#4608,#4609,#4610,#4611,#4612,
#4613,#4614,#4615,#4616,#4617,#4618,#4619,#4620,#4621,#4622,#4623,#4624,
#4625,#4626,#4627,#4628,#4629,#4630,#4631,#4632,#4633,#4634),
 .UNSPECIFIED.,.F.,.F.,(4,3,3,3,3,3,3,3,3,3,3,3,3,4),(7.59274844815668,
7.98486666663613,8.48392083330089,8.98297499996564,9.4820291666304,9.98108333329516,
10.4801374999599,10.9791916666247,11.4782458332894,11.9772999999542,12.476354166619,
12.9754083332837,13.4744624999485,13.8759337553363),.UNSPECIFIED.);
#61=B_SPLINE_CURVE_WITH_KNOTS('',3,(#4635,#4636,#4637,#4638,#4639,#4640,
#4641,#4642,#4643,#4644,#4645,#4646,#4647,#4648,#4649,#4650,#4651,#4652,
#4653,#4654,#4655,#4656,#4657,#4658,#4659,#4660,#4661,#4662,#4663,#4664,
#4665,#4666,#4667,#4668,#4669,#4670,#4671,#4672,#4673,#4674,#4675,#4676,
#4677,#4678,#4679,#4680,#4681,#4682,#4683,#4684,#4685,#4686,#4687,#4688,
#4689,#4690,#4691,#4692,#4693,#4694,#4695,#4696,#4697,#4698,#4699,#4700,
#4701,#4702,#4703,#4704,#4705,#4706,#4707,#4708,#4709,#4710,#4711,#4712,
#4713,#4714,#4715,#4716,#4717,#4718,#4719,#4720,#4721,#4722,#4723,#4724,
#4725,#4726,#4727,#4728,#4729,#4730,#4731,#4732,#4733,#4734,#4735,#4736,
#4737,#4738,#4739,#4740,#4741,#4742,#4743,#4744,#4745,#4746),
 .UNSPECIFIED.,.F.,.F.,(4,3,3,3,3,3,3,3,3,3,3,3,3,3,3,3,3,3,3,3,3,3,3,3,
3,3,3,3,3,3,3,3,3,3,3,3,3,4),(0.,0.0505732639357467,0.101549545812543,0.152187242748963,
0.202218091079847,0.226931985715897,0.2342137285256,0.240490184994659,0.290109606566689,
0.301073669624049,0.350878843359886,0.40058670371158,0.448074227892576,
0.461628820822268,0.467789096006484,0.516353271254308,0.564511513835855,
0.590536800435563,0.639044357369425,0.667684207072741,0.67930504607957,
0.685835507890499,0.733241392536237,0.78052194845065,0.826985205757671,
0.868163154995951,0.88474061702746,0.892943654420047,0.899750996311215,
0.946228055148678,0.993021678236532,1.01056928689448,1.02248913895059,1.03022267106414,
1.07574666194878,1.12056405620879,1.1334025475001,1.14791015664663),
 .UNSPECIFIED.);
#62=B_SPLINE_CURVE_WITH_KNOTS('',3,(#4970,#4971,#4972,#4973),
 .UNSPECIFIED.,.F.,.F.,(4,4),(-104.71975511966,-104.385985318395),
 .UNSPECIFIED.);
#63=B_SPLINE_CURVE_WITH_KNOTS('',3,(#4979,#4980,#4981,#4982,#4983,#4984,
#4985,#4986,#4987,#4988,#4989,#4990,#4991,#4992,#4993,#4994,#4995,#4996,
#4997,#4998,#4999,#5000,#5001,#5002,#5003,#5004,#5005,#5006,#5007,#5008,
#5009),.UNSPECIFIED.,.F.,.F.,(4,3,3,3,3,3,3,3,3,3,4),(101.839318856274,
102.252406758194,102.751198986283,103.249991214372,103.74878344246,104.247575670549,
104.746367898638,105.245160126727,105.743952354815,106.242744582904,106.741536810993),
 .UNSPECIFIED.);
#64=B_SPLINE_CURVE_WITH_KNOTS('',3,(#5011,#5012,#5013,#5014,#5015,#5016,
#5017,#5018,#5019,#5020,#5021,#5022,#5023,#5024,#5025,#5026,#5027,#5028,
#5029,#5030,#5031,#5032,#5033,#5034,#5035,#5036,#5037,#5038,#5039,#5040,
#5041,#5042,#5043,#5044,#5045,#5046,#5047,#5048,#5049,#5050,#5051,#5052,
#5053),.UNSPECIFIED.,.F.,.F.,(4,3,3,3,3,3,3,3,3,3,3,3,3,3,4),(-104.385985318395,
-104.247575670549,-103.74878344246,-103.249991214372,-102.751198986283,
-102.252406758194,-101.753614530105,-101.254822302017,-100.756030073928,
-100.257237845839,-99.7584456177503,-99.2596533896616,-98.7608611615728,
-98.262068933484,-98.1028000112158),.UNSPECIFIED.);
#65=B_SPLINE_CURVE_WITH_KNOTS('',3,(#5058,#5059,#5060,#5061,#5062,#5063,
#5064,#5065,#5066,#5067,#5068,#5069,#5070,#5071,#5072,#5073,#5074,#5075,
#5076,#5077,#5078,#5079,#5080,#5081,#5082,#5083,#5084,#5085,#5086,#5087,
#5088,#5089,#5090,#5091,#5092,#5093,#5094,#5095,#5096,#5097,#5098,#5099,
#5100),.UNSPECIFIED.,.F.,.F.,(4,3,3,3,3,3,3,3,3,3,3,3,3,3,4),(95.5561335490947,
95.7681077930403,96.2669000211291,96.7656922492178,97.2644844773066,97.7632767053953,
98.2620689334841,98.7608611615728,99.2596533896616,99.7584456177503,100.257237845839,
100.756030073928,101.254822302017,101.753614530105,101.839318856274),
 .UNSPECIFIED.);
#66=B_SPLINE_CURVE_WITH_KNOTS('',3,(#5101,#5102,#5103,#5104,#5105,#5106,
#5107,#5108,#5109,#5110,#5111,#5112,#5113,#5114,#5115,#5116,#5117,#5118,
#5119,#5120,#5121,#5122,#5123,#5124,#5125,#5126,#5127,#5128,#5129,#5130,
#5131,#5132,#5133,#5134,#5135,#5136,#5137,#5138,#5139,#5140),
 .UNSPECIFIED.,.F.,.F.,(4,3,3,3,3,3,3,3,3,3,3,3,3,4),(-98.1028000112158,
-97.7632767053953,-97.2644844773066,-96.7656922492178,-96.266900021129,
-95.7681077930403,-95.2693155649515,-94.7705233368628,-94.271731108774,
-93.7729388806853,-93.2741466525965,-92.7753544245078,-92.276562196419,
-91.8196147040362),.UNSPECIFIED.);
#67=B_SPLINE_CURVE_WITH_KNOTS('',3,(#5145,#5146,#5147,#5148,#5149,#5150,
#5151,#5152,#5153,#5154,#5155,#5156,#5157,#5158,#5159,#5160,#5161,#5162,
#5163,#5164,#5165,#5166,#5167,#5168,#5169,#5170,#5171,#5172,#5173,#5174,
#5175,#5176,#5177,#5178,#5179,#5180,#5181,#5182,#5183,#5184,#5185,#5186,
#5187),.UNSPECIFIED.,.F.,.F.,(4,3,3,3,3,3,3,3,3,3,3,3,3,3,4),(89.2729482419151,
89.2838088278866,89.7826010559753,90.281393284064,90.7801855121528,91.2789777402416,
91.7777699683303,92.2765621964191,92.7753544245078,93.2741466525966,93.7729388806853,
94.271731108774,94.7705233368628,95.2693155649515,95.5561335490947),
 .UNSPECIFIED.);
#68=B_SPLINE_CURVE_WITH_KNOTS('',3,(#5188,#5189,#5190,#5191,#5192,#5193,
#5194,#5195,#5196,#5197,#5198,#5199,#5200,#5201,#5202,#5203,#5204,#5205,
#5206,#5207,#5208,#5209,#5210,#5211,#5212,#5213,#5214,#5215,#5216,#5217,
#5218,#5219,#5220,#5221,#5222,#5223,#5224,#5225,#5226,#5227,#5228,#5229,
#5230),.UNSPECIFIED.,.F.,.F.,(4,3,3,3,3,3,3,3,3,3,3,3,3,3,4),(-91.8196147040362,
-91.7777699683303,-91.2789777402415,-90.7801855121528,-90.281393284064,
-89.7826010559753,-89.2838088278865,-88.7850165997978,-88.286224371709,
-87.7874321436203,-87.2886399155315,-86.7898476874428,-86.291055459354,
-85.7922632312653,-85.5364293968566),.UNSPECIFIED.);
#69=B_SPLINE_CURVE_WITH_KNOTS('',3,(#5235,#5236,#5237,#5238,#5239,#5240,
#5241,#5242,#5243,#5244,#5245,#5246,#5247,#5248,#5249,#5250,#5251,#5252,
#5253,#5254,#5255,#5256,#5257,#5258,#5259,#5260,#5261,#5262,#5263,#5264,
#5265,#5266,#5267,#5268,#5269,#5270,#5271,#5272,#5273,#5274),
 .UNSPECIFIED.,.F.,.F.,(4,3,3,3,3,3,3,3,3,3,3,3,3,4),(82.9897629347356,
83.2983020908215,83.7970943189103,84.295886546999,84.7946787750878,85.2934710031765,
85.7922632312653,86.291055459354,86.7898476874428,87.2886399155315,87.7874321436203,
88.2862243717091,88.7850165997978,89.2729482419151),.UNSPECIFIED.);
#70=B_SPLINE_CURVE_WITH_KNOTS('',3,(#5275,#5276,#5277,#5278,#5279,#5280,
#5281,#5282,#5283,#5284,#5285,#5286,#5287,#5288,#5289,#5290,#5291,#5292,
#5293,#5294,#5295,#5296,#5297,#5298,#5299,#5300,#5301,#5302,#5303,#5304,
#5305,#5306,#5307,#5308,#5309,#5310,#5311,#5312,#5313,#5314,#5315,#5316,
#5317),.UNSPECIFIED.,.F.,.F.,(4,3,3,3,3,3,3,3,3,3,3,3,3,3,4),(-85.5364293968566,
-85.2934710031765,-84.7946787750878,-84.295886546999,-83.7970943189103,
-83.2983020908215,-82.7995098627328,-82.300717634644,-81.8019254065552,
-81.3031331784665,-80.8043409503777,-80.305548722289,-79.8067564942002,
-79.3079642661115,-79.253244089677),.UNSPECIFIED.);
#71=B_SPLINE_CURVE_WITH_KNOTS('',3,(#5322,#5323,#5324,#5325,#5326,#5327,
#5328,#5329,#5330,#5331,#5332,#5333,#5334,#5335,#5336,#5337,#5338,#5339,
#5340,#5341,#5342,#5343,#5344,#5345,#5346,#5347,#5348,#5349,#5350,#5351,
#5352,#5353,#5354,#5355,#5356,#5357,#5358,#5359,#5360,#5361,#5362,#5363,
#5364),.UNSPECIFIED.,.F.,.F.,(4,3,3,3,3,3,3,3,3,3,3,3,3,3,4),(76.7065776275559,
76.8140031256678,77.3127953537565,77.8115875818453,78.310379809934,78.8091720380228,
79.3079642661115,79.8067564942003,80.305548722289,80.8043409503778,81.3031331784665,
81.8019254065553,82.300717634644,82.7995098627328,82.9897629347356),
 .UNSPECIFIED.);
#72=B_SPLINE_CURVE_WITH_KNOTS('',3,(#5365,#5366,#5367,#5368,#5369,#5370,
#5371,#5372,#5373,#5374,#5375,#5376,#5377,#5378,#5379,#5380,#5381,#5382,
#5383,#5384,#5385,#5386,#5387,#5388,#5389,#5390,#5391,#5392,#5393,#5394,
#5395,#5396,#5397,#5398,#5399,#5400,#5401,#5402,#5403,#5404),
 .UNSPECIFIED.,.F.,.F.,(4,3,3,3,3,3,3,3,3,3,3,3,3,4),(-79.253244089677,
-78.8091720380227,-78.310379809934,-77.8115875818452,-77.3127953537565,
-76.8140031256677,-76.315210897579,-75.8164186694902,-75.3176264414015,
-74.8188342133127,-74.320041985224,-73.8212497571352,-73.3224575290465,
-72.9700587824974),.UNSPECIFIED.);
#73=B_SPLINE_CURVE_WITH_KNOTS('',3,(#5409,#5410,#5411,#5412,#5413,#5414,
#5415,#5416,#5417,#5418,#5419,#5420,#5421,#5422,#5423,#5424,#5425,#5426,
#5427,#5428,#5429,#5430,#5431,#5432,#5433,#5434,#5435,#5436,#5437,#5438,
#5439,#5440,#5441,#5442,#5443,#5444,#5445,#5446,#5447,#5448),
 .UNSPECIFIED.,.F.,.F.,(4,3,3,3,3,3,3,3,3,3,3,3,3,4),(70.4233923203764,
70.8284963886027,71.3272886166915,71.8260808447802,72.324873072869,72.8236653009577,
73.3224575290465,73.8212497571352,74.320041985224,74.8188342133128,75.3176264414015,
75.8164186694902,76.315210897579,76.7065776275559),.UNSPECIFIED.);
#74=B_SPLINE_CURVE_WITH_KNOTS('',3,(#5449,#5450,#5451,#5452,#5453,#5454,
#5455,#5456,#5457,#5458,#5459,#5460,#5461,#5462,#5463,#5464,#5465,#5466,
#5467,#5468,#5469,#5470,#5471,#5472,#5473,#5474,#5475,#5476,#5477,#5478,
#5479,#5480,#5481,#5482,#5483,#5484,#5485,#5486,#5487,#5488,#5489,#5490,
#5491),.UNSPECIFIED.,.F.,.F.,(4,3,3,3,3,3,3,3,3,3,3,3,3,3,4),(-72.9700587824974,
-72.8236653009577,-72.324873072869,-71.8260808447802,-71.3272886166915,
-70.8284963886027,-70.329704160514,-69.8309119324252,-69.3321197043365,
-68.8333274762477,-68.334535248159,-67.8357430200702,-67.3369507919815,
-66.8381585638927,-66.6868734753178),.UNSPECIFIED.);
#75=B_SPLINE_CURVE_WITH_KNOTS('',3,(#5496,#5497,#5498,#5499,#5500,#5501,
#5502,#5503,#5504,#5505,#5506,#5507,#5508,#5509,#5510,#5511,#5512,#5513,
#5514,#5515,#5516,#5517,#5518,#5519,#5520,#5521,#5522,#5523,#5524,#5525,
#5526,#5527,#5528,#5529,#5530,#5531,#5532,#5533,#5534,#5535,#5536,#5537,
#5538),.UNSPECIFIED.,.F.,.F.,(4,3,3,3,3,3,3,3,3,3,3,3,3,3,4),(64.1402070131968,
64.344197423449,64.8429896515377,65.3417818796265,65.8405741077152,66.339366335804,
66.8381585638927,67.3369507919815,67.8357430200702,68.334535248159,68.8333274762477,
69.3321197043365,69.8309119324252,70.329704160514,70.4233923203764),
 .UNSPECIFIED.);
#76=B_SPLINE_CURVE_WITH_KNOTS('',3,(#5539,#5540,#5541,#5542,#5543,#5544,
#5545,#5546,#5547,#5548,#5549,#5550,#5551,#5552,#5553,#5554,#5555,#5556,
#5557,#5558,#5559,#5560,#5561,#5562,#5563,#5564,#5565,#5566,#5567,#5568,
#5569,#5570,#5571,#5572,#5573,#5574,#5575,#5576,#5577,#5578),
 .UNSPECIFIED.,.F.,.F.,(4,3,3,3,3,3,3,3,3,3,3,3,3,4),(-66.6868734753178,
-66.3393663358039,-65.8405741077152,-65.3417818796264,-64.8429896515377,
-64.344197423449,-63.8454051953602,-63.3466129672714,-62.8478207391827,
-62.3490285110939,-61.8502362830052,-61.3514440549165,-60.8526518268277,
-60.4036881681382),.UNSPECIFIED.);
#77=B_SPLINE_CURVE_WITH_KNOTS('',3,(#5583,#5584,#5585,#5586,#5587,#5588,
#5589,#5590,#5591,#5592,#5593,#5594,#5595,#5596,#5597,#5598,#5599,#5600,
#5601,#5602,#5603,#5604,#5605,#5606,#5607,#5608,#5609,#5610,#5611,#5612,
#5613,#5614,#5615,#5616,#5617,#5618,#5619,#5620,#5621,#5622,#5623,#5624,
#5625),.UNSPECIFIED.,.F.,.F.,(4,3,3,3,3,3,3,3,3,3,3,3,3,3,4),(57.8570217060172,
57.8598984582952,58.358690686384,58.8574829144727,59.3562751425614,59.8550673706502,
60.3538595987389,60.8526518268277,61.3514440549165,61.8502362830052,62.3490285110939,
62.8478207391827,63.3466129672715,63.8454051953602,64.1402070131968),
 .UNSPECIFIED.);
#78=B_SPLINE_CURVE_WITH_KNOTS('',3,(#5626,#5627,#5628,#5629,#5630,#5631,
#5632,#5633,#5634,#5635,#5636,#5637,#5638,#5639,#5640,#5641,#5642,#5643,
#5644,#5645,#5646,#5647,#5648,#5649,#5650,#5651,#5652,#5653,#5654,#5655,
#5656,#5657,#5658,#5659,#5660,#5661,#5662,#5663,#5664,#5665),
 .UNSPECIFIED.,.F.,.F.,(4,3,3,3,3,3,3,3,3,3,3,3,3,4),(-60.4036881681382,
-60.3538595987389,-59.8550673706502,-59.3562751425614,-58.8574829144727,
-58.3586906863839,-57.8598984582952,-57.3611062302064,-56.8623140021177,
-56.3635217740289,-55.8647295459402,-55.3659373178514,-54.8671450897627,
-54.1205028609587),.UNSPECIFIED.);
#79=B_SPLINE_CURVE_WITH_KNOTS('',3,(#5670,#5671,#5672,#5673,#5674,#5675,
#5676,#5677,#5678,#5679,#5680,#5681,#5682,#5683,#5684,#5685,#5686,#5687,
#5688,#5689,#5690,#5691,#5692,#5693,#5694,#5695,#5696,#5697,#5698,#5699,
#5700),.UNSPECIFIED.,.F.,.F.,(4,3,3,3,3,3,3,3,3,3,4),(51.5738363988376,
51.8743917212302,52.8719761774077,53.8695606335852,54.8671450897627,55.3659373178514,
55.8647295459402,56.3635217740289,56.8623140021177,57.3611062302064,57.8570217060172),
 .UNSPECIFIED.);
#80=B_SPLINE_CURVE_WITH_KNOTS('',3,(#5701,#5702,#5703,#5704,#5705,#5706,
#5707,#5708,#5709,#5710,#5711,#5712,#5713,#5714,#5715,#5716,#5717,#5718,
#5719,#5720,#5721,#5722,#5723,#5724,#5725,#5726,#5727,#5728,#5729,#5730,
#5731,#5732,#5733,#5734,#5735,#5736,#5737),.UNSPECIFIED.,.F.,.F.,(4,3,3,
3,3,3,3,3,3,3,3,3,4),(-54.1205028609587,-53.8695606335852,-52.8719761774077,
-51.8743917212302,-51.3755994931414,-50.8768072650527,-50.3780150369639,
-49.8792228088751,-49.3804305807864,-48.8816383526977,-48.3828461246089,
-47.8840538965202,-47.8373175537791),.UNSPECIFIED.);
#81=B_SPLINE_CURVE_WITH_KNOTS('',3,(#5742,#5743,#5744,#5745,#5746,#5747,
#5748,#5749,#5750,#5751,#5752,#5753,#5754,#5755,#5756,#5757,#5758,#5759,
#5760,#5761,#5762,#5763,#5764,#5765,#5766,#5767,#5768,#5769,#5770,#5771,
#5772,#5773,#5774,#5775,#5776,#5777,#5778,#5779,#5780,#5781,#5782,#5783,
#5784),.UNSPECIFIED.,.F.,.F.,(4,3,3,3,3,3,3,3,3,3,3,3,3,3,4),(45.290651091658,
45.3900927560764,45.8888849841651,46.3876772122539,46.8864694403426,47.3852616684314,
47.8840538965201,48.3828461246089,48.8816383526977,49.3804305807864,49.8792228088751,
50.3780150369639,50.8768072650527,51.3755994931414,51.5738363988376),
 .UNSPECIFIED.);
#82=B_SPLINE_CURVE_WITH_KNOTS('',3,(#5785,#5786,#5787,#5788,#5789,#5790,
#5791,#5792,#5793,#5794,#5795,#5796,#5797,#5798,#5799,#5800,#5801,#5802,
#5803,#5804,#5805,#5806,#5807,#5808,#5809,#5810,#5811,#5812,#5813,#5814,
#5815,#5816,#5817,#5818,#5819,#5820,#5821,#5822,#5823,#5824),
 .UNSPECIFIED.,.F.,.F.,(4,3,3,3,3,3,3,3,3,3,3,3,3,4),(-47.8373175537791,
-47.3852616684314,-46.8864694403427,-46.3876772122539,-45.8888849841651,
-45.3900927560764,-44.8913005279876,-44.3925082998989,-43.8937160718101,
-43.3949238437214,-42.8961316156326,-42.3973393875439,-41.8985471594551,
-41.5541322465995),.UNSPECIFIED.);
#83=B_SPLINE_CURVE_WITH_KNOTS('',3,(#5829,#5830,#5831,#5832,#5833,#5834,
#5835,#5836,#5837,#5838,#5839,#5840,#5841,#5842,#5843,#5844,#5845,#5846,
#5847,#5848,#5849,#5850,#5851,#5852,#5853,#5854,#5855,#5856,#5857,#5858,
#5859,#5860,#5861,#5862,#5863,#5864,#5865,#5866,#5867,#5868),
 .UNSPECIFIED.,.F.,.F.,(4,3,3,3,3,3,3,3,3,3,3,3,3,4),(39.0074657844784,
39.4045860190114,39.9033782471001,40.4021704751889,40.9009627032776,41.3997549313664,
41.8985471594551,42.3973393875439,42.8961316156326,43.3949238437214,43.8937160718101,
44.3925082998989,44.8913005279876,45.290651091658),.UNSPECIFIED.);
#84=B_SPLINE_CURVE_WITH_KNOTS('',3,(#5869,#5870,#5871,#5872,#5873,#5874,
#5875,#5876,#5877,#5878,#5879,#5880,#5881,#5882,#5883,#5884,#5885,#5886,
#5887,#5888,#5889,#5890,#5891,#5892,#5893,#5894,#5895,#5896,#5897,#5898,
#5899,#5900,#5901,#5902,#5903,#5904,#5905,#5906,#5907,#5908,#5909,#5910,
#5911),.UNSPECIFIED.,.F.,.F.,(4,3,3,3,3,3,3,3,3,3,3,3,3,3,4),(-41.5541322465995,
-41.3997549313664,-40.9009627032776,-40.4021704751889,-39.9033782471001,
-39.4045860190114,-38.9057937909226,-38.4070015628339,-37.9082093347451,
-37.4094171066564,-36.9106248785676,-36.4118326504789,-35.9130404223901,
-35.4142481943014,-35.2709469394199),.UNSPECIFIED.);
#85=B_SPLINE_CURVE_WITH_KNOTS('',3,(#5916,#5917,#5918,#5919,#5920,#5921,
#5922,#5923,#5924,#5925,#5926,#5927,#5928,#5929,#5930,#5931,#5932,#5933,
#5934,#5935,#5936,#5937,#5938,#5939,#5940,#5941,#5942,#5943,#5944,#5945,
#5946,#5947,#5948,#5949,#5950,#5951,#5952,#5953,#5954,#5955,#5956,#5957,
#5958),.UNSPECIFIED.,.F.,.F.,(4,3,3,3,3,3,3,3,3,3,3,3,3,3,4),(32.7242804772988,
32.9202870538576,33.4190792819464,33.9178715100351,34.4166637381239,34.9154559662126,
35.4142481943014,35.9130404223901,36.4118326504789,36.9106248785676,37.4094171066564,
37.9082093347451,38.4070015628339,38.9057937909226,39.0074657844784),
 .UNSPECIFIED.);
#86=B_SPLINE_CURVE_WITH_KNOTS('',3,(#5959,#5960,#5961,#5962,#5963,#5964,
#5965,#5966,#5967,#5968,#5969,#5970,#5971,#5972,#5973,#5974,#5975,#5976,
#5977,#5978,#5979,#5980,#5981,#5982,#5983,#5984,#5985,#5986,#5987,#5988,
#5989,#5990,#5991,#5992,#5993,#5994,#5995,#5996,#5997,#5998),
 .UNSPECIFIED.,.F.,.F.,(4,3,3,3,3,3,3,3,3,3,3,3,3,4),(-35.2709469394199,
-34.9154559662126,-34.4166637381239,-33.9178715100351,-33.4190792819464,
-32.9202870538576,-32.4214948257688,-31.9227025976801,-31.4239103695913,
-30.9251181415026,-30.4263259134138,-29.9275336853251,-29.4287414572363,
-28.9877616322403),.UNSPECIFIED.);
#87=B_SPLINE_CURVE_WITH_KNOTS('',3,(#6003,#6004,#6005,#6006,#6007,#6008,
#6009,#6010,#6011,#6012,#6013,#6014,#6015,#6016,#6017,#6018,#6019,#6020,
#6021,#6022,#6023,#6024,#6025,#6026,#6027,#6028,#6029,#6030,#6031,#6032,
#6033,#6034,#6035,#6036,#6037,#6038,#6039,#6040,#6041,#6042),
 .UNSPECIFIED.,.F.,.F.,(4,3,3,3,3,3,3,3,3,3,3,3,3,4),(26.4410951701192,
26.9347803167926,27.4335725448813,27.9323647729701,28.4311570010588,28.9299492291476,
29.4287414572363,29.9275336853251,30.4263259134138,30.9251181415026,31.4239103695913,
31.9227025976801,32.4214948257689,32.7242804772988),.UNSPECIFIED.);
#88=B_SPLINE_CURVE_WITH_KNOTS('',3,(#6043,#6044,#6045,#6046,#6047,#6048,
#6049,#6050,#6051,#6052,#6053,#6054,#6055,#6056,#6057,#6058,#6059,#6060,
#6061,#6062,#6063,#6064,#6065,#6066,#6067,#6068,#6069,#6070,#6071,#6072,
#6073,#6074,#6075,#6076,#6077,#6078,#6079,#6080,#6081,#6082,#6083,#6084,
#6085),.UNSPECIFIED.,.F.,.F.,(4,3,3,3,3,3,3,3,3,3,3,3,3,3,4),(-28.9877616322403,
-28.9299492291476,-28.4311570010588,-27.9323647729701,-27.4335725448813,
-26.9347803167926,-26.4359880887038,-25.9371958606151,-25.4384036325263,
-24.9396114044376,-24.4408191763488,-23.9420269482601,-23.4432347201713,
-22.9444424920826,-22.7045763250607),.UNSPECIFIED.);
#89=B_SPLINE_CURVE_WITH_KNOTS('',3,(#6090,#6091,#6092,#6093,#6094,#6095,
#6096,#6097,#6098,#6099,#6100,#6101,#6102,#6103,#6104,#6105,#6106,#6107,
#6108,#6109,#6110,#6111,#6112,#6113,#6114,#6115,#6116,#6117,#6118,#6119,
#6120,#6121,#6122,#6123,#6124,#6125,#6126,#6127,#6128,#6129,#6130,#6131,
#6132),.UNSPECIFIED.,.F.,.F.,(4,3,3,3,3,3,3,3,3,3,3,3,3,3,4),(20.1579098629396,
20.4504813516388,20.9492735797276,21.4480658078163,21.9468580359051,22.4456502639938,
22.9444424920826,23.4432347201713,23.9420269482601,24.4408191763488,24.9396114044376,
25.4384036325263,25.9371958606151,26.4359880887038,26.4410951701192),
 .UNSPECIFIED.);
#90=B_SPLINE_CURVE_WITH_KNOTS('',3,(#6133,#6134,#6135,#6136,#6137,#6138,
#6139,#6140,#6141,#6142,#6143,#6144,#6145,#6146,#6147,#6148,#6149,#6150,
#6151,#6152,#6153,#6154,#6155,#6156,#6157,#6158,#6159,#6160,#6161,#6162,
#6163,#6164,#6165,#6166,#6167,#6168,#6169,#6170,#6171,#6172,#6173,#6174,
#6175),.UNSPECIFIED.,.F.,.F.,(4,3,3,3,3,3,3,3,3,3,3,3,3,3,4),(-22.7045763250607,
-22.4456502639938,-21.9468580359051,-21.4480658078163,-20.9492735797276,
-20.4504813516388,-19.9516891235501,-19.4528968954613,-18.9541046673726,
-18.4553124392838,-17.9565202111951,-17.4577279831063,-16.9589357550176,
-16.4601435269288,-16.4213910178811),.UNSPECIFIED.);
#91=B_SPLINE_CURVE_WITH_KNOTS('',3,(#6180,#6181,#6182,#6183,#6184,#6185,
#6186,#6187,#6188,#6189,#6190,#6191,#6192,#6193,#6194,#6195,#6196,#6197,
#6198,#6199,#6200,#6201,#6202,#6203,#6204,#6205,#6206,#6207,#6208,#6209,
#6210,#6211,#6212,#6213,#6214,#6215,#6216,#6217,#6218,#6219,#6220,#6221,
#6222),.UNSPECIFIED.,.F.,.F.,(4,3,3,3,3,3,3,3,3,3,3,3,3,3,4),(13.87472455576,
13.966182386485,14.4649746145738,14.9637668426625,15.4625590707513,15.96135129884,
16.4601435269288,16.9589357550176,17.4577279831063,17.9565202111951,18.4553124392838,
18.9541046673726,19.4528968954613,19.9516891235501,20.1579098629396),
 .UNSPECIFIED.);
#92=B_SPLINE_CURVE_WITH_KNOTS('',3,(#6223,#6224,#6225,#6226,#6227,#6228,
#6229,#6230,#6231,#6232,#6233,#6234,#6235,#6236,#6237,#6238,#6239,#6240,
#6241,#6242,#6243,#6244,#6245,#6246,#6247,#6248,#6249,#6250,#6251,#6252,
#6253,#6254,#6255,#6256,#6257,#6258,#6259,#6260,#6261,#6262),
 .UNSPECIFIED.,.F.,.F.,(4,3,3,3,3,3,3,3,3,3,3,3,3,4),(-16.4213910178811,
-15.9613512988401,-15.4625590707513,-14.9637668426625,-14.4649746145738,
-13.966182386485,-13.4673901583963,-12.9685979303075,-12.4698057022188,
-11.97101347413,-11.4722212460413,-10.9734290179525,-10.4746367898638,-10.1382057107015),
 .UNSPECIFIED.);
#93=B_SPLINE_CURVE_WITH_KNOTS('',3,(#6268,#6269,#6270,#6271,#6272,#6273,
#6274,#6275,#6276,#6277,#6278,#6279,#6280,#6281,#6282,#6283,#6284,#6285,
#6286,#6287,#6288,#6289,#6290,#6291,#6292),.UNSPECIFIED.,.F.,.F.,(4,3,3,
3,3,3,3,3,4),(-3.85502040352193,-3.49154559662126,-2.99275336853251,-2.49396114044376,
-1.99516891235501,-1.49637668426625,-0.997584456177505,-0.498792228088752,
0.),.UNSPECIFIED.);
#94=B_SPLINE_CURVE_WITH_KNOTS('',3,(#6295,#6296,#6297,#6298,#6299,#6300,
#6301,#6302,#6303,#6304,#6305,#6306,#6307,#6308,#6309,#6310,#6311,#6312,
#6313,#6314,#6315,#6316,#6317,#6318,#6319,#6320,#6321,#6322,#6323,#6324,
#6325,#6326,#6327,#6328,#6329,#6330,#6331),.UNSPECIFIED.,.F.,.F.,(4,3,3,
3,3,3,3,3,3,3,3,3,4),(2.0217816913331,2.49396114044376,2.99275336853251,
3.49154559662126,3.99033782471001,4.48913005279876,4.98792228088752,5.48671450897627,
5.98550673706502,6.48429896515377,6.98309119324252,7.48188342133128,7.59153924858046),
 .UNSPECIFIED.);
#95=B_SPLINE_CURVE_WITH_KNOTS('',3,(#6337,#6338,#6339,#6340,#6341,#6342,
#6343,#6344),.UNSPECIFIED.,.F.,.F.,(4,1,1,1,1,4),(116.238928182822,116.599310763065,
117.098102991154,117.596895219242,118.095687447331,118.59447967542),
 .UNSPECIFIED.);
#96=B_SPLINE_CURVE_WITH_KNOTS('',3,(#6347,#6348,#6349,#6350,#6351,#6352,
#6353,#6354,#6355),.UNSPECIFIED.,.F.,.F.,(4,1,1,1,1,1,4),(116.238928182822,
116.652016084742,117.150808312831,117.649600540919,118.148392769008,118.647184997097,
119.119364446208),.UNSPECIFIED.);
#97=B_SPLINE_CURVE_WITH_KNOTS('',3,(#6360,#6361,#6362,#6363,#6364,#6365,
#6366,#6367,#6368,#6369,#6370,#6371,#6372,#6373,#6374,#6375,#6376),
 .UNSPECIFIED.,.F.,.F.,(4,1,1,1,1,1,1,1,1,1,1,1,1,1,4),(109.955742875643,
110.115011797911,110.613804026,111.112596254089,111.611388482177,112.110180710266,
112.608972938355,113.107765166443,113.606557394532,114.105349622621,114.60414185071,
115.102934078799,115.601726306887,116.100518534976,116.238928182822),
 .UNSPECIFIED.);
#98=B_SPLINE_CURVE_WITH_KNOTS('',3,(#6377,#6378,#6379,#6380,#6381,#6382,
#6383,#6384,#6385,#6386,#6387,#6388,#6389,#6390,#6391,#6392,#6393),
 .UNSPECIFIED.,.F.,.F.,(4,1,1,1,1,1,1,1,1,1,1,1,1,1,4),(109.955742875643,
110.167717119588,110.666509347677,111.165301575766,111.664093803854,112.162886031943,
112.661678260032,113.160470488121,113.659262716209,114.158054944298,114.656847172387,
115.155639400476,115.654431628565,116.153223856653,116.238928182822),
 .UNSPECIFIED.);
#99=B_SPLINE_CURVE_WITH_KNOTS('',3,(#6398,#6399,#6400,#6401,#6402,#6403,
#6404,#6405,#6406,#6407,#6408,#6409,#6410,#6411,#6412,#6413),
 .UNSPECIFIED.,.F.,.F.,(4,1,1,1,1,1,1,1,1,1,1,1,1,4),(103.672557568463,
104.129505060846,104.628297288935,105.127089517023,105.625881745112,106.124673973201,
106.62346620129,107.122258429378,107.621050657467,108.119842885556,108.618635113645,
109.117427341734,109.616219569822,109.955742875643),.UNSPECIFIED.);
#100=B_SPLINE_CURVE_WITH_KNOTS('',3,(#6414,#6415,#6416,#6417,#6418,#6419,
#6420,#6421,#6422,#6423,#6424,#6425,#6426,#6427,#6428,#6429,#6430),
 .UNSPECIFIED.,.F.,.F.,(4,1,1,1,1,1,1,1,1,1,1,1,1,1,4),(103.672557568463,
103.683418154434,104.182210382523,104.681002610612,105.179794838701,105.678587066789,
106.177379294878,106.676171522967,107.174963751056,107.673755979144,108.172548207233,
108.671340435322,109.170132663411,109.668924891499,109.955742875643),
 .UNSPECIFIED.);
#101=B_SPLINE_CURVE_WITH_KNOTS('',3,(#6435,#6436,#6437,#6438,#6439,#6440,
#6441,#6442,#6443,#6444,#6445,#6446,#6447,#6448,#6449,#6450,#6451),
 .UNSPECIFIED.,.F.,.F.,(4,1,1,1,1,1,1,1,1,1,1,1,1,1,4),(97.3893722612835,
97.6452060956922,98.143998323781,98.6427905518697,99.1415827799585,99.6403750080472,
100.139167236136,100.637959464225,101.136751692313,101.635543920402,102.134336148491,
102.63312837658,103.131920604668,103.630712832757,103.672557568463),
 .UNSPECIFIED.);
#102=B_SPLINE_CURVE_WITH_KNOTS('',3,(#6452,#6453,#6454,#6455,#6456,#6457,
#6458,#6459,#6460,#6461,#6462,#6463,#6464,#6465,#6466,#6467),
 .UNSPECIFIED.,.F.,.F.,(4,1,1,1,1,1,1,1,1,1,1,1,1,4),(97.3893722612835,
97.6979114173695,98.1967036454582,98.6954958735469,99.1942881016357,99.6930803297244,
100.191872557813,100.690664785902,101.189457013991,101.688249242079,102.187041470168,
102.685833698257,103.184625926346,103.672557568463),.UNSPECIFIED.);
#103=B_SPLINE_CURVE_WITH_KNOTS('',3,(#6472,#6473,#6474,#6475,#6476,#6477,
#6478,#6479,#6480,#6481,#6482,#6483,#6484,#6485,#6486,#6487,#6488),
 .UNSPECIFIED.,.F.,.F.,(4,1,1,1,1,1,1,1,1,1,1,1,1,1,4),(91.1061869541039,
91.1609071305384,91.6596993586272,92.1584915867159,92.6572838148047,93.1560760428934,
93.6548682709822,94.153660499071,94.6524527271597,95.1512449552484,95.6500371833372,
96.148829411426,96.6476216395147,97.1464138676035,97.3893722612835),
 .UNSPECIFIED.);
#104=B_SPLINE_CURVE_WITH_KNOTS('',3,(#6489,#6490,#6491,#6492,#6493,#6494,
#6495,#6496,#6497,#6498,#6499,#6500,#6501,#6502,#6503,#6504,#6505),
 .UNSPECIFIED.,.F.,.F.,(4,1,1,1,1,1,1,1,1,1,1,1,1,1,4),(91.1061869541039,
91.2136124522157,91.7124046803044,92.2111969083932,92.7099891364819,93.2087813645707,
93.7075735926594,94.2063658207482,94.7051580488369,95.2039502769257,95.7027425050144,
96.2015347331032,96.7003269611919,97.1991191892807,97.3893722612835),
 .UNSPECIFIED.);
#105=B_SPLINE_CURVE_WITH_KNOTS('',3,(#6510,#6511,#6512,#6513,#6514,#6515,
#6516,#6517,#6518,#6519,#6520,#6521,#6522,#6523,#6524,#6525),
 .UNSPECIFIED.,.F.,.F.,(4,1,1,1,1,1,1,1,1,1,1,1,1,4),(84.8230016469244,
85.1754003934734,85.6741926215622,86.1729848496509,86.6717770777397,87.1705693058284,
87.6693615339172,88.1681537620059,88.6669459900947,89.1657382181834,89.6645304462722,
90.1633226743609,90.6621149024497,91.1061869541039),.UNSPECIFIED.);
#106=B_SPLINE_CURVE_WITH_KNOTS('',3,(#6526,#6527,#6528,#6529,#6530,#6531,
#6532,#6533,#6534,#6535,#6536,#6537,#6538,#6539,#6540,#6541),
 .UNSPECIFIED.,.F.,.F.,(4,1,1,1,1,1,1,1,1,1,1,1,1,4),(84.8230016469244,
85.2281057151506,85.7268979432394,86.2256901713282,86.7244823994169,87.2232746275057,
87.7220668555944,88.2208590836832,88.7196513117719,89.2184435398607,89.7172357679494,
90.2160279960382,90.7148202241269,91.1061869541039),.UNSPECIFIED.);
#107=B_SPLINE_CURVE_WITH_KNOTS('',3,(#6546,#6547,#6548,#6549,#6550,#6551,
#6552,#6553,#6554,#6555,#6556,#6557,#6558,#6559,#6560,#6561,#6562),
 .UNSPECIFIED.,.F.,.F.,(4,1,1,1,1,1,1,1,1,1,1,1,1,1,4),(78.5398163397448,
78.6911014283197,79.1898936564084,79.6886858844972,80.1874781125859,80.6862703406747,
81.1850625687634,81.6838547968522,82.1826470249409,82.6814392530297,83.1802314811184,
83.6790237092072,84.1778159372959,84.6766081653847,84.8230016469244),
 .UNSPECIFIED.);
#108=B_SPLINE_CURVE_WITH_KNOTS('',3,(#6563,#6564,#6565,#6566,#6567,#6568,
#6569,#6570,#6571,#6572,#6573,#6574,#6575,#6576,#6577,#6578,#6579),
 .UNSPECIFIED.,.F.,.F.,(4,1,1,1,1,1,1,1,1,1,1,1,1,1,4),(78.5398163397448,
78.7438067499969,79.2425989780856,79.7413912061744,80.2401834342631,80.7389756623519,
81.2377678904406,81.7365601185294,82.2353523466181,82.7341445747069,83.2329368027956,
83.7317290308844,84.2305212589732,84.7293134870619,84.8230016469244),
 .UNSPECIFIED.);
#109=B_SPLINE_CURVE_WITH_KNOTS('',3,(#6584,#6585,#6586,#6587,#6588,#6589,
#6590,#6591,#6592,#6593,#6594,#6595,#6596,#6597,#6598,#6599),
 .UNSPECIFIED.,.F.,.F.,(4,1,1,1,1,1,1,1,1,1,1,1,1,4),(72.2566310325652,
72.7055946912546,73.2043869193434,73.7031791474321,74.2019713755209,74.7007636036096,
75.1995558316984,75.6983480597871,76.1971402878759,76.6959325159646,77.1947247440534,
77.6935169721421,78.1923092002309,78.5398163397448),.UNSPECIFIED.);
#110=B_SPLINE_CURVE_WITH_KNOTS('',3,(#6600,#6601,#6602,#6603,#6604,#6605,
#6606,#6607,#6608,#6609,#6610,#6611,#6612,#6613,#6614,#6615,#6616),
 .UNSPECIFIED.,.F.,.F.,(4,1,1,1,1,1,1,1,1,1,1,1,1,1,4),(72.2566310325652,
72.2595077848431,72.7583000129319,73.2570922410206,73.7558844691094,74.2546766971981,
74.7534689252869,75.2522611533756,75.7510533814644,76.2498456095531,76.7486378376419,
77.2474300657306,77.7462222938194,78.2450145219081,78.5398163397448),
 .UNSPECIFIED.);
#111=B_SPLINE_CURVE_WITH_KNOTS('',3,(#6621,#6622,#6623,#6624,#6625,#6626,
#6627,#6628,#6629,#6630,#6631,#6632,#6633,#6634,#6635,#6636),
 .UNSPECIFIED.,.F.,.F.,(4,1,1,1,1,1,1,1,1,1,1,1,1,4),(65.9734457253856,
66.7200879541896,67.2188801822784,67.7176724103671,68.2164646384559,68.7152568665446,
69.2140490946334,69.7128413227221,70.2116335508109,70.7104257788996,71.2092180069884,
71.7080102350771,72.2068024631659,72.2566310325652),.UNSPECIFIED.);
#112=B_SPLINE_CURVE_WITH_KNOTS('',3,(#6637,#6638,#6639,#6640,#6641,#6642,
#6643,#6644,#6645,#6646,#6647,#6648,#6649),.UNSPECIFIED.,.F.,.F.,(4,1,1,
1,1,1,1,1,1,1,4),(65.9734457253856,66.2740010477781,67.2715855039556,68.2691699601331,
69.2667544163106,69.7655466443994,70.2643388724881,70.7631311005769,71.2619233286656,
71.7607155567543,72.2566310325652),.UNSPECIFIED.);
#113=B_SPLINE_CURVE_WITH_KNOTS('',3,(#6654,#6655,#6656,#6657,#6658,#6659,
#6660,#6661,#6662,#6663,#6664,#6665,#6666,#6667,#6668),.UNSPECIFIED.,.F.,
 .F.,(4,1,1,1,1,1,1,1,1,1,1,1,4),(59.690260418206,59.7369967609471,60.2357889890358,
60.7345812171246,61.2333734452133,61.7321656733021,62.2309579013909,62.7297501294796,
63.2285423575684,63.7273345856571,64.7249190418346,65.7225034980121,65.9734457253856),
 .UNSPECIFIED.);
#114=B_SPLINE_CURVE_WITH_KNOTS('',3,(#6669,#6670,#6671,#6672,#6673,#6674,
#6675,#6676,#6677,#6678,#6679,#6680,#6681,#6682,#6683,#6684,#6685),
 .UNSPECIFIED.,.F.,.F.,(4,1,1,1,1,1,1,1,1,1,1,1,1,1,4),(59.690260418206,
59.7897020826243,60.2884943107131,60.7872865388018,61.2860787668906,61.7848709949793,
62.2836632230681,62.7824554511568,63.2812476792456,63.7800399073343,64.2788321354231,
64.7776243635118,65.2764165916006,65.7752088196893,65.9734457253856),
 .UNSPECIFIED.);
#115=B_SPLINE_CURVE_WITH_KNOTS('',3,(#6690,#6691,#6692,#6693,#6694,#6695,
#6696,#6697,#6698,#6699,#6700,#6701,#6702,#6703,#6704,#6705),
 .UNSPECIFIED.,.F.,.F.,(4,1,1,1,1,1,1,1,1,1,1,1,1,4),(53.4070751110264,
53.7514900238821,54.2502822519708,54.7490744800596,55.2478667081483,55.7466589362371,
56.2454511643258,56.7442433924146,57.2430356205033,57.7418278485921,58.2406200766808,
58.7394123047696,59.2382045328583,59.690260418206),.UNSPECIFIED.);
#116=B_SPLINE_CURVE_WITH_KNOTS('',3,(#6706,#6707,#6708,#6709,#6710,#6711,
#6712,#6713,#6714,#6715,#6716,#6717,#6718,#6719,#6720,#6721),
 .UNSPECIFIED.,.F.,.F.,(4,1,1,1,1,1,1,1,1,1,1,1,1,4),(53.4070751110264,
53.8041953455593,54.302987573648,54.8017798017368,55.3005720298256,55.7993642579143,
56.2981564860031,56.7969487140918,57.2957409421806,57.7945331702693,58.2933253983581,
58.7921176264468,59.2909098545356,59.690260418206),.UNSPECIFIED.);
#117=B_SPLINE_CURVE_WITH_KNOTS('',3,(#6726,#6727,#6728,#6729,#6730,#6731,
#6732,#6733,#6734,#6735,#6736,#6737,#6738,#6739,#6740,#6741,#6742),
 .UNSPECIFIED.,.F.,.F.,(4,1,1,1,1,1,1,1,1,1,1,1,1,1,4),(47.1238898038468,
47.2671910587283,47.7659832868171,48.2647755149058,48.7635677429946,49.2623599710833,
49.7611521991721,50.2599444272608,50.7587366553496,51.2575288834383,51.7563211115271,
52.2551133396158,52.7539055677046,53.2526977957933,53.4070751110264),
 .UNSPECIFIED.);
#118=B_SPLINE_CURVE_WITH_KNOTS('',3,(#6743,#6744,#6745,#6746,#6747,#6748,
#6749,#6750,#6751,#6752,#6753,#6754,#6755,#6756,#6757,#6758,#6759),
 .UNSPECIFIED.,.F.,.F.,(4,1,1,1,1,1,1,1,1,1,1,1,1,1,4),(47.1238898038468,
47.3198963804055,47.8186886084943,48.317480836583,48.8162730646718,49.3150652927605,
49.8138575208493,50.312649748938,50.8114419770268,51.3102342051155,51.8090264332043,
52.307818661293,52.8066108893818,53.3054031174705,53.4070751110264),
 .UNSPECIFIED.);
#119=B_SPLINE_CURVE_WITH_KNOTS('',3,(#6764,#6765,#6766,#6767,#6768,#6769,
#6770,#6771,#6772,#6773,#6774,#6775,#6776,#6777,#6778,#6779),
 .UNSPECIFIED.,.F.,.F.,(4,1,1,1,1,1,1,1,1,1,1,1,1,4),(40.8407044966672,
41.2816843216633,41.780476549752,42.2792687778408,42.7780610059295,43.2768532340183,
43.775645462107,44.2744376901958,44.7732299182845,45.2720221463733,45.7708143744621,
46.2696066025508,46.7683988306396,47.1238898038468),.UNSPECIFIED.);
#120=B_SPLINE_CURVE_WITH_KNOTS('',3,(#6780,#6781,#6782,#6783,#6784,#6785,
#6786,#6787,#6788,#6789,#6790,#6791,#6792,#6793,#6794,#6795),
 .UNSPECIFIED.,.F.,.F.,(4,1,1,1,1,1,1,1,1,1,1,1,1,4),(40.8407044966672,
41.3343896433405,41.8331818714293,42.331974099518,42.8307663276068,43.3295585556955,
43.8283507837843,44.327143011873,44.8259352399618,45.3247274680505,45.8235196961393,
46.322311924228,46.8211041523168,47.1238898038468),.UNSPECIFIED.);
#121=B_SPLINE_CURVE_WITH_KNOTS('',3,(#6800,#6801,#6802,#6803,#6804,#6805,
#6806,#6807,#6808,#6809,#6810,#6811,#6812,#6813,#6814,#6815,#6816),
 .UNSPECIFIED.,.F.,.F.,(4,1,1,1,1,1,1,1,1,1,1,1,1,1,4),(34.5575191894876,
34.7973853565095,35.2961775845983,35.794969812687,36.2937620407758,36.7925542688645,
37.2913464969533,37.790138725042,38.2889309531308,38.7877231812195,39.2865154093083,
39.785307637397,40.2840998654858,40.7828920935745,40.8407044966672),
 .UNSPECIFIED.);
#122=B_SPLINE_CURVE_WITH_KNOTS('',3,(#6817,#6818,#6819,#6820,#6821,#6822,
#6823,#6824,#6825,#6826,#6827,#6828,#6829,#6830,#6831,#6832,#6833),
 .UNSPECIFIED.,.F.,.F.,(4,1,1,1,1,1,1,1,1,1,1,1,1,1,4),(34.5575191894876,
34.8500906781867,35.3488829062755,35.8476751343642,36.346467362453,36.8452595905417,
37.3440518186305,37.8428440467193,38.341636274808,38.8404285028968,39.3392207309855,
39.8380129590743,40.336805187163,40.8355974152518,40.8407044966672),
 .UNSPECIFIED.);
#123=B_SPLINE_CURVE_WITH_KNOTS('',3,(#6838,#6839,#6840,#6841,#6842,#6843,
#6844,#6845,#6846,#6847,#6848,#6849,#6850,#6851,#6852,#6853,#6854),
 .UNSPECIFIED.,.F.,.F.,(4,1,1,1,1,1,1,1,1,1,1,1,1,1,4),(28.274333882308,
28.3130863913557,28.8118786194445,29.3106708475333,29.809463075622,30.3082553037108,
30.8070475317995,31.3058397598883,31.804631987977,32.3034242160658,32.8022164441545,
33.3010086722433,33.799800900332,34.2985931284208,34.5575191894876),
 .UNSPECIFIED.);
#124=B_SPLINE_CURVE_WITH_KNOTS('',3,(#6855,#6856,#6857,#6858,#6859,#6860,
#6861,#6862,#6863,#6864,#6865,#6866,#6867,#6868,#6869,#6870,#6871),
 .UNSPECIFIED.,.F.,.F.,(4,1,1,1,1,1,1,1,1,1,1,1,1,1,4),(28.274333882308,
28.365791713033,28.8645839411217,29.3633761692105,29.8621683972992,30.360960625388,
30.8597528534767,31.3585450815655,31.8573373096542,32.356129537743,32.8549217658317,
33.3537139939205,33.8525062220092,34.351298450098,34.5575191894876),
 .UNSPECIFIED.);
#125=B_SPLINE_CURVE_WITH_KNOTS('',3,(#6876,#6877,#6878,#6879,#6880,#6881,
#6882,#6883,#6884,#6885,#6886,#6887,#6888,#6889,#6890,#6891),
 .UNSPECIFIED.,.F.,.F.,(4,1,1,1,1,1,1,1,1,1,1,1,1,4),(21.9911485751284,
22.3275796542907,22.8263718823795,23.3251641104682,23.823956338557,24.3227485666457,
24.8215407947345,25.3203330228232,25.819125250912,26.3179174790007,26.8167097070895,
27.3155019351782,27.814294163267,28.274333882308),.UNSPECIFIED.);
#126=B_SPLINE_CURVE_WITH_KNOTS('',3,(#6892,#6893,#6894,#6895,#6896,#6897,
#6898,#6899,#6900,#6901,#6902,#6903,#6904,#6905,#6906,#6907),
 .UNSPECIFIED.,.F.,.F.,(4,1,1,1,1,1,1,1,1,1,1,1,1,4),(21.9911485751284,
22.380284975968,22.8790772040567,23.3778694321455,23.8766616602342,24.375453888323,
24.8742461164117,25.3730383445005,25.8718305725892,26.370622800678,26.8694150287667,
27.3682072568555,27.8669994849442,28.274333882308),.UNSPECIFIED.);
#127=B_SPLINE_CURVE_WITH_KNOTS('',3,(#6913,#6914,#6915,#6916,#6917,#6918),
 .UNSPECIFIED.,.F.,.F.,(4,1,1,4),(14.3996093265479,14.8984015546367,15.3971937827254,
15.7079632679489),.UNSPECIFIED.);
#128=B_SPLINE_CURVE_WITH_KNOTS('',3,(#6921,#6922,#6923,#6924,#6925,#6926,
#6927),.UNSPECIFIED.,.F.,.F.,(4,1,1,1,4),(13.87472455576,14.3469040048707,
14.8456962329595,15.3444884610482,15.7079632679489),.UNSPECIFIED.);
#129=B_SPLINE_CURVE_WITH_KNOTS('',3,(#6933,#6934,#6935,#6936,#6937,#6938,
#6939,#6940,#6941,#6942,#6943,#6944,#6945,#6946,#6947,#6948),
 .UNSPECIFIED.,.F.,.F.,(4,3,3,3,3,4),(-4.0925417488383,-3.9584868973739,
-3.46367603520217,-2.96886517303043,-2.47405431085869,-2.0698041887861),
 .UNSPECIFIED.);
#130=B_SPLINE_CURVE_WITH_KNOTS('',3,(#6951,#6952,#6953,#6954,#6955,#6956,
#6957,#6958,#6959,#6960),.UNSPECIFIED.,.F.,.F.,(4,3,3,4),(0.,0.494810862171736,
0.989621724343472,1.11885509353767),.UNSPECIFIED.);
#131=B_SPLINE_CURVE_WITH_KNOTS('',3,(#6965,#6966,#6967,#6968,#6969,#6970,
#6971,#6972,#6973,#6974,#6975,#6976,#6977,#6978,#6979,#6980,#6981,#6982,
#6983,#6984,#6985,#6986,#6987,#6988,#6989,#6990,#6991,#6992,#6993,#6994,
#6995,#6996,#6997,#6998,#6999,#7000,#7001,#7002,#7003,#7004),
 .UNSPECIFIED.,.F.,.F.,(4,3,3,3,3,3,3,3,3,3,3,3,3,4),(-10.3757270560179,
-9.89621724343476,-9.40140638126302,-8.90659551909128,-8.41178465691954,
-7.91697379474781,-7.42216293257607,-6.92735207040433,-6.43254120823259,
-5.93773034606085,-5.44291948388912,-4.94810862171738,-4.45329775954564,
-4.0925417488383),.UNSPECIFIED.);
#132=B_SPLINE_CURVE_WITH_KNOTS('',3,(#7005,#7006,#7007,#7008,#7009,#7010,
#7011,#7012,#7013,#7014,#7015,#7016,#7017,#7018,#7019,#7020,#7021,#7022,
#7023,#7024,#7025,#7026,#7027,#7028,#7029,#7030,#7031,#7032,#7033,#7034,
#7035,#7036,#7037,#7038,#7039,#7040,#7041,#7042,#7043,#7044),
 .UNSPECIFIED.,.F.,.F.,(4,3,3,3,3,3,3,3,3,3,3,3,3,4),(1.11885509353767,
1.48443258651521,1.97924344868695,2.47405431085869,2.96886517303043,3.46367603520217,
3.9584868973739,4.45329775954564,4.94810862171738,5.44291948388912,5.93773034606086,
6.4325412082326,6.92735207040434,7.40204040071725),.UNSPECIFIED.);
#133=B_SPLINE_CURVE_WITH_KNOTS('',3,(#7049,#7050,#7051,#7052,#7053,#7054,
#7055,#7056,#7057,#7058,#7059,#7060,#7061,#7062,#7063,#7064,#7065,#7066,
#7067,#7068,#7069,#7070,#7071,#7072,#7073,#7074,#7075,#7076,#7077,#7078,
#7079,#7080,#7081,#7082,#7083,#7084,#7085,#7086,#7087,#7088,#7089,#7090,
#7091),.UNSPECIFIED.,.F.,.F.,(4,3,3,3,3,3,3,3,3,3,3,3,3,3,4),(-16.6589123631975,
-16.3287584516674,-15.8339475894956,-15.3391367273239,-14.8443258651521,
-14.3495150029804,-13.8547041408087,-13.3598932786369,-12.8650824164652,
-12.3702715542934,-11.8754606921217,-11.38064982995,-10.8858389677782,-10.3910281056065,
-10.3757270560179),.UNSPECIFIED.);
#134=B_SPLINE_CURVE_WITH_KNOTS('',3,(#7092,#7093,#7094,#7095,#7096,#7097,
#7098,#7099,#7100,#7101,#7102,#7103,#7104,#7105,#7106,#7107,#7108,#7109,
#7110,#7111,#7112,#7113,#7114,#7115,#7116,#7117,#7118,#7119,#7120,#7121,
#7122,#7123,#7124,#7125,#7126,#7127,#7128,#7129,#7130,#7131,#7132,#7133,
#7134),.UNSPECIFIED.,.F.,.F.,(4,3,3,3,3,3,3,3,3,3,3,3,3,3,4),(7.40204040071725,
7.42216293257608,7.91697379474781,8.41178465691955,8.90659551909129,9.40140638126303,
9.89621724343477,10.3910281056065,10.8858389677782,11.38064982995,11.8754606921217,
12.3702715542935,12.8650824164652,13.3598932786369,13.6852257078968),
 .UNSPECIFIED.);
#135=B_SPLINE_CURVE_WITH_KNOTS('',3,(#7139,#7140,#7141,#7142,#7143,#7144,
#7145,#7146,#7147,#7148,#7149,#7150,#7151,#7152,#7153,#7154,#7155,#7156,
#7157,#7158,#7159,#7160,#7161,#7162,#7163,#7164,#7165,#7166,#7167,#7168,
#7169,#7170,#7171,#7172,#7173,#7174,#7175,#7176,#7177,#7178,#7179,#7180,
#7181),.UNSPECIFIED.,.F.,.F.,(4,3,3,3,3,3,3,3,3,3,3,3,3,3,4),(-22.9420976703771,
-22.7612996598999,-22.2664887977282,-21.7716779355565,-21.2768670733847,
-20.782056211213,-20.2872453490413,-19.7924344868695,-19.2976236246978,
-18.802812762526,-18.3080019003543,-17.8131910381826,-17.3183801760108,
-16.8235693138391,-16.6589123631975),.UNSPECIFIED.);
#136=B_SPLINE_CURVE_WITH_KNOTS('',3,(#7182,#7183,#7184,#7185,#7186,#7187,
#7188,#7189,#7190,#7191,#7192,#7193,#7194,#7195,#7196,#7197,#7198,#7199,
#7200,#7201,#7202,#7203,#7204,#7205,#7206,#7207,#7208,#7209,#7210,#7211,
#7212,#7213,#7214,#7215,#7216,#7217,#7218,#7219,#7220,#7221,#7222,#7223,
#7224),.UNSPECIFIED.,.F.,.F.,(4,3,3,3,3,3,3,3,3,3,3,3,3,3,4),(13.6852257078968,
13.8547041408087,14.3495150029804,14.8443258651521,15.3391367273239,15.8339475894956,
16.3287584516674,16.8235693138391,17.3183801760108,17.8131910381826,18.3080019003543,
18.8028127625261,19.2976236246978,19.7924344868695,19.9684110150764),
 .UNSPECIFIED.);
#137=B_SPLINE_CURVE_WITH_KNOTS('',3,(#7229,#7230,#7231,#7232,#7233,#7234,
#7235,#7236,#7237,#7238,#7239,#7240,#7241,#7242,#7243,#7244,#7245,#7246,
#7247,#7248,#7249,#7250,#7251,#7252,#7253,#7254,#7255,#7256,#7257,#7258,
#7259,#7260,#7261,#7262,#7263,#7264,#7265,#7266,#7267,#7268,#7269,#7270,
#7271),.UNSPECIFIED.,.F.,.F.,(4,3,3,3,3,3,3,3,3,3,3,3,3,3,4),(-29.2252829775567,
-29.1938408681325,-28.6990300059608,-28.2042191437891,-27.7094082816173,
-27.2145974194456,-26.7197865572738,-26.2249756951021,-25.7301648329304,
-25.2353539707586,-24.7405431085869,-24.2457322464152,-23.7509213842434,
-23.2561105220717,-22.9420976703771),.UNSPECIFIED.);
#138=B_SPLINE_CURVE_WITH_KNOTS('',3,(#7272,#7273,#7274,#7275,#7276,#7277,
#7278,#7279,#7280,#7281,#7282,#7283,#7284,#7285,#7286,#7287,#7288,#7289,
#7290,#7291,#7292,#7293,#7294,#7295,#7296,#7297,#7298,#7299,#7300,#7301,
#7302,#7303,#7304,#7305,#7306,#7307,#7308,#7309,#7310,#7311,#7312,#7313,
#7314),.UNSPECIFIED.,.F.,.F.,(4,3,3,3,3,3,3,3,3,3,3,3,3,3,4),(19.9684110150764,
20.2872453490413,20.782056211213,21.2768670733848,21.7716779355565,22.2664887977282,
22.7612996599,23.2561105220717,23.7509213842434,24.2457322464152,24.7405431085869,
25.2353539707587,25.7301648329304,26.2249756951021,26.251596322256),
 .UNSPECIFIED.);
#139=B_SPLINE_CURVE_WITH_KNOTS('',3,(#7319,#7320,#7321,#7322,#7323,#7324,
#7325,#7326,#7327,#7328,#7329,#7330,#7331,#7332,#7333,#7334,#7335,#7336,
#7337,#7338,#7339,#7340,#7341,#7342,#7343,#7344,#7345,#7346,#7347,#7348,
#7349,#7350,#7351,#7352,#7353,#7354,#7355,#7356,#7357,#7358),
 .UNSPECIFIED.,.F.,.F.,(4,3,3,3,3,3,3,3,3,3,3,3,3,4),(-35.5084682847362,
-35.1315712141934,-34.6367603520216,-34.1419494898499,-33.6471386276782,
-33.1523277655064,-32.6575169033347,-32.162706041163,-31.6678951789912,
-31.1730843168195,-30.6782734546478,-30.183462592476,-29.6886517303043,
-29.2252829775567),.UNSPECIFIED.);
#140=B_SPLINE_CURVE_WITH_KNOTS('',3,(#7359,#7360,#7361,#7362,#7363,#7364,
#7365,#7366,#7367,#7368,#7369,#7370,#7371,#7372,#7373,#7374,#7375,#7376,
#7377,#7378,#7379,#7380,#7381,#7382,#7383,#7384,#7385,#7386,#7387,#7388,
#7389,#7390,#7391,#7392,#7393,#7394,#7395,#7396,#7397,#7398),
 .UNSPECIFIED.,.F.,.F.,(4,3,3,3,3,3,3,3,3,3,3,3,3,4),(26.251596322256,26.7197865572739,
27.2145974194456,27.7094082816173,28.2042191437891,28.6990300059608,29.1938408681326,
29.6886517303043,30.183462592476,30.6782734546478,31.1730843168195,31.6678951789912,
32.162706041163,32.5347816294356),.UNSPECIFIED.);
#141=B_SPLINE_CURVE_WITH_KNOTS('',3,(#7405,#7406,#7407,#7408,#7409,#7410,
#7411,#7412,#7413,#7414,#7415,#7416,#7417,#7418,#7419,#7420,#7421,#7422,
#7423,#7424,#7425,#7426,#7427,#7428,#7429,#7430,#7431,#7432,#7433,#7434,
#7435,#7436,#7437,#7438,#7439,#7440,#7441,#7442,#7443,#7444),
 .UNSPECIFIED.,.F.,.F.,(4,3,3,3,3,3,3,3,3,3,3,3,3,4),(-41.564112422426,
-41.0693015602542,-40.5744906980825,-40.0796798359108,-39.584868973739,
-39.0900581115673,-38.5952472493956,-38.1004363872238,-37.6056255250521,
-37.1108146628803,-36.6160038007086,-36.1211929385369,-35.6263820763651,
-35.5084682847362),.UNSPECIFIED.);
#142=B_SPLINE_CURVE_WITH_KNOTS('',3,(#7445,#7446,#7447,#7448,#7449,#7450,
#7451,#7452,#7453,#7454,#7455,#7456,#7457,#7458,#7459,#7460,#7461,#7462,
#7463,#7464,#7465,#7466,#7467,#7468,#7469,#7470,#7471,#7472,#7473,#7474,
#7475,#7476,#7477,#7478,#7479,#7480,#7481,#7482,#7483,#7484,#7485,#7486,
#7487),.UNSPECIFIED.,.F.,.F.,(4,3,3,3,3,3,3,3,3,3,3,3,3,3,4),(32.5347816294356,
32.6575169033347,33.1523277655065,33.6471386276782,34.1419494898499,34.6367603520217,
35.1315712141934,35.6263820763651,36.1211929385369,36.6160038007086,37.1108146628804,
37.6056255250521,38.1004363872238,38.5952472493956,38.8179669366152),
 .UNSPECIFIED.);
#143=B_SPLINE_CURVE_WITH_KNOTS('',3,(#7493,#7494,#7495,#7496,#7497,#7498,
#7499,#7500,#7501,#7502,#7503,#7504),.UNSPECIFIED.,.F.,.F.,(4,1,1,1,1,1,
1,1,1,4),(47.1238898038469,47.2418035954758,47.7366144576475,48.2314253198193,
48.726236181991,49.2210470441627,49.7158579063345,50.2106687685062,50.705479630678,
51.1097297527505),.UNSPECIFIED.);
#144=B_SPLINE_CURVE_WITH_KNOTS('',3,(#7507,#7508,#7509,#7510,#7511,#7512,
#7513,#7514,#7515),.UNSPECIFIED.,.F.,.F.,(4,1,1,1,1,1,4),(47.1238898038469,
47.395980978799,47.8907918409708,48.3856027031425,48.8804135653142,49.375224427486,
49.8700352896577),.UNSPECIFIED.);
#145=B_SPLINE_CURVE_WITH_KNOTS('',3,(#7520,#7521,#7522,#7523,#7524,#7525,
#7526,#7527,#7528,#7529,#7530,#7531,#7532,#7533,#7534,#7535),
 .UNSPECIFIED.,.F.,.F.,(4,1,1,1,1,1,1,1,1,1,1,1,1,4),(40.8407044966673,
41.3040732494149,41.7988841115867,42.2936949737584,42.7885058359302,43.2833166981019,
43.7781275602736,44.2729384224454,44.7677492846171,45.2625601467888,45.7573710089606,
46.2521818711323,46.7469927333041,47.1238898038469),.UNSPECIFIED.);
#146=B_SPLINE_CURVE_WITH_KNOTS('',3,(#7536,#7537,#7538,#7539,#7540,#7541,
#7542,#7543,#7544,#7545,#7546,#7547,#7548,#7549,#7550,#7551,#7552),
 .UNSPECIFIED.,.F.,.F.,(4,1,1,1,1,1,1,1,1,1,1,1,1,1,4),(40.8407044966673,
40.9634397705664,41.4582506327382,41.9530614949099,42.4478723570816,42.9426832192534,
43.4374940814251,43.9323049435969,44.4271158057686,44.9219266679403,45.4167375301121,
45.9115483922838,46.4063592544555,46.9011701166273,47.1238898038469),
 .UNSPECIFIED.);
#147=B_SPLINE_CURVE_WITH_KNOTS('',3,(#7557,#7558,#7559,#7560,#7561,#7562,
#7563,#7564,#7565,#7566,#7567,#7568,#7569,#7570,#7571,#7572,#7573),
 .UNSPECIFIED.,.F.,.F.,(4,1,1,1,1,1,1,1,1,1,1,1,1,1,4),(34.5575191894877,
34.8715320411823,35.3663429033541,35.8611537655258,36.3559646276976,36.8507754898693,
37.345586352041,37.8403972142128,38.3352080763845,38.8300189385563,39.324829800728,
39.8196406628997,40.3144515250715,40.8092623872432,40.8407044966673),
 .UNSPECIFIED.);
#148=B_SPLINE_CURVE_WITH_KNOTS('',3,(#7574,#7575,#7576,#7577,#7578,#7579,
#7580,#7581,#7582,#7583,#7584,#7585,#7586,#7587,#7588,#7589),
 .UNSPECIFIED.,.F.,.F.,(4,1,1,1,1,1,1,1,1,1,1,1,1,4),(34.5575191894877,
35.0257094245056,35.5205202866773,36.015331148849,36.5101420110208,37.0049528731925,
37.4997637353643,37.994574597536,38.4893854597077,38.9841963218795,39.4790071840512,
39.9738180462229,40.4686289083947,40.8407044966673),.UNSPECIFIED.);
#149=B_SPLINE_CURVE_WITH_KNOTS('',3,(#7594,#7595,#7596,#7597,#7598,#7599,
#7600,#7601,#7602,#7603,#7604,#7605,#7606,#7607,#7608,#7609,#7610),
 .UNSPECIFIED.,.F.,.F.,(4,1,1,1,1,1,1,1,1,1,1,1,1,1,4),(28.2743338823081,
28.4389908329497,28.9338016951215,29.4286125572932,29.923423419465,30.4182342816367,
30.9130451438084,31.4078560059802,31.9026668681519,32.3974777303237,32.8922885924954,
33.3870994546671,33.8819103168389,34.3767211790106,34.5575191894877),
 .UNSPECIFIED.);
#150=B_SPLINE_CURVE_WITH_KNOTS('',3,(#7611,#7612,#7613,#7614,#7615,#7616,
#7617,#7618,#7619,#7620,#7621,#7622,#7623,#7624,#7625,#7626,#7627),
 .UNSPECIFIED.,.F.,.F.,(4,1,1,1,1,1,1,1,1,1,1,1,1,1,4),(28.2743338823081,
28.593168216273,29.0879790784447,29.5827899406164,30.0776008027882,30.5724116649599,
31.0672225271317,31.5620333893034,32.0568442514751,32.5516551136469,33.0464659758186,
33.5412768379904,34.0360877001621,34.5308985623338,34.5575191894877),
 .UNSPECIFIED.);
#151=B_SPLINE_CURVE_WITH_KNOTS('',3,(#7632,#7633,#7634,#7635,#7636,#7637,
#7638,#7639,#7640,#7641,#7642,#7643,#7644,#7645,#7646,#7647,#7648),
 .UNSPECIFIED.,.F.,.F.,(4,1,1,1,1,1,1,1,1,1,1,1,1,1,4),(21.9911485751285,
22.0064496247172,22.5012604868889,22.9960713490606,23.4908822112324,23.9856930734041,
24.4805039355758,24.9753147977476,25.4701256599193,25.9649365220911,26.4597473842628,
26.9545582464345,27.4493691086063,27.944179970778,28.2743338823081),
 .UNSPECIFIED.);
#152=B_SPLINE_CURVE_WITH_KNOTS('',3,(#7649,#7650,#7651,#7652,#7653,#7654,
#7655,#7656,#7657,#7658,#7659,#7660,#7661,#7662,#7663,#7664,#7665),
 .UNSPECIFIED.,.F.,.F.,(4,1,1,1,1,1,1,1,1,1,1,1,1,1,4),(21.9911485751285,
22.1606270080404,22.6554378702121,23.1502487323838,23.6450595945556,24.1398704567273,
24.6346813188991,25.1294921810708,25.6243030432425,26.1191139054143,26.613924767586,
27.1087356297578,27.6035464919295,28.0983573541012,28.2743338823081),
 .UNSPECIFIED.);
#153=B_SPLINE_CURVE_WITH_KNOTS('',3,(#7670,#7671,#7672,#7673,#7674,#7675,
#7676,#7677,#7678,#7679,#7680,#7681,#7682,#7683,#7684,#7685),
 .UNSPECIFIED.,.F.,.F.,(4,1,1,1,1,1,1,1,1,1,1,1,1,4),(15.707963267949,16.0687192786563,
16.563530140828,17.0583410029998,17.5531518651715,18.0479627273433,18.542773589515,
19.0375844516867,19.5323953138585,20.0272061760302,20.5220170382019,21.0168279003737,
21.5116387625454,21.9911485751285),.UNSPECIFIED.);
#154=B_SPLINE_CURVE_WITH_KNOTS('',3,(#7686,#7687,#7688,#7689,#7690,#7691,
#7692,#7693,#7694,#7695,#7696,#7697,#7698,#7699,#7700,#7701,#7702),
 .UNSPECIFIED.,.F.,.F.,(4,1,1,1,1,1,1,1,1,1,1,1,1,1,4),(15.707963267949,
15.7280857998078,16.2228966619795,16.7177075241513,17.212518386323,17.7073292484947,
18.2021401106665,18.6969509728382,19.1917618350099,19.6865726971817,20.1813835593534,
20.6761944215252,21.1710052836969,21.6658161458686,21.9911485751285),
 .UNSPECIFIED.);
#155=B_SPLINE_CURVE_WITH_KNOTS('',3,(#8052,#8053,#8054,#8055,#8056,#8057,
#8058,#8059,#8060,#8061,#8062,#8063,#8064,#8065,#8066,#8067,#8068,#8069,
#8070,#8071,#8072,#8073,#8074,#8075,#8076,#8077,#8078,#8079,#8080,#8081,
#8082,#8083,#8084,#8085,#8086,#8087,#8088,#8089,#8090,#8091,#8092,#8093,
#8094,#8095,#8096,#8097,#8098,#8099,#8100,#8101,#8102,#8103,#8104,#8105,
#8106,#8107,#8108,#8109,#8110,#8111,#8112,#8113,#8114,#8115,#8116,#8117,
#8118,#8119,#8120,#8121,#8122,#8123,#8124,#8125,#8126,#8127,#8128,#8129,
#8130,#8131,#8132,#8133,#8134,#8135,#8136,#8137,#8138,#8139,#8140,#8141,
#8142,#8143,#8144,#8145,#8146,#8147,#8148,#8149,#8150,#8151,#8152,#8153,
#8154,#8155,#8156,#8157,#8158,#8159,#8160,#8161,#8162,#8163),
 .UNSPECIFIED.,.F.,.F.,(4,3,3,3,3,3,3,3,3,3,3,3,3,3,3,3,3,3,3,3,3,3,3,3,
3,3,3,3,3,3,3,3,3,3,3,3,3,4),(0.,0.0495381390768187,0.0536715258254742,
0.103341449213553,0.1530084712904,0.199889978432765,0.217470543611152,0.226010355355597,
0.232109498437879,0.280564687878816,0.3286571890853,0.34053449985986,0.389012093617358,
0.437021963373286,0.444790490376639,0.450741446349996,0.498042684401259,
0.545201398680054,0.591610297609502,0.615815715263374,0.64875903041389,
0.659004438818738,0.664741111533818,0.710700949117651,0.756706491239519,
0.80229037062502,0.840826303546264,0.862556101900074,0.868919842541097,
0.879362236467507,0.924469923276233,0.969512084155194,0.989690710523027,
0.997559932757649,1.00441100908546,1.04858543611768,1.09203097588668,1.13094109509785),
 .UNSPECIFIED.);
#156=B_SPLINE_CURVE_WITH_KNOTS('',3,(#8164,#8165,#8166,#8167,#8168,#8169,
#8170),.UNSPECIFIED.,.F.,.F.,(4,3,4),(38.8179669366152,39.0900581115673,
39.4943082336399),.UNSPECIFIED.);
#157=B_SPLINE_CURVE_WITH_KNOTS('',3,(#8172,#8173,#8174,#8175,#8176,#8177,
#8178,#8179,#8180,#8181,#8182,#8183,#8184,#8185,#8186,#8187,#8188,#8189,
#8190,#8191,#8192,#8193,#8194,#8195,#8196,#8197,#8198,#8199,#8200,#8201,
#8202,#8203,#8204,#8205,#8206,#8207,#8208,#8209,#8210,#8211,#8212,#8213,
#8214,#8215,#8216,#8217,#8218,#8219,#8220,#8221,#8222,#8223,#8224,#8225,
#8226,#8227,#8228,#8229,#8230,#8231,#8232,#8233,#8234,#8235,#8236,#8237,
#8238,#8239,#8240,#8241,#8242,#8243,#8244,#8245,#8246,#8247,#8248,#8249,
#8250,#8251,#8252,#8253,#8254,#8255,#8256,#8257,#8258,#8259,#8260,#8261,
#8262,#8263,#8264,#8265,#8266,#8267,#8268,#8269,#8270,#8271,#8272,#8273,
#8274,#8275,#8276,#8277),.UNSPECIFIED.,.F.,.F.,(4,3,3,3,3,3,3,3,3,3,3,3,
3,3,3,3,3,3,3,3,3,3,3,3,3,3,3,3,3,3,3,3,3,3,3,4),(-1.13094109509783,-1.08578784299487,
-1.04204654016035,-1.01580011008961,-1.00061507289672,-0.994247355831812,
-0.949424427118042,-0.904313306139725,-0.868194202867091,-0.859975862895109,
-0.832075099594458,-0.786999725947702,-0.741256321609022,-0.697508789384595,
-0.664698140216274,-0.658486486828734,-0.611380280345293,-0.566266192711313,
-0.519376902317323,-0.472133866682839,-0.459109505426653,-0.448098250459758,
-0.442178608526158,-0.394225446741573,-0.345815428247705,-0.297323570608998,
-0.288841542396398,-0.252736349596848,-0.236940327747045,-0.228380045043109,
-0.222401156652003,-0.173875092616154,-0.124339428570319,-0.0746129821491367,
-0.0252714228793001,0.),.UNSPECIFIED.);
#158=B_SPLINE_CURVE_WITH_KNOTS('',3,(#8278,#8279,#8280,#8281,#8282,#8283,
#8284,#8285,#8286,#8287,#8288,#8289,#8290,#8291),.UNSPECIFIED.,.F.,.F.,
(4,1,1,1,1,1,1,1,1,1,1,4),(10.3757270560178,10.7799771780904,11.2747880402621,
11.7695989024339,12.2644097646056,12.7592206267773,13.2540314889491,13.7488423511208,
14.2436532132926,14.7384640754643,15.233274937636,15.707963267949),
 .UNSPECIFIED.);
#159=B_SPLINE_CURVE_WITH_KNOTS('',3,(#8295,#8296,#8297,#8298,#8299,#8300,
#8301,#8302,#8303,#8304,#8305,#8306),.UNSPECIFIED.,.F.,.F.,(4,1,1,1,1,1,
1,1,1,4),(11.6154215191107,12.1102323812824,12.6050432434541,13.0998541056259,
13.5946649677976,14.0894758299694,14.5842866921411,15.0790975543128,15.5739084164846,
15.707963267949),.UNSPECIFIED.);
#160=B_SPLINE_CURVE_WITH_KNOTS('',3,(#8655,#8656,#8657,#8658,#8659,#8660,
#8661,#8662,#8663,#8664,#8665,#8666,#8667,#8668,#8669,#8670,#8671,#8672,
#8673,#8674,#8675,#8676,#8677,#8678,#8679,#8680,#8681,#8682,#8683,#8684,
#8685,#8686,#8687,#8688,#8689,#8690,#8691,#8692,#8693,#8694,#8695,#8696,
#8697,#8698,#8699,#8700,#8701,#8702,#8703,#8704,#8705,#8706,#8707,#8708,
#8709,#8710,#8711,#8712,#8713,#8714,#8715,#8716,#8717,#8718,#8719,#8720,
#8721,#8722,#8723,#8724,#8725,#8726,#8727,#8728,#8729,#8730,#8731,#8732,
#8733,#8734,#8735,#8736,#8737,#8738,#8739,#8740,#8741,#8742,#8743,#8744,
#8745,#8746,#8747,#8748,#8749,#8750,#8751,#8752,#8753,#8754,#8755,#8756,
#8757,#8758,#8759,#8760,#8761,#8762,#8763),.UNSPECIFIED.,.F.,.F.,(4,3,3,
3,3,3,3,3,3,3,3,3,3,3,3,3,3,3,3,3,3,3,3,3,3,3,3,3,3,3,3,3,3,3,3,3,4),(0.,
0.0450290260286871,0.0884645508127569,0.132485850293362,0.173934280343355,
0.19048052218335,0.198787949141779,0.243767872939589,0.289259703076992,
0.298279570493334,0.343462746266904,0.370912272561287,0.385198373052639,
0.394643399879748,0.400564279273019,0.44668203285166,0.493260936756471,
0.539932161094523,0.563058956621965,0.597575143697872,0.604320102506589,
0.610173631305087,0.656835093374853,0.704549148450662,0.752467043466726,
0.795827748347973,0.819381845130739,0.826152011504369,0.83918845322922,
0.887233631629509,0.935888541043813,0.959719931579303,0.969312364100699,
0.977499351835419,1.02699224311283,1.07676595422028,1.12653966532773),
 .UNSPECIFIED.);
#161=B_SPLINE_CURVE_WITH_KNOTS('',3,(#8764,#8765,#8766,#8767,#8768,#8769,
#8770,#8771,#8772,#8773,#8774,#8775,#8776,#8777,#8778,#8779,#8780,#8781,
#8782,#8783,#8784,#8785,#8786,#8787,#8788,#8789,#8790,#8791,#8792,#8793,
#8794,#8795,#8796,#8797,#8798,#8799,#8800,#8801,#8802,#8803,#8804,#8805,
#8806,#8807,#8808,#8809,#8810,#8811,#8812,#8813,#8814,#8815,#8816,#8817,
#8818,#8819,#8820,#8821,#8822,#8823,#8824,#8825,#8826,#8827,#8828,#8829,
#8830,#8831,#8832,#8833,#8834,#8835,#8836,#8837,#8838,#8839,#8840,#8841,
#8842,#8843,#8844,#8845,#8846,#8847,#8848,#8849,#8850,#8851,#8852,#8853,
#8854,#8855,#8856,#8857,#8858,#8859,#8860,#8861,#8862,#8863,#8864,#8865,
#8866,#8867,#8868,#8869,#8870,#8871,#8872,#8873,#8874,#8875,#8876,#8877,
#8878),.UNSPECIFIED.,.F.,.F.,(4,3,3,3,3,3,3,3,3,3,3,3,3,3,3,3,3,3,3,3,3,
3,3,3,3,3,3,3,3,3,3,3,3,3,3,3,3,3,4),(-1.12653966532772,-1.07712157447394,
-1.07309712847476,-1.02334838234248,-0.993914701574158,-0.977472315908334,
-0.967390189053789,-0.918520170740099,-0.86999614342391,-0.828937539809922,
-0.822136087567411,-0.81559383838648,-0.787878936195935,-0.740080354427465,
-0.692173245353069,-0.647555500990073,-0.614092192717826,-0.606355660083663,
-0.599908102410265,-0.553386725547649,-0.513702267901085,-0.466993885329382,
-0.420650192271517,-0.40827563622794,-0.397427930903947,-0.391055597663695,
-0.345588396508009,-0.298303268332503,-0.253721999657558,-0.251018140156997,
-0.219640872637372,-0.205308556528999,-0.194923961492935,-0.189020138843224,
-0.144848797651323,-0.100691797577262,-0.0569567956603051,-0.0141706523495347,
0.),.UNSPECIFIED.);
#162=B_SPLINE_CURVE_WITH_KNOTS('',3,(#8882,#8883,#8884,#8885,#8886,#8887,
#8888,#8889,#8890,#8891,#8892,#8893,#8894,#8895,#8896,#8897,#8898),
 .UNSPECIFIED.,.F.,.F.,(4,1,1,1,1,1,1,1,1,1,1,1,1,1,4),(15.7079632679489,
15.843280689137,16.3420729172257,16.8408651453145,17.3396573734032,17.838449601492,
18.3372418295807,18.8360340576695,19.3348262857582,19.833618513847,20.3324107419357,
20.8312029700245,21.3299951981132,21.828787426202,21.9911485751284),
 .UNSPECIFIED.);
#163=B_SPLINE_CURVE_WITH_KNOTS('',3,(#8899,#8900,#8901,#8902,#8903,#8904,
#8905,#8906,#8907,#8908,#8909,#8910,#8911,#8912,#8913,#8914,#8915),
 .UNSPECIFIED.,.F.,.F.,(4,1,1,1,1,1,1,1,1,1,1,1,1,1,4),(15.7079632679489,
15.8959860108142,16.3947782389029,16.8935704669917,17.3923626950804,17.8911549231692,
18.3899471512579,18.8887393793467,19.3875316074354,19.8863238355242,20.3851160636129,
20.8839082917017,21.3827005197904,21.8814927478792,21.9911485751284),
 .UNSPECIFIED.);
#164=B_SPLINE_CURVE_WITH_KNOTS('',3,(#9772,#9773,#9774,#9775,#9776,#9777,
#9778,#9779,#9780,#9781,#9782,#9783,#9784,#9785,#9786,#9787,#9788,#9789,
#9790,#9791,#9792,#9793,#9794,#9795,#9796,#9797,#9798,#9799,#9800,#9801,
#9802,#9803,#9804,#9805,#9806,#9807,#9808,#9809,#9810,#9811,#9812,#9813,
#9814,#9815,#9816,#9817,#9818,#9819,#9820,#9821,#9822,#9823,#9824,#9825,
#9826,#9827,#9828,#9829,#9830,#9831,#9832,#9833,#9834,#9835,#9836,#9837,
#9838,#9839,#9840,#9841,#9842,#9843,#9844,#9845,#9846,#9847,#9848,#9849,
#9850,#9851,#9852,#9853,#9854,#9855,#9856,#9857,#9858,#9859,#9860,#9861,
#9862,#9863,#9864,#9865,#9866,#9867,#9868,#9869,#9870,#9871,#9872,#9873,
#9874,#9875,#9876,#9877,#9878,#9879,#9880,#9881,#9882,#9883),
 .UNSPECIFIED.,.F.,.F.,(4,3,3,3,3,3,3,3,3,3,3,3,3,3,3,3,3,3,3,3,3,3,3,3,
3,3,3,3,3,3,3,3,3,3,3,3,3,4),(-0.950777871811448,-0.906305660710605,-0.861794904714876,
-0.841724396232132,-0.83052985433136,-0.822930831610326,-0.779178698717892,
-0.740204767785409,-0.720717802319168,-0.713012745918369,-0.70685611076079,
-0.701230836852927,-0.658466482334355,-0.615447662809444,-0.57291848672487,
-0.545009447101825,-0.530163393081482,-0.524239487951968,-0.482454241955913,
-0.461282328232691,-0.419326609188467,-0.377579083793244,-0.359292497140636,
-0.349801241573735,-0.344026832994722,-0.338504178556859,-0.29767987938663,
-0.257257847159521,-0.231286390572385,-0.190609338577181,-0.176236128790642,
-0.170196168411089,-0.164914684606599,-0.125138751230218,-0.0855016095054692,
-0.0466490137078119,-0.0114194152781489,0.),.UNSPECIFIED.);
#165=B_SPLINE_CURVE_WITH_KNOTS('',3,(#9884,#9885,#9886,#9887,#9888,#9889,
#9890,#9891,#9892,#9893,#9894,#9895,#9896,#9897,#9898,#9899,#9900,#9901,
#9902,#9903,#9904,#9905,#9906,#9907,#9908,#9909,#9910,#9911,#9912,#9913,
#9914,#9915,#9916,#9917,#9918,#9919,#9920,#9921,#9922,#9923,#9924,#9925,
#9926,#9927,#9928,#9929,#9930,#9931,#9932,#9933,#9934,#9935,#9936,#9937,
#9938,#9939,#9940,#9941,#9942,#9943,#9944,#9945,#9946,#9947,#9948,#9949,
#9950,#9951,#9952,#9953,#9954,#9955,#9956,#9957,#9958,#9959,#9960,#9961,
#9962,#9963,#9964,#9965,#9966,#9967,#9968,#9969,#9970,#9971,#9972,#9973,
#9974,#9975,#9976,#9977,#9978,#9979,#9980,#9981,#9982,#9983,#9984,#9985,
#9986,#9987,#9988,#9989,#9990,#9991,#9992),.UNSPECIFIED.,.F.,.F.,(4,3,3,
3,3,3,3,3,3,3,3,3,3,3,3,3,3,3,3,3,3,3,3,3,3,3,3,3,3,3,3,3,3,3,3,3,4),(0.,
0.038506195883029,0.0777234565989927,0.117502247366285,0.157186512509824,
0.164900808654251,0.172522409407486,0.213164053698448,0.219289884635237,
0.259498654098898,0.300199777595877,0.337335942117804,0.343567701372465,
0.348892744623522,0.390373388148663,0.432317535630003,0.448744435683587,
0.490468840539293,0.515184640357367,0.522224028830094,0.528695535501598,
0.571161562830226,0.614054796913155,0.656984716045803,0.688195239083883,
0.703759160136332,0.710598478647042,0.716098361395426,0.759257720289107,
0.803747784197598,0.820644201090588,0.8286467853838,0.835149955264583,0.879551831535492,
0.924060136400297,0.93721797592307,0.950777871811479),.UNSPECIFIED.);
#166=B_SPLINE_CURVE_WITH_KNOTS('',3,(#9993,#9994,#9995,#9996,#9997,#9998,
#9999,#10000,#10001,#10002,#10003,#10004,#10005,#10006,#10007,#10008,#10009,
#10010,#10011,#10012,#10013,#10014,#10015,#10016,#10017,#10018,#10019,#10020,
#10021,#10022,#10023,#10024,#10025,#10026,#10027,#10028,#10029,#10030,#10031,
#10032,#10033,#10034,#10035),.UNSPECIFIED.,.F.,.F.,(4,3,3,3,3,3,3,3,3,3,
3,3,3,3,4),(-10.1382057107015,-9.97584456177502,-9.47705233368628,-8.97826010559753,
-8.47946787750877,-7.98067564942002,-7.48188342133127,-6.98309119324252,
-6.48429896515377,-5.98550673706502,-5.48671450897626,-4.98792228088752,
-4.48913005279877,-3.99033782471001,-3.85502040352193),.UNSPECIFIED.);
#167=B_SPLINE_CURVE_WITH_KNOTS('',3,(#10892,#10893,#10894,#10895,#10896,
#10897,#10898,#10899,#10900,#10901,#10902,#10903,#10904,#10905,#10906,#10907,
#10908,#10909,#10910,#10911,#10912,#10913,#10914,#10915,#10916,#10917,#10918,
#10919,#10920,#10921,#10922,#10923,#10924,#10925,#10926,#10927,#10928,#10929,
#10930,#10931,#10932,#10933,#10934,#10935,#10936,#10937,#10938,#10939,#10940,
#10941,#10942,#10943,#10944,#10945,#10946,#10947,#10948,#10949,#10950,#10951,
#10952,#10953,#10954,#10955,#10956,#10957,#10958,#10959,#10960,#10961,#10962,
#10963,#10964,#10965,#10966,#10967,#10968,#10969,#10970,#10971,#10972,#10973,
#10974,#10975,#10976,#10977,#10978,#10979,#10980,#10981,#10982,#10983,#10984,
#10985,#10986,#10987,#10988,#10989,#10990,#10991,#10992,#10993,#10994,#10995,
#10996,#10997),.UNSPECIFIED.,.F.,.F.,(4,3,3,3,3,3,3,3,3,3,3,3,3,3,3,3,3,
3,3,3,3,3,3,3,3,3,3,3,3,3,3,3,3,3,3,4),(-0.954382097139072,-0.915477715272434,
-0.875997951745311,-0.857686605955272,-0.850436738481751,-0.810208519582937,
-0.772456206395824,-0.753580049802267,-0.746135165776216,-0.74009544653453,
-0.734703893208711,-0.694628870386132,-0.653850931069661,-0.612585039903101,
-0.585551007985959,-0.572973790509295,-0.567861300311094,-0.525748624045612,
-0.504448912234535,-0.462635136959094,-0.420395526076123,-0.400849048008316,
-0.38544180231767,-0.379616660376026,-0.336661418261585,-0.293233297206744,
-0.264023701533667,-0.220776973396366,-0.204437055281128,-0.197064096219652,
-0.191450866625689,-0.146990388755566,-0.10263321228671,-0.0581210837159541,
-0.0136089551451987,0.),.UNSPECIFIED.);
#168=B_SPLINE_CURVE_WITH_KNOTS('',3,(#10998,#10999,#11000,#11001,#11002,
#11003,#11004,#11005,#11006,#11007,#11008,#11009,#11010,#11011,#11012,#11013,
#11014,#11015,#11016,#11017,#11018,#11019,#11020,#11021,#11022,#11023,#11024,
#11025,#11026,#11027,#11028,#11029,#11030,#11031,#11032,#11033,#11034,#11035,
#11036,#11037),.UNSPECIFIED.,.F.,.F.,(4,3,3,3,3,3,3,3,3,3,3,3,3,4),(7.59153924858046,
7.98067564942003,8.47946787750878,8.97826010559753,9.47705233368628,9.97584456177503,
10.4746367898638,10.9734290179525,11.4722212460413,11.97101347413,12.4698057022188,
12.9685979303075,13.4673901583963,13.87472455576),.UNSPECIFIED.);
#169=B_SPLINE_CURVE_WITH_KNOTS('',3,(#11038,#11039,#11040,#11041,#11042,
#11043,#11044,#11045,#11046,#11047,#11048,#11049,#11050,#11051,#11052,#11053,
#11054,#11055,#11056,#11057,#11058,#11059,#11060,#11061,#11062,#11063,#11064,
#11065,#11066,#11067,#11068,#11069,#11070,#11071,#11072,#11073,#11074,#11075,
#11076,#11077,#11078,#11079,#11080,#11081,#11082,#11083,#11084,#11085,#11086,
#11087,#11088,#11089,#11090,#11091,#11092,#11093,#11094,#11095,#11096,#11097,
#11098,#11099,#11100,#11101,#11102,#11103,#11104,#11105,#11106,#11107,#11108,
#11109,#11110,#11111,#11112,#11113,#11114,#11115,#11116,#11117,#11118,#11119,
#11120,#11121,#11122,#11123,#11124,#11125,#11126,#11127,#11128,#11129,#11130,
#11131,#11132,#11133,#11134,#11135,#11136,#11137,#11138,#11139,#11140,#11141,
#11142,#11143,#11144,#11145,#11146),.UNSPECIFIED.,.F.,.F.,(4,3,3,3,3,3,
3,3,3,3,3,3,3,3,3,3,3,3,3,3,3,3,3,3,3,3,3,3,3,3,3,3,3,3,3,3,4),(0.,0.0441255136331638,
0.0885973819039001,0.132711980245599,0.176243924099566,0.192144208803156,
0.199463086451841,0.242709439012011,0.250903316213151,0.294317567909744,
0.337624024706494,0.376183874578098,0.383300778293902,0.388792492898982,
0.431091459882281,0.473022696885326,0.491863424192911,0.534106864086172,
0.557679997257726,0.565323413068102,0.572073586710636,0.613333801379348,
0.654458550232691,0.694838663553454,0.722691929458597,0.736471115617712,
0.744064197221836,0.75010791920721,0.790543271521956,0.828639459808245,
0.843973240171593,0.850643987055629,0.857615345765028,0.897182672023826,
0.936107264023339,0.942928024667112,0.954382097139047),.UNSPECIFIED.);
#170=STYLED_ITEM('',(#11208),#173);
#171=STYLED_ITEM('',(#11208),#174);
#172=STYLED_ITEM('',(#11208),#175);
#173=MANIFOLD_SOLID_BREP('Bry\X2\0142\X0\a2',#2222);
#174=MANIFOLD_SOLID_BREP('Bry\X2\0142\X0\a2 (1)',#2223);
#175=MANIFOLD_SOLID_BREP('Bry\X2\0142\X0\a1',#2224);
#176=CONICAL_SURFACE('',#2247,11.6249999925494,0.785398163397448);
#177=CONICAL_SURFACE('',#2289,10.2500001527369,0.099668652491162);
#178=CONICAL_SURFACE('',#2301,10.2500001527369,0.099668652491162);
#179=CONICAL_SURFACE('',#2311,10.2500001527369,0.099668652491162);
#180=CONICAL_SURFACE('',#2315,10.2500001527369,0.099668652491162);
#181=CONICAL_SURFACE('',#2325,10.2500001527369,0.099668652491162);
#182=CONICAL_SURFACE('',#2336,10.2500001527369,0.099668652491162);
#183=CONICAL_SURFACE('',#2337,9.75000014528632,0.785398163397448);
#184=FACE_BOUND('',#350,.T.);
#185=FACE_BOUND('',#353,.T.);
#186=FACE_BOUND('',#357,.T.);
#187=FACE_BOUND('',#374,.T.);
#188=FACE_BOUND('',#406,.T.);
#189=FACE_BOUND('',#473,.T.);
#190=FACE_BOUND('',#476,.T.);
#191=FACE_BOUND('',#478,.T.);
#192=PLANE('',#2241);
#193=PLANE('',#2245);
#194=PLANE('',#2251);
#195=PLANE('',#2270);
#196=PLANE('',#2285);
#197=PLANE('',#2286);
#198=PLANE('',#2287);
#199=PLANE('',#2288);
#200=PLANE('',#2299);
#201=PLANE('',#2304);
#202=PLANE('',#2307);
#203=PLANE('',#2308);
#204=PLANE('',#2309);
#205=PLANE('',#2310);
#206=PLANE('',#2313);
#207=PLANE('',#2318);
#208=PLANE('',#2321);
#209=PLANE('',#2322);
#210=PLANE('',#2323);
#211=PLANE('',#2324);
#212=PLANE('',#2327);
#213=PLANE('',#2332);
#214=PLANE('',#2334);
#215=PLANE('',#2399);
#216=PLANE('',#2400);
#217=PLANE('',#2403);
#218=PLANE('',#2404);
#219=PLANE('',#2407);
#220=PLANE('',#2409);
#221=PLANE('',#2411);
#222=PLANE('',#2412);
#223=PLANE('',#2414);
#224=PLANE('',#2415);
#225=FACE_OUTER_BOUND('',#348,.T.);
#226=FACE_OUTER_BOUND('',#349,.T.);
#227=FACE_OUTER_BOUND('',#351,.T.);
#228=FACE_OUTER_BOUND('',#352,.T.);
#229=FACE_OUTER_BOUND('',#354,.T.);
#230=FACE_OUTER_BOUND('',#355,.T.);
#231=FACE_OUTER_BOUND('',#356,.T.);
#232=FACE_OUTER_BOUND('',#358,.T.);
#233=FACE_OUTER_BOUND('',#359,.T.);
#234=FACE_OUTER_BOUND('',#360,.T.);
#235=FACE_OUTER_BOUND('',#361,.T.);
#236=FACE_OUTER_BOUND('',#362,.T.);
#237=FACE_OUTER_BOUND('',#363,.T.);
#238=FACE_OUTER_BOUND('',#364,.T.);
#239=FACE_OUTER_BOUND('',#365,.T.);
#240=FACE_OUTER_BOUND('',#366,.T.);
#241=FACE_OUTER_BOUND('',#367,.T.);
#242=FACE_OUTER_BOUND('',#368,.T.);
#243=FACE_OUTER_BOUND('',#369,.T.);
#244=FACE_OUTER_BOUND('',#370,.T.);
#245=FACE_OUTER_BOUND('',#371,.T.);
#246=FACE_OUTER_BOUND('',#372,.T.);
#247=FACE_OUTER_BOUND('',#373,.T.);
#248=FACE_OUTER_BOUND('',#375,.T.);
#249=FACE_OUTER_BOUND('',#376,.T.);
#250=FACE_OUTER_BOUND('',#377,.T.);
#251=FACE_OUTER_BOUND('',#378,.T.);
#252=FACE_OUTER_BOUND('',#379,.T.);
#253=FACE_OUTER_BOUND('',#380,.T.);
#254=FACE_OUTER_BOUND('',#381,.T.);
#255=FACE_OUTER_BOUND('',#382,.T.);
#256=FACE_OUTER_BOUND('',#383,.T.);
#257=FACE_OUTER_BOUND('',#384,.T.);
#258=FACE_OUTER_BOUND('',#385,.T.);
#259=FACE_OUTER_BOUND('',#386,.T.);
#260=FACE_OUTER_BOUND('',#387,.T.);
#261=FACE_OUTER_BOUND('',#388,.T.);
#262=FACE_OUTER_BOUND('',#389,.T.);
#263=FACE_OUTER_BOUND('',#390,.T.);
#264=FACE_OUTER_BOUND('',#391,.T.);
#265=FACE_OUTER_BOUND('',#392,.T.);
#266=FACE_OUTER_BOUND('',#393,.T.);
#267=FACE_OUTER_BOUND('',#394,.T.);
#268=FACE_OUTER_BOUND('',#395,.T.);
#269=FACE_OUTER_BOUND('',#396,.T.);
#270=FACE_OUTER_BOUND('',#397,.T.);
#271=FACE_OUTER_BOUND('',#398,.T.);
#272=FACE_OUTER_BOUND('',#399,.T.);
#273=FACE_OUTER_BOUND('',#400,.T.);
#274=FACE_OUTER_BOUND('',#401,.T.);
#275=FACE_OUTER_BOUND('',#402,.T.);
#276=FACE_OUTER_BOUND('',#403,.T.);
#277=FACE_OUTER_BOUND('',#404,.T.);
#278=FACE_OUTER_BOUND('',#405,.T.);
#279=FACE_OUTER_BOUND('',#407,.T.);
#280=FACE_OUTER_BOUND('',#408,.T.);
#281=FACE_OUTER_BOUND('',#409,.T.);
#282=FACE_OUTER_BOUND('',#410,.T.);
#283=FACE_OUTER_BOUND('',#411,.T.);
#284=FACE_OUTER_BOUND('',#412,.T.);
#285=FACE_OUTER_BOUND('',#413,.T.);
#286=FACE_OUTER_BOUND('',#414,.T.);
#287=FACE_OUTER_BOUND('',#415,.T.);
#288=FACE_OUTER_BOUND('',#416,.T.);
#289=FACE_OUTER_BOUND('',#417,.T.);
#290=FACE_OUTER_BOUND('',#418,.T.);
#291=FACE_OUTER_BOUND('',#419,.T.);
#292=FACE_OUTER_BOUND('',#420,.T.);
#293=FACE_OUTER_BOUND('',#421,.T.);
#294=FACE_OUTER_BOUND('',#422,.T.);
#295=FACE_OUTER_BOUND('',#423,.T.);
#296=FACE_OUTER_BOUND('',#424,.T.);
#297=FACE_OUTER_BOUND('',#425,.T.);
#298=FACE_OUTER_BOUND('',#426,.T.);
#299=FACE_OUTER_BOUND('',#427,.T.);
#300=FACE_OUTER_BOUND('',#428,.T.);
#301=FACE_OUTER_BOUND('',#429,.T.);
#302=FACE_OUTER_BOUND('',#430,.T.);
#303=FACE_OUTER_BOUND('',#431,.T.);
#304=FACE_OUTER_BOUND('',#432,.T.);
#305=FACE_OUTER_BOUND('',#433,.T.);
#306=FACE_OUTER_BOUND('',#434,.T.);
#307=FACE_OUTER_BOUND('',#435,.T.);
#308=FACE_OUTER_BOUND('',#436,.T.);
#309=FACE_OUTER_BOUND('',#437,.T.);
#310=FACE_OUTER_BOUND('',#438,.T.);
#311=FACE_OUTER_BOUND('',#439,.T.);
#312=FACE_OUTER_BOUND('',#440,.T.);
#313=FACE_OUTER_BOUND('',#441,.T.);
#314=FACE_OUTER_BOUND('',#442,.T.);
#315=FACE_OUTER_BOUND('',#443,.T.);
#316=FACE_OUTER_BOUND('',#444,.T.);
#317=FACE_OUTER_BOUND('',#445,.T.);
#318=FACE_OUTER_BOUND('',#446,.T.);
#319=FACE_OUTER_BOUND('',#447,.T.);
#320=FACE_OUTER_BOUND('',#448,.T.);
#321=FACE_OUTER_BOUND('',#449,.T.);
#322=FACE_OUTER_BOUND('',#450,.T.);
#323=FACE_OUTER_BOUND('',#451,.T.);
#324=FACE_OUTER_BOUND('',#452,.T.);
#325=FACE_OUTER_BOUND('',#453,.T.);
#326=FACE_OUTER_BOUND('',#454,.T.);
#327=FACE_OUTER_BOUND('',#455,.T.);
#328=FACE_OUTER_BOUND('',#456,.T.);
#329=FACE_OUTER_BOUND('',#457,.T.);
#330=FACE_OUTER_BOUND('',#458,.T.);
#331=FACE_OUTER_BOUND('',#459,.T.);
#332=FACE_OUTER_BOUND('',#460,.T.);
#333=FACE_OUTER_BOUND('',#461,.T.);
#334=FACE_OUTER_BOUND('',#462,.T.);
#335=FACE_OUTER_BOUND('',#463,.T.);
#336=FACE_OUTER_BOUND('',#464,.T.);
#337=FACE_OUTER_BOUND('',#465,.T.);
#338=FACE_OUTER_BOUND('',#466,.T.);
#339=FACE_OUTER_BOUND('',#467,.T.);
#340=FACE_OUTER_BOUND('',#468,.T.);
#341=FACE_OUTER_BOUND('',#469,.T.);
#342=FACE_OUTER_BOUND('',#470,.T.);
#343=FACE_OUTER_BOUND('',#471,.T.);
#344=FACE_OUTER_BOUND('',#472,.T.);
#345=FACE_OUTER_BOUND('',#474,.T.);
#346=FACE_OUTER_BOUND('',#475,.T.);
#347=FACE_OUTER_BOUND('',#477,.T.);
#348=EDGE_LOOP('',(#1349,#1350,#1351,#1352));
#349=EDGE_LOOP('',(#1353));
#350=EDGE_LOOP('',(#1354));
#351=EDGE_LOOP('',(#1355,#1356,#1357,#1358));
#352=EDGE_LOOP('',(#1359));
#353=EDGE_LOOP('',(#1360));
#354=EDGE_LOOP('',(#1361,#1362,#1363,#1364));
#355=EDGE_LOOP('',(#1365,#1366,#1367,#1368));
#356=EDGE_LOOP('',(#1369));
#357=EDGE_LOOP('',(#1370));
#358=EDGE_LOOP('',(#1371,#1372,#1373));
#359=EDGE_LOOP('',(#1374,#1375,#1376,#1377,#1378));
#360=EDGE_LOOP('',(#1379,#1380,#1381,#1382));
#361=EDGE_LOOP('',(#1383,#1384,#1385,#1386));
#362=EDGE_LOOP('',(#1387,#1388,#1389,#1390));
#363=EDGE_LOOP('',(#1391,#1392,#1393,#1394));
#364=EDGE_LOOP('',(#1395,#1396,#1397,#1398));
#365=EDGE_LOOP('',(#1399,#1400,#1401,#1402));
#366=EDGE_LOOP('',(#1403,#1404,#1405,#1406));
#367=EDGE_LOOP('',(#1407,#1408,#1409,#1410));
#368=EDGE_LOOP('',(#1411,#1412,#1413,#1414));
#369=EDGE_LOOP('',(#1415,#1416,#1417,#1418));
#370=EDGE_LOOP('',(#1419,#1420,#1421,#1422));
#371=EDGE_LOOP('',(#1423,#1424,#1425,#1426,#1427,#1428,#1429,#1430,#1431,
#1432,#1433,#1434,#1435,#1436,#1437,#1438));
#372=EDGE_LOOP('',(#1439,#1440,#1441,#1442,#1443,#1444,#1445,#1446,#1447,
#1448,#1449,#1450,#1451,#1452,#1453));
#373=EDGE_LOOP('',(#1454,#1455,#1456,#1457,#1458,#1459,#1460,#1461,#1462,
#1463,#1464,#1465,#1466,#1467,#1468,#1469,#1470,#1471,#1472,#1473,#1474,
#1475,#1476,#1477,#1478));
#374=EDGE_LOOP('',(#1479,#1480,#1481,#1482,#1483));
#375=EDGE_LOOP('',(#1484,#1485,#1486,#1487));
#376=EDGE_LOOP('',(#1488,#1489,#1490,#1491,#1492));
#377=EDGE_LOOP('',(#1493,#1494,#1495,#1496,#1497));
#378=EDGE_LOOP('',(#1498,#1499,#1500,#1501,#1502));
#379=EDGE_LOOP('',(#1503,#1504,#1505,#1506,#1507));
#380=EDGE_LOOP('',(#1508,#1509,#1510,#1511));
#381=EDGE_LOOP('',(#1512,#1513,#1514,#1515,#1516,#1517,#1518,#1519,#1520,
#1521,#1522,#1523,#1524,#1525,#1526,#1527,#1528,#1529,#1530,#1531,#1532,
#1533,#1534,#1535,#1536,#1537,#1538,#1539));
#382=EDGE_LOOP('',(#1540,#1541,#1542,#1543));
#383=EDGE_LOOP('',(#1544,#1545,#1546,#1547));
#384=EDGE_LOOP('',(#1548,#1549,#1550,#1551));
#385=EDGE_LOOP('',(#1552,#1553,#1554,#1555));
#386=EDGE_LOOP('',(#1556,#1557,#1558,#1559));
#387=EDGE_LOOP('',(#1560,#1561,#1562,#1563,#1564));
#388=EDGE_LOOP('',(#1565,#1566,#1567,#1568,#1569));
#389=EDGE_LOOP('',(#1570,#1571,#1572,#1573,#1574));
#390=EDGE_LOOP('',(#1575,#1576,#1577,#1578,#1579));
#391=EDGE_LOOP('',(#1580,#1581,#1582,#1583));
#392=EDGE_LOOP('',(#1584,#1585,#1586,#1587));
#393=EDGE_LOOP('',(#1588,#1589,#1590,#1591));
#394=EDGE_LOOP('',(#1592,#1593,#1594,#1595));
#395=EDGE_LOOP('',(#1596,#1597,#1598,#1599));
#396=EDGE_LOOP('',(#1600,#1601,#1602,#1603));
#397=EDGE_LOOP('',(#1604,#1605,#1606,#1607,#1608));
#398=EDGE_LOOP('',(#1609,#1610,#1611,#1612,#1613));
#399=EDGE_LOOP('',(#1614,#1615,#1616,#1617,#1618));
#400=EDGE_LOOP('',(#1619,#1620,#1621,#1622,#1623));
#401=EDGE_LOOP('',(#1624,#1625,#1626,#1627));
#402=EDGE_LOOP('',(#1628,#1629,#1630,#1631));
#403=EDGE_LOOP('',(#1632,#1633,#1634,#1635));
#404=EDGE_LOOP('',(#1636,#1637,#1638,#1639));
#405=EDGE_LOOP('',(#1640));
#406=EDGE_LOOP('',(#1641,#1642,#1643,#1644));
#407=EDGE_LOOP('',(#1645,#1646,#1647,#1648));
#408=EDGE_LOOP('',(#1649,#1650,#1651,#1652));
#409=EDGE_LOOP('',(#1653,#1654,#1655,#1656));
#410=EDGE_LOOP('',(#1657,#1658,#1659));
#411=EDGE_LOOP('',(#1660,#1661,#1662,#1663,#1664));
#412=EDGE_LOOP('',(#1665,#1666,#1667,#1668));
#413=EDGE_LOOP('',(#1669,#1670,#1671,#1672));
#414=EDGE_LOOP('',(#1673,#1674,#1675,#1676));
#415=EDGE_LOOP('',(#1677,#1678,#1679,#1680));
#416=EDGE_LOOP('',(#1681,#1682,#1683,#1684));
#417=EDGE_LOOP('',(#1685,#1686,#1687,#1688));
#418=EDGE_LOOP('',(#1689,#1690,#1691,#1692));
#419=EDGE_LOOP('',(#1693,#1694,#1695,#1696));
#420=EDGE_LOOP('',(#1697,#1698,#1699,#1700));
#421=EDGE_LOOP('',(#1701,#1702,#1703,#1704));
#422=EDGE_LOOP('',(#1705,#1706,#1707,#1708));
#423=EDGE_LOOP('',(#1709,#1710,#1711,#1712));
#424=EDGE_LOOP('',(#1713,#1714,#1715,#1716));
#425=EDGE_LOOP('',(#1717,#1718,#1719,#1720));
#426=EDGE_LOOP('',(#1721,#1722,#1723,#1724));
#427=EDGE_LOOP('',(#1725,#1726,#1727,#1728));
#428=EDGE_LOOP('',(#1729,#1730,#1731,#1732));
#429=EDGE_LOOP('',(#1733,#1734,#1735,#1736));
#430=EDGE_LOOP('',(#1737,#1738,#1739,#1740));
#431=EDGE_LOOP('',(#1741,#1742,#1743,#1744));
#432=EDGE_LOOP('',(#1745,#1746,#1747,#1748));
#433=EDGE_LOOP('',(#1749,#1750,#1751,#1752));
#434=EDGE_LOOP('',(#1753,#1754,#1755,#1756));
#435=EDGE_LOOP('',(#1757,#1758,#1759,#1760));
#436=EDGE_LOOP('',(#1761,#1762,#1763,#1764));
#437=EDGE_LOOP('',(#1765,#1766,#1767,#1768));
#438=EDGE_LOOP('',(#1769,#1770,#1771,#1772));
#439=EDGE_LOOP('',(#1773,#1774,#1775,#1776));
#440=EDGE_LOOP('',(#1777,#1778,#1779,#1780));
#441=EDGE_LOOP('',(#1781,#1782,#1783,#1784));
#442=EDGE_LOOP('',(#1785,#1786,#1787,#1788));
#443=EDGE_LOOP('',(#1789,#1790,#1791,#1792));
#444=EDGE_LOOP('',(#1793,#1794,#1795,#1796));
#445=EDGE_LOOP('',(#1797,#1798,#1799,#1800));
#446=EDGE_LOOP('',(#1801,#1802,#1803,#1804));
#447=EDGE_LOOP('',(#1805,#1806,#1807,#1808));
#448=EDGE_LOOP('',(#1809,#1810,#1811,#1812));
#449=EDGE_LOOP('',(#1813,#1814,#1815,#1816));
#450=EDGE_LOOP('',(#1817,#1818,#1819,#1820,#1821));
#451=EDGE_LOOP('',(#1822,#1823,#1824,#1825));
#452=EDGE_LOOP('',(#1826,#1827,#1828,#1829));
#453=EDGE_LOOP('',(#1830,#1831,#1832,#1833));
#454=EDGE_LOOP('',(#1834,#1835,#1836,#1837));
#455=EDGE_LOOP('',(#1838,#1839,#1840,#1841));
#456=EDGE_LOOP('',(#1842,#1843,#1844,#1845));
#457=EDGE_LOOP('',(#1846,#1847,#1848,#1849,#1850,#1851,#1852,#1853,#1854,
#1855,#1856,#1857,#1858,#1859,#1860,#1861,#1862));
#458=EDGE_LOOP('',(#1863,#1864,#1865,#1866));
#459=EDGE_LOOP('',(#1867,#1868,#1869,#1870,#1871,#1872,#1873,#1874,#1875,
#1876,#1877,#1878,#1879,#1880,#1881,#1882));
#460=EDGE_LOOP('',(#1883,#1884,#1885));
#461=EDGE_LOOP('',(#1886,#1887,#1888,#1889));
#462=EDGE_LOOP('',(#1890,#1891,#1892,#1893,#1894,#1895,#1896,#1897,#1898,
#1899,#1900,#1901,#1902,#1903,#1904,#1905,#1906,#1907,#1908,#1909,#1910,
#1911,#1912,#1913,#1914,#1915,#1916,#1917,#1918,#1919,#1920,#1921,#1922,
#1923,#1924,#1925,#1926,#1927));
#463=EDGE_LOOP('',(#1928,#1929,#1930,#1931,#1932,#1933,#1934,#1935,#1936,
#1937,#1938,#1939,#1940,#1941,#1942,#1943,#1944,#1945,#1946,#1947,#1948,
#1949,#1950,#1951,#1952,#1953,#1954,#1955,#1956,#1957,#1958,#1959,#1960,
#1961,#1962,#1963,#1964));
#464=EDGE_LOOP('',(#1965,#1966,#1967,#1968));
#465=EDGE_LOOP('',(#1969,#1970,#1971,#1972,#1973));
#466=EDGE_LOOP('',(#1974,#1975,#1976));
#467=EDGE_LOOP('',(#1977,#1978,#1979,#1980));
#468=EDGE_LOOP('',(#1981,#1982,#1983));
#469=EDGE_LOOP('',(#1984,#1985));
#470=EDGE_LOOP('',(#1986,#1987));
#471=EDGE_LOOP('',(#1988,#1989,#1990,#1991));
#472=EDGE_LOOP('',(#1992));
#473=EDGE_LOOP('',(#1993,#1994,#1995,#1996));
#474=EDGE_LOOP('',(#1997,#1998,#1999,#2000,#2001));
#475=EDGE_LOOP('',(#2002));
#476=EDGE_LOOP('',(#2003,#2004,#2005,#2006));
#477=EDGE_LOOP('',(#2007,#2008,#2009,#2010,#2011,#2012,#2013,#2014,#2015,
#2016,#2017,#2018));
#478=EDGE_LOOP('',(#2019,#2020,#2021,#2022));
#479=LINE('',#2908,#602);
#480=LINE('',#2915,#603);
#481=LINE('',#2923,#604);
#482=LINE('',#2927,#605);
#483=LINE('',#2932,#606);
#484=LINE('',#2945,#607);
#485=LINE('',#3025,#608);
#486=LINE('',#3115,#609);
#487=LINE('',#3202,#610);
#488=LINE('',#3289,#611);
#489=LINE('',#3358,#612);
#490=LINE('',#3384,#613);
#491=LINE('',#3421,#614);
#492=LINE('',#3458,#615);
#493=LINE('',#3496,#616);
#494=LINE('',#3532,#617);
#495=LINE('',#4752,#618);
#496=LINE('',#4758,#619);
#497=LINE('',#4762,#620);
#498=LINE('',#4766,#621);
#499=LINE('',#4770,#622);
#500=LINE('',#4774,#623);
#501=LINE('',#4778,#624);
#502=LINE('',#4782,#625);
#503=LINE('',#4786,#626);
#504=LINE('',#4790,#627);
#505=LINE('',#4794,#628);
#506=LINE('',#4797,#629);
#507=LINE('',#4801,#630);
#508=LINE('',#4807,#631);
#509=LINE('',#4808,#632);
#510=LINE('',#4811,#633);
#511=LINE('',#4813,#634);
#512=LINE('',#4815,#635);
#513=LINE('',#4821,#636);
#514=LINE('',#4823,#637);
#515=LINE('',#4825,#638);
#516=LINE('',#4831,#639);
#517=LINE('',#4837,#640);
#518=LINE('',#4838,#641);
#519=LINE('',#4850,#642);
#520=LINE('',#4852,#643);
#521=LINE('',#4854,#644);
#522=LINE('',#4856,#645);
#523=LINE('',#4859,#646);
#524=LINE('',#4861,#647);
#525=LINE('',#4865,#648);
#526=LINE('',#4867,#649);
#527=LINE('',#4870,#650);
#528=LINE('',#4874,#651);
#529=LINE('',#4882,#652);
#530=LINE('',#4886,#653);
#531=LINE('',#4888,#654);
#532=LINE('',#4892,#655);
#533=LINE('',#4894,#656);
#534=LINE('',#4900,#657);
#535=LINE('',#4902,#658);
#536=LINE('',#4916,#659);
#537=LINE('',#4924,#660);
#538=LINE('',#4928,#661);
#539=LINE('',#4930,#662);
#540=LINE('',#4933,#663);
#541=LINE('',#4935,#664);
#542=LINE('',#4942,#665);
#543=LINE('',#4944,#666);
#544=LINE('',#4963,#667);
#545=LINE('',#4967,#668);
#546=LINE('',#4977,#669);
#547=LINE('',#5057,#670);
#548=LINE('',#5144,#671);
#549=LINE('',#5234,#672);
#550=LINE('',#5321,#673);
#551=LINE('',#5408,#674);
#552=LINE('',#5495,#675);
#553=LINE('',#5582,#676);
#554=LINE('',#5669,#677);
#555=LINE('',#5741,#678);
#556=LINE('',#5828,#679);
#557=LINE('',#5915,#680);
#558=LINE('',#6002,#681);
#559=LINE('',#6089,#682);
#560=LINE('',#6179,#683);
#561=LINE('',#6266,#684);
#562=LINE('',#6335,#685);
#563=LINE('',#6359,#686);
#564=LINE('',#6397,#687);
#565=LINE('',#6434,#688);
#566=LINE('',#6471,#689);
#567=LINE('',#6509,#690);
#568=LINE('',#6545,#691);
#569=LINE('',#6583,#692);
#570=LINE('',#6620,#693);
#571=LINE('',#6653,#694);
#572=LINE('',#6689,#695);
#573=LINE('',#6725,#696);
#574=LINE('',#6763,#697);
#575=LINE('',#6799,#698);
#576=LINE('',#6837,#699);
#577=LINE('',#6875,#700);
#578=LINE('',#6911,#701);
#579=LINE('',#6931,#702);
#580=LINE('',#6964,#703);
#581=LINE('',#7048,#704);
#582=LINE('',#7138,#705);
#583=LINE('',#7228,#706);
#584=LINE('',#7318,#707);
#585=LINE('',#7402,#708);
#586=LINE('',#7491,#709);
#587=LINE('',#7519,#710);
#588=LINE('',#7556,#711);
#589=LINE('',#7593,#712);
#590=LINE('',#7631,#713);
#591=LINE('',#7669,#714);
#592=LINE('',#11154,#715);
#593=LINE('',#11158,#716);
#594=LINE('',#11160,#717);
#595=LINE('',#11161,#718);
#596=LINE('',#11170,#719);
#597=LINE('',#11175,#720);
#598=LINE('',#11177,#721);
#599=LINE('',#11178,#722);
#600=LINE('',#11187,#723);
#601=LINE('',#11188,#724);
#602=VECTOR('',#2424,10.125);
#603=VECTOR('',#2433,6.25);
#604=VECTOR('',#2444,11.6249999925494);
#605=VECTOR('',#2449,12.125);
#606=VECTOR('',#2454,5.137);
#607=VECTOR('',#2459,5.137);
#608=VECTOR('',#2464,5.137);
#609=VECTOR('',#2467,5.137);
#610=VECTOR('',#2470,5.137);
#611=VECTOR('',#2473,5.137);
#612=VECTOR('',#2478,6.11325);
#613=VECTOR('',#2483,6.11325);
#614=VECTOR('',#2486,6.11325);
#615=VECTOR('',#2489,6.11325);
#616=VECTOR('',#2492,6.11325);
#617=VECTOR('',#2495,6.11325);
#618=VECTOR('',#2504,10.);
#619=VECTOR('',#2509,10.);
#620=VECTOR('',#2512,10.);
#621=VECTOR('',#2515,10.);
#622=VECTOR('',#2518,10.);
#623=VECTOR('',#2521,10.);
#624=VECTOR('',#2524,10.);
#625=VECTOR('',#2527,10.);
#626=VECTOR('',#2530,10.);
#627=VECTOR('',#2533,10.);
#628=VECTOR('',#2536,10.);
#629=VECTOR('',#2539,10.);
#630=VECTOR('',#2544,10.);
#631=VECTOR('',#2545,10.);
#632=VECTOR('',#2546,10.);
#633=VECTOR('',#2549,10.);
#634=VECTOR('',#2550,10.);
#635=VECTOR('',#2551,10.);
#636=VECTOR('',#2554,10.);
#637=VECTOR('',#2555,10.);
#638=VECTOR('',#2556,10.);
#639=VECTOR('',#2559,10.);
#640=VECTOR('',#2560,10.);
#641=VECTOR('',#2561,10.);
#642=VECTOR('',#2572,10.0000001490116);
#643=VECTOR('',#2573,10.);
#644=VECTOR('',#2576,10.);
#645=VECTOR('',#2577,10.);
#646=VECTOR('',#2580,10.);
#647=VECTOR('',#2581,10.);
#648=VECTOR('',#2586,10.);
#649=VECTOR('',#2587,10.);
#650=VECTOR('',#2590,10.);
#651=VECTOR('',#2595,10.);
#652=VECTOR('',#2602,10.);
#653=VECTOR('',#2607,10.);
#654=VECTOR('',#2610,10.);
#655=VECTOR('',#2615,10.);
#656=VECTOR('',#2616,10.);
#657=VECTOR('',#2619,10.);
#658=VECTOR('',#2620,10.);
#659=VECTOR('',#2631,10.);
#660=VECTOR('',#2638,10.);
#661=VECTOR('',#2643,10.);
#662=VECTOR('',#2646,10.);
#663=VECTOR('',#2649,10.);
#664=VECTOR('',#2650,10.);
#665=VECTOR('',#2655,10.);
#666=VECTOR('',#2656,10.);
#667=VECTOR('',#2685,9.75000014528632);
#668=VECTOR('',#2688,4.263);
#669=VECTOR('',#2693,4.263);
#670=VECTOR('',#2698,4.263);
#671=VECTOR('',#2701,4.263);
#672=VECTOR('',#2704,4.263);
#673=VECTOR('',#2707,4.263);
#674=VECTOR('',#2710,4.263);
#675=VECTOR('',#2713,4.263);
#676=VECTOR('',#2716,4.263);
#677=VECTOR('',#2719,4.263);
#678=VECTOR('',#2722,4.263);
#679=VECTOR('',#2725,4.263);
#680=VECTOR('',#2728,4.263);
#681=VECTOR('',#2731,4.263);
#682=VECTOR('',#2734,4.263);
#683=VECTOR('',#2737,4.263);
#684=VECTOR('',#2740,4.263);
#685=VECTOR('',#2745,5.099);
#686=VECTOR('',#2750,5.099);
#687=VECTOR('',#2753,5.099);
#688=VECTOR('',#2756,5.099);
#689=VECTOR('',#2759,5.099);
#690=VECTOR('',#2762,5.099);
#691=VECTOR('',#2765,5.099);
#692=VECTOR('',#2768,5.099);
#693=VECTOR('',#2771,5.099);
#694=VECTOR('',#2774,5.099);
#695=VECTOR('',#2777,5.099);
#696=VECTOR('',#2780,5.099);
#697=VECTOR('',#2783,5.099);
#698=VECTOR('',#2786,5.099);
#699=VECTOR('',#2789,5.099);
#700=VECTOR('',#2792,5.099);
#701=VECTOR('',#2795,5.099);
#702=VECTOR('',#2800,6.00000008940697);
#703=VECTOR('',#2805,6.00000008940697);
#704=VECTOR('',#2808,6.00000008940697);
#705=VECTOR('',#2811,6.00000008940697);
#706=VECTOR('',#2814,6.00000008940697);
#707=VECTOR('',#2817,6.00000008940697);
#708=VECTOR('',#2820,6.00000008940697);
#709=VECTOR('',#2825,4.91825);
#710=VECTOR('',#2830,4.91825);
#711=VECTOR('',#2833,4.91825);
#712=VECTOR('',#2836,4.91825);
#713=VECTOR('',#2839,4.91825);
#714=VECTOR('',#2842,4.91825);
#715=VECTOR('',#2861,10.);
#716=VECTOR('',#2866,10.);
#717=VECTOR('',#2867,10.);
#718=VECTOR('',#2868,10.);
#719=VECTOR('',#2879,10.);
#720=VECTOR('',#2884,10.);
#721=VECTOR('',#2887,10.);
#722=VECTOR('',#2888,10.);
#723=VECTOR('',#2901,8.00000011920929);
#724=VECTOR('',#2902,8.00000011920929);
#725=CIRCLE('',#2239,10.125);
#726=CIRCLE('',#2240,10.125);
#727=CIRCLE('',#2242,6.25);
#728=CIRCLE('',#2244,6.25);
#729=CIRCLE('',#2246,11.1249999850988);
#730=CIRCLE('',#2248,12.125);
#731=CIRCLE('',#2250,12.125);
#732=CIRCLE('',#2253,5.13675);
#733=CIRCLE('',#2255,5.13675);
#734=CIRCLE('',#2260,5.13675);
#735=CIRCLE('',#2262,6.11325);
#736=CIRCLE('',#2268,6.11325);
#737=CIRCLE('',#2271,9.00000013411045);
#738=CIRCLE('',#2272,10.0000001490116);
#739=CIRCLE('',#2273,10.0000001490116);
#740=CIRCLE('',#2274,9.00000013411045);
#741=CIRCLE('',#2275,10.0000001490116);
#742=CIRCLE('',#2276,9.00000013411045);
#743=CIRCLE('',#2277,10.0000001490116);
#744=CIRCLE('',#2278,9.00000013411045);
#745=CIRCLE('',#2279,10.0000001490116);
#746=CIRCLE('',#2280,9.00000013411045);
#747=CIRCLE('',#2281,10.0000001490116);
#748=CIRCLE('',#2282,9.00000013411045);
#749=CIRCLE('',#2283,10.0000001490116);
#750=CIRCLE('',#2290,10.5000001564622);
#751=CIRCLE('',#2291,10.0000001490116);
#752=CIRCLE('',#2293,10.0000001490116);
#753=CIRCLE('',#2294,10.0000001490116);
#754=CIRCLE('',#2295,10.0000001490116);
#755=CIRCLE('',#2296,10.0000001490116);
#756=CIRCLE('',#2297,10.0000001490116);
#757=CIRCLE('',#2298,10.0000001490116);
#758=CIRCLE('',#2300,9.00000013411045);
#759=CIRCLE('',#2302,10.5000001564622);
#760=CIRCLE('',#2305,9.00000013411045);
#761=CIRCLE('',#2312,10.5000001564622);
#762=CIRCLE('',#2314,9.00000013411045);
#763=CIRCLE('',#2316,10.5000001564622);
#764=CIRCLE('',#2319,9.00000013411045);
#765=CIRCLE('',#2326,10.5000001564622);
#766=CIRCLE('',#2328,9.00000013411045);
#767=CIRCLE('',#2331,9.00000013411045);
#768=CIRCLE('',#2333,9.50000014156103);
#769=CIRCLE('',#2335,10.5000001564622);
#770=CIRCLE('',#2339,4.263);
#771=CIRCLE('',#2341,4.263);
#772=CIRCLE('',#2357,4.263);
#773=CIRCLE('',#2359,5.099);
#774=CIRCLE('',#2376,5.099);
#775=CIRCLE('',#2378,5.91675);
#776=CIRCLE('',#2385,5.91675);
#777=CIRCLE('',#2387,4.91825);
#778=CIRCLE('',#2394,4.91825);
#779=CIRCLE('',#2396,5.91675);
#780=CIRCLE('',#2401,8.00000011920929);
#781=CIRCLE('',#2402,8.00000011920929);
#782=CIRCLE('',#2405,8.00000011920929);
#783=CIRCLE('',#2406,8.00000011920929);
#784=CIRCLE('',#2408,8.00000011920929);
#785=CIRCLE('',#2410,8.00000011920929);
#786=CIRCLE('',#2413,8.00000011920929);
#787=CIRCLE('',#2416,8.00000011920929);
#788=VERTEX_POINT('',#2905);
#789=VERTEX_POINT('',#2907);
#790=VERTEX_POINT('',#2911);
#791=VERTEX_POINT('',#2914);
#792=VERTEX_POINT('',#2918);
#793=VERTEX_POINT('',#2921);
#794=VERTEX_POINT('',#2925);
#795=VERTEX_POINT('',#2930);
#796=VERTEX_POINT('',#2931);
#797=VERTEX_POINT('',#2933);
#798=VERTEX_POINT('',#2943);
#799=VERTEX_POINT('',#2944);
#800=VERTEX_POINT('',#2946);
#801=VERTEX_POINT('',#3023);
#802=VERTEX_POINT('',#3024);
#803=VERTEX_POINT('',#3113);
#804=VERTEX_POINT('',#3114);
#805=VERTEX_POINT('',#3200);
#806=VERTEX_POINT('',#3201);
#807=VERTEX_POINT('',#3287);
#808=VERTEX_POINT('',#3288);
#809=VERTEX_POINT('',#3290);
#810=VERTEX_POINT('',#3316);
#811=VERTEX_POINT('',#3356);
#812=VERTEX_POINT('',#3357);
#813=VERTEX_POINT('',#3359);
#814=VERTEX_POINT('',#3369);
#815=VERTEX_POINT('',#3382);
#816=VERTEX_POINT('',#3383);
#817=VERTEX_POINT('',#3419);
#818=VERTEX_POINT('',#3420);
#819=VERTEX_POINT('',#3456);
#820=VERTEX_POINT('',#3457);
#821=VERTEX_POINT('',#3494);
#822=VERTEX_POINT('',#3495);
#823=VERTEX_POINT('',#3530);
#824=VERTEX_POINT('',#3531);
#825=VERTEX_POINT('',#3533);
#826=VERTEX_POINT('',#3540);
#827=VERTEX_POINT('',#4748);
#828=VERTEX_POINT('',#4749);
#829=VERTEX_POINT('',#4751);
#830=VERTEX_POINT('',#4753);
#831=VERTEX_POINT('',#4755);
#832=VERTEX_POINT('',#4757);
#833=VERTEX_POINT('',#4759);
#834=VERTEX_POINT('',#4761);
#835=VERTEX_POINT('',#4763);
#836=VERTEX_POINT('',#4765);
#837=VERTEX_POINT('',#4767);
#838=VERTEX_POINT('',#4769);
#839=VERTEX_POINT('',#4771);
#840=VERTEX_POINT('',#4773);
#841=VERTEX_POINT('',#4775);
#842=VERTEX_POINT('',#4777);
#843=VERTEX_POINT('',#4779);
#844=VERTEX_POINT('',#4781);
#845=VERTEX_POINT('',#4783);
#846=VERTEX_POINT('',#4785);
#847=VERTEX_POINT('',#4787);
#848=VERTEX_POINT('',#4789);
#849=VERTEX_POINT('',#4791);
#850=VERTEX_POINT('',#4793);
#851=VERTEX_POINT('',#4795);
#852=VERTEX_POINT('',#4800);
#853=VERTEX_POINT('',#4802);
#854=VERTEX_POINT('',#4806);
#855=VERTEX_POINT('',#4810);
#856=VERTEX_POINT('',#4812);
#857=VERTEX_POINT('',#4814);
#858=VERTEX_POINT('',#4820);
#859=VERTEX_POINT('',#4822);
#860=VERTEX_POINT('',#4824);
#861=VERTEX_POINT('',#4830);
#862=VERTEX_POINT('',#4832);
#863=VERTEX_POINT('',#4836);
#864=VERTEX_POINT('',#4840);
#865=VERTEX_POINT('',#4842);
#866=VERTEX_POINT('',#4848);
#867=VERTEX_POINT('',#4851);
#868=VERTEX_POINT('',#4855);
#869=VERTEX_POINT('',#4857);
#870=VERTEX_POINT('',#4860);
#871=VERTEX_POINT('',#4863);
#872=VERTEX_POINT('',#4866);
#873=VERTEX_POINT('',#4868);
#874=VERTEX_POINT('',#4872);
#875=VERTEX_POINT('',#4876);
#876=VERTEX_POINT('',#4884);
#877=VERTEX_POINT('',#4891);
#878=VERTEX_POINT('',#4893);
#879=VERTEX_POINT('',#4899);
#880=VERTEX_POINT('',#4901);
#881=VERTEX_POINT('',#4908);
#882=VERTEX_POINT('',#4914);
#883=VERTEX_POINT('',#4918);
#884=VERTEX_POINT('',#4926);
#885=VERTEX_POINT('',#4932);
#886=VERTEX_POINT('',#4934);
#887=VERTEX_POINT('',#4941);
#888=VERTEX_POINT('',#4943);
#889=VERTEX_POINT('',#4957);
#890=VERTEX_POINT('',#4965);
#891=VERTEX_POINT('',#4966);
#892=VERTEX_POINT('',#4968);
#893=VERTEX_POINT('',#4975);
#894=VERTEX_POINT('',#4976);
#895=VERTEX_POINT('',#4978);
#896=VERTEX_POINT('',#5055);
#897=VERTEX_POINT('',#5056);
#898=VERTEX_POINT('',#5142);
#899=VERTEX_POINT('',#5143);
#900=VERTEX_POINT('',#5232);
#901=VERTEX_POINT('',#5233);
#902=VERTEX_POINT('',#5319);
#903=VERTEX_POINT('',#5320);
#904=VERTEX_POINT('',#5406);
#905=VERTEX_POINT('',#5407);
#906=VERTEX_POINT('',#5493);
#907=VERTEX_POINT('',#5494);
#908=VERTEX_POINT('',#5580);
#909=VERTEX_POINT('',#5581);
#910=VERTEX_POINT('',#5667);
#911=VERTEX_POINT('',#5668);
#912=VERTEX_POINT('',#5739);
#913=VERTEX_POINT('',#5740);
#914=VERTEX_POINT('',#5826);
#915=VERTEX_POINT('',#5827);
#916=VERTEX_POINT('',#5913);
#917=VERTEX_POINT('',#5914);
#918=VERTEX_POINT('',#6000);
#919=VERTEX_POINT('',#6001);
#920=VERTEX_POINT('',#6087);
#921=VERTEX_POINT('',#6088);
#922=VERTEX_POINT('',#6177);
#923=VERTEX_POINT('',#6178);
#924=VERTEX_POINT('',#6264);
#925=VERTEX_POINT('',#6265);
#926=VERTEX_POINT('',#6267);
#927=VERTEX_POINT('',#6293);
#928=VERTEX_POINT('',#6333);
#929=VERTEX_POINT('',#6334);
#930=VERTEX_POINT('',#6336);
#931=VERTEX_POINT('',#6345);
#932=VERTEX_POINT('',#6357);
#933=VERTEX_POINT('',#6358);
#934=VERTEX_POINT('',#6395);
#935=VERTEX_POINT('',#6396);
#936=VERTEX_POINT('',#6432);
#937=VERTEX_POINT('',#6433);
#938=VERTEX_POINT('',#6469);
#939=VERTEX_POINT('',#6470);
#940=VERTEX_POINT('',#6507);
#941=VERTEX_POINT('',#6508);
#942=VERTEX_POINT('',#6543);
#943=VERTEX_POINT('',#6544);
#944=VERTEX_POINT('',#6581);
#945=VERTEX_POINT('',#6582);
#946=VERTEX_POINT('',#6618);
#947=VERTEX_POINT('',#6619);
#948=VERTEX_POINT('',#6651);
#949=VERTEX_POINT('',#6652);
#950=VERTEX_POINT('',#6687);
#951=VERTEX_POINT('',#6688);
#952=VERTEX_POINT('',#6723);
#953=VERTEX_POINT('',#6724);
#954=VERTEX_POINT('',#6761);
#955=VERTEX_POINT('',#6762);
#956=VERTEX_POINT('',#6797);
#957=VERTEX_POINT('',#6798);
#958=VERTEX_POINT('',#6835);
#959=VERTEX_POINT('',#6836);
#960=VERTEX_POINT('',#6873);
#961=VERTEX_POINT('',#6874);
#962=VERTEX_POINT('',#6909);
#963=VERTEX_POINT('',#6910);
#964=VERTEX_POINT('',#6912);
#965=VERTEX_POINT('',#6919);
#966=VERTEX_POINT('',#6929);
#967=VERTEX_POINT('',#6930);
#968=VERTEX_POINT('',#6932);
#969=VERTEX_POINT('',#6949);
#970=VERTEX_POINT('',#6962);
#971=VERTEX_POINT('',#6963);
#972=VERTEX_POINT('',#7046);
#973=VERTEX_POINT('',#7047);
#974=VERTEX_POINT('',#7136);
#975=VERTEX_POINT('',#7137);
#976=VERTEX_POINT('',#7226);
#977=VERTEX_POINT('',#7227);
#978=VERTEX_POINT('',#7316);
#979=VERTEX_POINT('',#7317);
#980=VERTEX_POINT('',#7400);
#981=VERTEX_POINT('',#7401);
#982=VERTEX_POINT('',#7403);
#983=VERTEX_POINT('',#7489);
#984=VERTEX_POINT('',#7490);
#985=VERTEX_POINT('',#7492);
#986=VERTEX_POINT('',#7505);
#987=VERTEX_POINT('',#7517);
#988=VERTEX_POINT('',#7518);
#989=VERTEX_POINT('',#7554);
#990=VERTEX_POINT('',#7555);
#991=VERTEX_POINT('',#7591);
#992=VERTEX_POINT('',#7592);
#993=VERTEX_POINT('',#7629);
#994=VERTEX_POINT('',#7630);
#995=VERTEX_POINT('',#7667);
#996=VERTEX_POINT('',#7668);
#997=VERTEX_POINT('',#8051);
#998=VERTEX_POINT('',#8171);
#999=VERTEX_POINT('',#8293);
#1000=VERTEX_POINT('',#11150);
#1001=VERTEX_POINT('',#11151);
#1002=VERTEX_POINT('',#11153);
#1003=VERTEX_POINT('',#11157);
#1004=VERTEX_POINT('',#11159);
#1005=VERTEX_POINT('',#11163);
#1006=VERTEX_POINT('',#11167);
#1007=VERTEX_POINT('',#11168);
#1008=VERTEX_POINT('',#11172);
#1009=VERTEX_POINT('',#11173);
#1010=VERTEX_POINT('',#11180);
#1011=VERTEX_POINT('',#11184);
#1012=EDGE_CURVE('',#788,#788,#725,.T.);
#1013=EDGE_CURVE('',#788,#789,#479,.T.);
#1014=EDGE_CURVE('',#789,#789,#726,.T.);
#1015=EDGE_CURVE('',#790,#790,#727,.T.);
#1016=EDGE_CURVE('',#790,#791,#480,.T.);
#1017=EDGE_CURVE('',#791,#791,#728,.T.);
#1018=EDGE_CURVE('',#792,#792,#729,.T.);
#1019=EDGE_CURVE('',#793,#793,#730,.T.);
#1020=EDGE_CURVE('',#793,#792,#481,.T.);
#1021=EDGE_CURVE('',#794,#794,#731,.T.);
#1022=EDGE_CURVE('',#794,#793,#482,.T.);
#1023=EDGE_CURVE('',#795,#796,#483,.T.);
#1024=EDGE_CURVE('',#797,#796,#732,.F.);
#1025=EDGE_CURVE('',#797,#795,#31,.T.);
#1026=EDGE_CURVE('',#798,#799,#484,.T.);
#1027=EDGE_CURVE('',#799,#800,#32,.T.);
#1028=EDGE_CURVE('',#796,#800,#733,.F.);
#1029=EDGE_CURVE('',#795,#798,#33,.T.);
#1030=EDGE_CURVE('',#801,#802,#485,.T.);
#1031=EDGE_CURVE('',#802,#799,#34,.T.);
#1032=EDGE_CURVE('',#798,#801,#35,.T.);
#1033=EDGE_CURVE('',#803,#804,#486,.T.);
#1034=EDGE_CURVE('',#804,#802,#36,.T.);
#1035=EDGE_CURVE('',#801,#803,#37,.T.);
#1036=EDGE_CURVE('',#805,#806,#487,.T.);
#1037=EDGE_CURVE('',#806,#804,#38,.T.);
#1038=EDGE_CURVE('',#803,#805,#39,.T.);
#1039=EDGE_CURVE('',#807,#808,#488,.T.);
#1040=EDGE_CURVE('',#807,#809,#40,.T.);
#1041=EDGE_CURVE('',#810,#809,#734,.T.);
#1042=EDGE_CURVE('',#810,#808,#41,.T.);
#1043=EDGE_CURVE('',#811,#812,#489,.T.);
#1044=EDGE_CURVE('',#812,#813,#42,.T.);
#1045=EDGE_CURVE('',#814,#813,#735,.T.);
#1046=EDGE_CURVE('',#811,#814,#43,.T.);
#1047=EDGE_CURVE('',#815,#816,#490,.T.);
#1048=EDGE_CURVE('',#816,#812,#44,.T.);
#1049=EDGE_CURVE('',#815,#811,#45,.T.);
#1050=EDGE_CURVE('',#817,#818,#491,.T.);
#1051=EDGE_CURVE('',#818,#816,#46,.T.);
#1052=EDGE_CURVE('',#817,#815,#47,.T.);
#1053=EDGE_CURVE('',#819,#820,#492,.T.);
#1054=EDGE_CURVE('',#820,#818,#48,.T.);
#1055=EDGE_CURVE('',#819,#817,#49,.T.);
#1056=EDGE_CURVE('',#821,#822,#493,.T.);
#1057=EDGE_CURVE('',#822,#820,#50,.T.);
#1058=EDGE_CURVE('',#821,#819,#51,.T.);
#1059=EDGE_CURVE('',#823,#824,#494,.T.);
#1060=EDGE_CURVE('',#825,#823,#52,.T.);
#1061=EDGE_CURVE('',#826,#825,#736,.T.);
#1062=EDGE_CURVE('',#826,#824,#53,.T.);
#1063=EDGE_CURVE('',#824,#822,#54,.T.);
#1064=EDGE_CURVE('',#823,#821,#55,.T.);
#1065=EDGE_CURVE('',#813,#797,#56,.T.);
#1066=EDGE_CURVE('',#809,#826,#57,.T.);
#1067=EDGE_CURVE('',#805,#807,#58,.T.);
#1068=EDGE_CURVE('',#800,#814,#59,.T.);
#1069=EDGE_CURVE('',#808,#806,#60,.T.);
#1070=EDGE_CURVE('',#825,#810,#61,.T.);
#1071=EDGE_CURVE('',#827,#828,#737,.T.);
#1072=EDGE_CURVE('',#829,#827,#495,.T.);
#1073=EDGE_CURVE('',#830,#829,#738,.T.);
#1074=EDGE_CURVE('',#831,#830,#739,.T.);
#1075=EDGE_CURVE('',#832,#831,#496,.T.);
#1076=EDGE_CURVE('',#833,#832,#740,.T.);
#1077=EDGE_CURVE('',#833,#834,#497,.T.);
#1078=EDGE_CURVE('',#835,#834,#741,.T.);
#1079=EDGE_CURVE('',#835,#836,#498,.T.);
#1080=EDGE_CURVE('',#837,#836,#742,.T.);
#1081=EDGE_CURVE('',#837,#838,#499,.T.);
#1082=EDGE_CURVE('',#839,#838,#743,.T.);
#1083=EDGE_CURVE('',#839,#840,#500,.T.);
#1084=EDGE_CURVE('',#841,#840,#744,.T.);
#1085=EDGE_CURVE('',#842,#841,#501,.T.);
#1086=EDGE_CURVE('',#843,#842,#745,.T.);
#1087=EDGE_CURVE('',#844,#843,#502,.T.);
#1088=EDGE_CURVE('',#845,#844,#746,.T.);
#1089=EDGE_CURVE('',#845,#846,#503,.T.);
#1090=EDGE_CURVE('',#847,#846,#747,.T.);
#1091=EDGE_CURVE('',#847,#848,#504,.T.);
#1092=EDGE_CURVE('',#849,#848,#748,.T.);
#1093=EDGE_CURVE('',#849,#850,#505,.T.);
#1094=EDGE_CURVE('',#851,#850,#749,.T.);
#1095=EDGE_CURVE('',#851,#828,#506,.T.);
#1096=EDGE_CURVE('',#852,#839,#507,.T.);
#1097=EDGE_CURVE('',#853,#852,#13,.T.);
#1098=EDGE_CURVE('',#854,#853,#508,.T.);
#1099=EDGE_CURVE('',#840,#854,#509,.T.);
#1100=EDGE_CURVE('',#850,#855,#510,.T.);
#1101=EDGE_CURVE('',#856,#849,#511,.T.);
#1102=EDGE_CURVE('',#857,#856,#512,.T.);
#1103=EDGE_CURVE('',#855,#857,#14,.T.);
#1104=EDGE_CURVE('',#838,#858,#513,.T.);
#1105=EDGE_CURVE('',#859,#837,#514,.T.);
#1106=EDGE_CURVE('',#860,#859,#515,.T.);
#1107=EDGE_CURVE('',#858,#860,#15,.T.);
#1108=EDGE_CURVE('',#861,#851,#516,.T.);
#1109=EDGE_CURVE('',#862,#861,#16,.T.);
#1110=EDGE_CURVE('',#863,#862,#517,.T.);
#1111=EDGE_CURVE('',#828,#863,#518,.T.);
#1112=EDGE_CURVE('',#857,#864,#750,.T.);
#1113=EDGE_CURVE('',#864,#865,#17,.T.);
#1114=EDGE_CURVE('',#855,#865,#751,.T.);
#1115=EDGE_CURVE('',#866,#866,#752,.T.);
#1116=EDGE_CURVE('',#866,#830,#519,.T.);
#1117=EDGE_CURVE('',#829,#867,#520,.T.);
#1118=EDGE_CURVE('',#867,#861,#753,.T.);
#1119=EDGE_CURVE('',#865,#847,#521,.T.);
#1120=EDGE_CURVE('',#846,#868,#522,.T.);
#1121=EDGE_CURVE('',#868,#869,#754,.T.);
#1122=EDGE_CURVE('',#869,#843,#523,.T.);
#1123=EDGE_CURVE('',#842,#870,#524,.T.);
#1124=EDGE_CURVE('',#870,#852,#755,.T.);
#1125=EDGE_CURVE('',#858,#871,#756,.T.);
#1126=EDGE_CURVE('',#871,#835,#525,.T.);
#1127=EDGE_CURVE('',#834,#872,#526,.T.);
#1128=EDGE_CURVE('',#872,#873,#757,.T.);
#1129=EDGE_CURVE('',#873,#831,#527,.T.);
#1130=EDGE_CURVE('',#856,#874,#758,.T.);
#1131=EDGE_CURVE('',#874,#864,#528,.T.);
#1132=EDGE_CURVE('',#860,#875,#759,.T.);
#1133=EDGE_CURVE('',#875,#871,#18,.T.);
#1134=EDGE_CURVE('',#848,#874,#529,.T.);
#1135=EDGE_CURVE('',#859,#876,#760,.T.);
#1136=EDGE_CURVE('',#876,#875,#530,.T.);
#1137=EDGE_CURVE('',#836,#876,#531,.T.);
#1138=EDGE_CURVE('',#877,#845,#532,.T.);
#1139=EDGE_CURVE('',#878,#877,#533,.T.);
#1140=EDGE_CURVE('',#868,#878,#19,.T.);
#1141=EDGE_CURVE('',#879,#833,#534,.T.);
#1142=EDGE_CURVE('',#880,#879,#535,.T.);
#1143=EDGE_CURVE('',#872,#880,#20,.T.);
#1144=EDGE_CURVE('',#878,#881,#761,.T.);
#1145=EDGE_CURVE('',#881,#869,#21,.T.);
#1146=EDGE_CURVE('',#877,#882,#762,.T.);
#1147=EDGE_CURVE('',#882,#881,#536,.T.);
#1148=EDGE_CURVE('',#880,#883,#763,.T.);
#1149=EDGE_CURVE('',#883,#873,#22,.T.);
#1150=EDGE_CURVE('',#844,#882,#537,.T.);
#1151=EDGE_CURVE('',#879,#884,#764,.T.);
#1152=EDGE_CURVE('',#884,#883,#538,.T.);
#1153=EDGE_CURVE('',#832,#884,#539,.T.);
#1154=EDGE_CURVE('',#885,#841,#540,.T.);
#1155=EDGE_CURVE('',#886,#885,#541,.T.);
#1156=EDGE_CURVE('',#870,#886,#23,.T.);
#1157=EDGE_CURVE('',#887,#827,#542,.T.);
#1158=EDGE_CURVE('',#888,#887,#543,.T.);
#1159=EDGE_CURVE('',#867,#888,#24,.T.);
#1160=EDGE_CURVE('',#888,#862,#765,.T.);
#1161=EDGE_CURVE('',#887,#863,#766,.T.);
#1162=EDGE_CURVE('',#885,#854,#767,.T.);
#1163=EDGE_CURVE('',#889,#889,#768,.T.);
#1164=EDGE_CURVE('',#886,#853,#769,.T.);
#1165=EDGE_CURVE('',#889,#866,#544,.T.);
#1166=EDGE_CURVE('',#890,#891,#545,.T.);
#1167=EDGE_CURVE('',#891,#892,#770,.T.);
#1168=EDGE_CURVE('',#892,#890,#62,.T.);
#1169=EDGE_CURVE('',#893,#894,#546,.T.);
#1170=EDGE_CURVE('',#894,#895,#63,.T.);
#1171=EDGE_CURVE('',#895,#891,#771,.T.);
#1172=EDGE_CURVE('',#890,#893,#64,.T.);
#1173=EDGE_CURVE('',#896,#897,#547,.T.);
#1174=EDGE_CURVE('',#897,#894,#65,.T.);
#1175=EDGE_CURVE('',#893,#896,#66,.T.);
#1176=EDGE_CURVE('',#898,#899,#548,.T.);
#1177=EDGE_CURVE('',#899,#897,#67,.T.);
#1178=EDGE_CURVE('',#896,#898,#68,.T.);
#1179=EDGE_CURVE('',#900,#901,#549,.T.);
#1180=EDGE_CURVE('',#901,#899,#69,.T.);
#1181=EDGE_CURVE('',#898,#900,#70,.T.);
#1182=EDGE_CURVE('',#902,#903,#550,.T.);
#1183=EDGE_CURVE('',#903,#901,#71,.T.);
#1184=EDGE_CURVE('',#900,#902,#72,.T.);
#1185=EDGE_CURVE('',#904,#905,#551,.T.);
#1186=EDGE_CURVE('',#905,#903,#73,.T.);
#1187=EDGE_CURVE('',#902,#904,#74,.T.);
#1188=EDGE_CURVE('',#906,#907,#552,.T.);
#1189=EDGE_CURVE('',#907,#905,#75,.T.);
#1190=EDGE_CURVE('',#904,#906,#76,.T.);
#1191=EDGE_CURVE('',#908,#909,#553,.T.);
#1192=EDGE_CURVE('',#909,#907,#77,.T.);
#1193=EDGE_CURVE('',#906,#908,#78,.T.);
#1194=EDGE_CURVE('',#910,#911,#554,.T.);
#1195=EDGE_CURVE('',#911,#909,#79,.T.);
#1196=EDGE_CURVE('',#908,#910,#80,.T.);
#1197=EDGE_CURVE('',#912,#913,#555,.T.);
#1198=EDGE_CURVE('',#913,#911,#81,.T.);
#1199=EDGE_CURVE('',#910,#912,#82,.T.);
#1200=EDGE_CURVE('',#914,#915,#556,.T.);
#1201=EDGE_CURVE('',#915,#913,#83,.T.);
#1202=EDGE_CURVE('',#912,#914,#84,.T.);
#1203=EDGE_CURVE('',#916,#917,#557,.T.);
#1204=EDGE_CURVE('',#917,#915,#85,.T.);
#1205=EDGE_CURVE('',#914,#916,#86,.T.);
#1206=EDGE_CURVE('',#918,#919,#558,.T.);
#1207=EDGE_CURVE('',#919,#917,#87,.T.);
#1208=EDGE_CURVE('',#916,#918,#88,.T.);
#1209=EDGE_CURVE('',#920,#921,#559,.T.);
#1210=EDGE_CURVE('',#921,#919,#89,.T.);
#1211=EDGE_CURVE('',#918,#920,#90,.T.);
#1212=EDGE_CURVE('',#922,#923,#560,.T.);
#1213=EDGE_CURVE('',#923,#921,#91,.T.);
#1214=EDGE_CURVE('',#920,#922,#92,.T.);
#1215=EDGE_CURVE('',#924,#925,#561,.T.);
#1216=EDGE_CURVE('',#924,#926,#93,.T.);
#1217=EDGE_CURVE('',#927,#926,#772,.T.);
#1218=EDGE_CURVE('',#927,#925,#94,.T.);
#1219=EDGE_CURVE('',#928,#929,#562,.T.);
#1220=EDGE_CURVE('',#929,#930,#95,.T.);
#1221=EDGE_CURVE('',#931,#930,#773,.T.);
#1222=EDGE_CURVE('',#928,#931,#96,.T.);
#1223=EDGE_CURVE('',#932,#933,#563,.T.);
#1224=EDGE_CURVE('',#933,#929,#97,.T.);
#1225=EDGE_CURVE('',#932,#928,#98,.T.);
#1226=EDGE_CURVE('',#934,#935,#564,.T.);
#1227=EDGE_CURVE('',#935,#933,#99,.T.);
#1228=EDGE_CURVE('',#934,#932,#100,.T.);
#1229=EDGE_CURVE('',#936,#937,#565,.T.);
#1230=EDGE_CURVE('',#937,#935,#101,.T.);
#1231=EDGE_CURVE('',#936,#934,#102,.T.);
#1232=EDGE_CURVE('',#938,#939,#566,.T.);
#1233=EDGE_CURVE('',#939,#937,#103,.T.);
#1234=EDGE_CURVE('',#938,#936,#104,.T.);
#1235=EDGE_CURVE('',#940,#941,#567,.T.);
#1236=EDGE_CURVE('',#941,#939,#105,.T.);
#1237=EDGE_CURVE('',#940,#938,#106,.T.);
#1238=EDGE_CURVE('',#942,#943,#568,.T.);
#1239=EDGE_CURVE('',#943,#941,#107,.T.);
#1240=EDGE_CURVE('',#942,#940,#108,.T.);
#1241=EDGE_CURVE('',#944,#945,#569,.T.);
#1242=EDGE_CURVE('',#945,#943,#109,.T.);
#1243=EDGE_CURVE('',#944,#942,#110,.T.);
#1244=EDGE_CURVE('',#946,#947,#570,.T.);
#1245=EDGE_CURVE('',#947,#945,#111,.T.);
#1246=EDGE_CURVE('',#946,#944,#112,.T.);
#1247=EDGE_CURVE('',#948,#949,#571,.T.);
#1248=EDGE_CURVE('',#949,#947,#113,.T.);
#1249=EDGE_CURVE('',#948,#946,#114,.T.);
#1250=EDGE_CURVE('',#950,#951,#572,.T.);
#1251=EDGE_CURVE('',#951,#949,#115,.T.);
#1252=EDGE_CURVE('',#950,#948,#116,.T.);
#1253=EDGE_CURVE('',#952,#953,#573,.T.);
#1254=EDGE_CURVE('',#953,#951,#117,.T.);
#1255=EDGE_CURVE('',#952,#950,#118,.T.);
#1256=EDGE_CURVE('',#954,#955,#574,.T.);
#1257=EDGE_CURVE('',#955,#953,#119,.T.);
#1258=EDGE_CURVE('',#954,#952,#120,.T.);
#1259=EDGE_CURVE('',#956,#957,#575,.T.);
#1260=EDGE_CURVE('',#957,#955,#121,.T.);
#1261=EDGE_CURVE('',#956,#954,#122,.T.);
#1262=EDGE_CURVE('',#958,#959,#576,.T.);
#1263=EDGE_CURVE('',#959,#957,#123,.T.);
#1264=EDGE_CURVE('',#958,#956,#124,.T.);
#1265=EDGE_CURVE('',#960,#961,#577,.T.);
#1266=EDGE_CURVE('',#961,#959,#125,.T.);
#1267=EDGE_CURVE('',#960,#958,#126,.T.);
#1268=EDGE_CURVE('',#962,#963,#578,.T.);
#1269=EDGE_CURVE('',#964,#962,#127,.T.);
#1270=EDGE_CURVE('',#965,#964,#774,.T.);
#1271=EDGE_CURVE('',#965,#963,#128,.T.);
#1272=EDGE_CURVE('',#966,#967,#579,.T.);
#1273=EDGE_CURVE('',#966,#968,#129,.T.);
#1274=EDGE_CURVE('',#968,#969,#775,.F.);
#1275=EDGE_CURVE('',#969,#967,#130,.T.);
#1276=EDGE_CURVE('',#970,#971,#580,.T.);
#1277=EDGE_CURVE('',#970,#966,#131,.T.);
#1278=EDGE_CURVE('',#967,#971,#132,.T.);
#1279=EDGE_CURVE('',#972,#973,#581,.T.);
#1280=EDGE_CURVE('',#972,#970,#133,.T.);
#1281=EDGE_CURVE('',#971,#973,#134,.T.);
#1282=EDGE_CURVE('',#974,#975,#582,.T.);
#1283=EDGE_CURVE('',#974,#972,#135,.T.);
#1284=EDGE_CURVE('',#973,#975,#136,.T.);
#1285=EDGE_CURVE('',#976,#977,#583,.T.);
#1286=EDGE_CURVE('',#976,#974,#137,.T.);
#1287=EDGE_CURVE('',#975,#977,#138,.T.);
#1288=EDGE_CURVE('',#978,#979,#584,.T.);
#1289=EDGE_CURVE('',#978,#976,#139,.T.);
#1290=EDGE_CURVE('',#977,#979,#140,.T.);
#1291=EDGE_CURVE('',#980,#981,#585,.T.);
#1292=EDGE_CURVE('',#982,#980,#776,.F.);
#1293=EDGE_CURVE('',#982,#978,#141,.T.);
#1294=EDGE_CURVE('',#979,#981,#142,.T.);
#1295=EDGE_CURVE('',#983,#984,#586,.T.);
#1296=EDGE_CURVE('',#983,#985,#143,.T.);
#1297=EDGE_CURVE('',#986,#985,#777,.T.);
#1298=EDGE_CURVE('',#984,#986,#144,.T.);
#1299=EDGE_CURVE('',#987,#988,#587,.T.);
#1300=EDGE_CURVE('',#987,#983,#145,.T.);
#1301=EDGE_CURVE('',#988,#984,#146,.T.);
#1302=EDGE_CURVE('',#989,#990,#588,.T.);
#1303=EDGE_CURVE('',#989,#987,#147,.T.);
#1304=EDGE_CURVE('',#990,#988,#148,.T.);
#1305=EDGE_CURVE('',#991,#992,#589,.T.);
#1306=EDGE_CURVE('',#991,#989,#149,.T.);
#1307=EDGE_CURVE('',#992,#990,#150,.T.);
#1308=EDGE_CURVE('',#993,#994,#590,.T.);
#1309=EDGE_CURVE('',#993,#991,#151,.T.);
#1310=EDGE_CURVE('',#994,#992,#152,.T.);
#1311=EDGE_CURVE('',#995,#996,#591,.T.);
#1312=EDGE_CURVE('',#995,#993,#153,.T.);
#1313=EDGE_CURVE('',#996,#994,#154,.T.);
#1314=EDGE_CURVE('',#997,#986,#155,.T.);
#1315=EDGE_CURVE('',#981,#997,#156,.T.);
#1316=EDGE_CURVE('',#998,#969,#157,.T.);
#1317=EDGE_CURVE('',#998,#996,#158,.T.);
#1318=EDGE_CURVE('',#999,#998,#778,.T.);
#1319=EDGE_CURVE('',#999,#995,#159,.T.);
#1320=EDGE_CURVE('',#985,#982,#160,.T.);
#1321=EDGE_CURVE('',#968,#999,#161,.T.);
#1322=EDGE_CURVE('',#980,#997,#779,.F.);
#1323=EDGE_CURVE('',#963,#961,#162,.T.);
#1324=EDGE_CURVE('',#962,#960,#163,.T.);
#1325=EDGE_CURVE('',#930,#892,#164,.T.);
#1326=EDGE_CURVE('',#926,#965,#165,.T.);
#1327=EDGE_CURVE('',#922,#924,#166,.T.);
#1328=EDGE_CURVE('',#895,#931,#167,.T.);
#1329=EDGE_CURVE('',#925,#923,#168,.T.);
#1330=EDGE_CURVE('',#964,#927,#169,.T.);
#1331=EDGE_CURVE('',#1000,#1001,#780,.T.);
#1332=EDGE_CURVE('',#1002,#1000,#592,.T.);
#1333=EDGE_CURVE('',#1001,#1002,#781,.T.);
#1334=EDGE_CURVE('',#1003,#1000,#593,.T.);
#1335=EDGE_CURVE('',#1003,#1004,#594,.T.);
#1336=EDGE_CURVE('',#1002,#1004,#595,.T.);
#1337=EDGE_CURVE('',#1004,#1005,#782,.T.);
#1338=EDGE_CURVE('',#1005,#1003,#783,.T.);
#1339=EDGE_CURVE('',#1006,#1007,#784,.T.);
#1340=EDGE_CURVE('',#1006,#1007,#596,.T.);
#1341=EDGE_CURVE('',#1008,#1009,#785,.T.);
#1342=EDGE_CURVE('',#1008,#1009,#597,.T.);
#1343=EDGE_CURVE('',#1009,#1006,#598,.T.);
#1344=EDGE_CURVE('',#1007,#1008,#599,.T.);
#1345=EDGE_CURVE('',#1010,#1010,#786,.T.);
#1346=EDGE_CURVE('',#1011,#1011,#787,.T.);
#1347=EDGE_CURVE('',#1010,#1001,#600,.T.);
#1348=EDGE_CURVE('',#1005,#1011,#601,.T.);
#1349=ORIENTED_EDGE('',*,*,#1012,.T.);
#1350=ORIENTED_EDGE('',*,*,#1013,.T.);
#1351=ORIENTED_EDGE('',*,*,#1014,.F.);
#1352=ORIENTED_EDGE('',*,*,#1013,.F.);
#1353=ORIENTED_EDGE('',*,*,#1014,.T.);
#1354=ORIENTED_EDGE('',*,*,#1015,.F.);
#1355=ORIENTED_EDGE('',*,*,#1015,.T.);
#1356=ORIENTED_EDGE('',*,*,#1016,.T.);
#1357=ORIENTED_EDGE('',*,*,#1017,.F.);
#1358=ORIENTED_EDGE('',*,*,#1016,.F.);
#1359=ORIENTED_EDGE('',*,*,#1018,.F.);
#1360=ORIENTED_EDGE('',*,*,#1017,.T.);
#1361=ORIENTED_EDGE('',*,*,#1019,.F.);
#1362=ORIENTED_EDGE('',*,*,#1020,.T.);
#1363=ORIENTED_EDGE('',*,*,#1018,.T.);
#1364=ORIENTED_EDGE('',*,*,#1020,.F.);
#1365=ORIENTED_EDGE('',*,*,#1021,.F.);
#1366=ORIENTED_EDGE('',*,*,#1022,.T.);
#1367=ORIENTED_EDGE('',*,*,#1019,.T.);
#1368=ORIENTED_EDGE('',*,*,#1022,.F.);
#1369=ORIENTED_EDGE('',*,*,#1021,.T.);
#1370=ORIENTED_EDGE('',*,*,#1012,.F.);
#1371=ORIENTED_EDGE('',*,*,#1023,.T.);
#1372=ORIENTED_EDGE('',*,*,#1024,.F.);
#1373=ORIENTED_EDGE('',*,*,#1025,.T.);
#1374=ORIENTED_EDGE('',*,*,#1026,.T.);
#1375=ORIENTED_EDGE('',*,*,#1027,.T.);
#1376=ORIENTED_EDGE('',*,*,#1028,.F.);
#1377=ORIENTED_EDGE('',*,*,#1023,.F.);
#1378=ORIENTED_EDGE('',*,*,#1029,.T.);
#1379=ORIENTED_EDGE('',*,*,#1030,.T.);
#1380=ORIENTED_EDGE('',*,*,#1031,.T.);
#1381=ORIENTED_EDGE('',*,*,#1026,.F.);
#1382=ORIENTED_EDGE('',*,*,#1032,.T.);
#1383=ORIENTED_EDGE('',*,*,#1033,.T.);
#1384=ORIENTED_EDGE('',*,*,#1034,.T.);
#1385=ORIENTED_EDGE('',*,*,#1030,.F.);
#1386=ORIENTED_EDGE('',*,*,#1035,.T.);
#1387=ORIENTED_EDGE('',*,*,#1036,.T.);
#1388=ORIENTED_EDGE('',*,*,#1037,.T.);
#1389=ORIENTED_EDGE('',*,*,#1033,.F.);
#1390=ORIENTED_EDGE('',*,*,#1038,.T.);
#1391=ORIENTED_EDGE('',*,*,#1039,.F.);
#1392=ORIENTED_EDGE('',*,*,#1040,.T.);
#1393=ORIENTED_EDGE('',*,*,#1041,.F.);
#1394=ORIENTED_EDGE('',*,*,#1042,.T.);
#1395=ORIENTED_EDGE('',*,*,#1043,.T.);
#1396=ORIENTED_EDGE('',*,*,#1044,.T.);
#1397=ORIENTED_EDGE('',*,*,#1045,.F.);
#1398=ORIENTED_EDGE('',*,*,#1046,.F.);
#1399=ORIENTED_EDGE('',*,*,#1047,.T.);
#1400=ORIENTED_EDGE('',*,*,#1048,.T.);
#1401=ORIENTED_EDGE('',*,*,#1043,.F.);
#1402=ORIENTED_EDGE('',*,*,#1049,.F.);
#1403=ORIENTED_EDGE('',*,*,#1050,.T.);
#1404=ORIENTED_EDGE('',*,*,#1051,.T.);
#1405=ORIENTED_EDGE('',*,*,#1047,.F.);
#1406=ORIENTED_EDGE('',*,*,#1052,.F.);
#1407=ORIENTED_EDGE('',*,*,#1053,.T.);
#1408=ORIENTED_EDGE('',*,*,#1054,.T.);
#1409=ORIENTED_EDGE('',*,*,#1050,.F.);
#1410=ORIENTED_EDGE('',*,*,#1055,.F.);
#1411=ORIENTED_EDGE('',*,*,#1056,.T.);
#1412=ORIENTED_EDGE('',*,*,#1057,.T.);
#1413=ORIENTED_EDGE('',*,*,#1053,.F.);
#1414=ORIENTED_EDGE('',*,*,#1058,.F.);
#1415=ORIENTED_EDGE('',*,*,#1059,.F.);
#1416=ORIENTED_EDGE('',*,*,#1060,.F.);
#1417=ORIENTED_EDGE('',*,*,#1061,.F.);
#1418=ORIENTED_EDGE('',*,*,#1062,.T.);
#1419=ORIENTED_EDGE('',*,*,#1059,.T.);
#1420=ORIENTED_EDGE('',*,*,#1063,.T.);
#1421=ORIENTED_EDGE('',*,*,#1056,.F.);
#1422=ORIENTED_EDGE('',*,*,#1064,.F.);
#1423=ORIENTED_EDGE('',*,*,#1065,.F.);
#1424=ORIENTED_EDGE('',*,*,#1044,.F.);
#1425=ORIENTED_EDGE('',*,*,#1048,.F.);
#1426=ORIENTED_EDGE('',*,*,#1051,.F.);
#1427=ORIENTED_EDGE('',*,*,#1054,.F.);
#1428=ORIENTED_EDGE('',*,*,#1057,.F.);
#1429=ORIENTED_EDGE('',*,*,#1063,.F.);
#1430=ORIENTED_EDGE('',*,*,#1062,.F.);
#1431=ORIENTED_EDGE('',*,*,#1066,.F.);
#1432=ORIENTED_EDGE('',*,*,#1040,.F.);
#1433=ORIENTED_EDGE('',*,*,#1067,.F.);
#1434=ORIENTED_EDGE('',*,*,#1038,.F.);
#1435=ORIENTED_EDGE('',*,*,#1035,.F.);
#1436=ORIENTED_EDGE('',*,*,#1032,.F.);
#1437=ORIENTED_EDGE('',*,*,#1029,.F.);
#1438=ORIENTED_EDGE('',*,*,#1025,.F.);
#1439=ORIENTED_EDGE('',*,*,#1068,.F.);
#1440=ORIENTED_EDGE('',*,*,#1027,.F.);
#1441=ORIENTED_EDGE('',*,*,#1031,.F.);
#1442=ORIENTED_EDGE('',*,*,#1034,.F.);
#1443=ORIENTED_EDGE('',*,*,#1037,.F.);
#1444=ORIENTED_EDGE('',*,*,#1069,.F.);
#1445=ORIENTED_EDGE('',*,*,#1042,.F.);
#1446=ORIENTED_EDGE('',*,*,#1070,.F.);
#1447=ORIENTED_EDGE('',*,*,#1060,.T.);
#1448=ORIENTED_EDGE('',*,*,#1064,.T.);
#1449=ORIENTED_EDGE('',*,*,#1058,.T.);
#1450=ORIENTED_EDGE('',*,*,#1055,.T.);
#1451=ORIENTED_EDGE('',*,*,#1052,.T.);
#1452=ORIENTED_EDGE('',*,*,#1049,.T.);
#1453=ORIENTED_EDGE('',*,*,#1046,.T.);
#1454=ORIENTED_EDGE('',*,*,#1071,.F.);
#1455=ORIENTED_EDGE('',*,*,#1072,.F.);
#1456=ORIENTED_EDGE('',*,*,#1073,.F.);
#1457=ORIENTED_EDGE('',*,*,#1074,.F.);
#1458=ORIENTED_EDGE('',*,*,#1075,.F.);
#1459=ORIENTED_EDGE('',*,*,#1076,.F.);
#1460=ORIENTED_EDGE('',*,*,#1077,.T.);
#1461=ORIENTED_EDGE('',*,*,#1078,.F.);
#1462=ORIENTED_EDGE('',*,*,#1079,.T.);
#1463=ORIENTED_EDGE('',*,*,#1080,.F.);
#1464=ORIENTED_EDGE('',*,*,#1081,.T.);
#1465=ORIENTED_EDGE('',*,*,#1082,.F.);
#1466=ORIENTED_EDGE('',*,*,#1083,.T.);
#1467=ORIENTED_EDGE('',*,*,#1084,.F.);
#1468=ORIENTED_EDGE('',*,*,#1085,.F.);
#1469=ORIENTED_EDGE('',*,*,#1086,.F.);
#1470=ORIENTED_EDGE('',*,*,#1087,.F.);
#1471=ORIENTED_EDGE('',*,*,#1088,.F.);
#1472=ORIENTED_EDGE('',*,*,#1089,.T.);
#1473=ORIENTED_EDGE('',*,*,#1090,.F.);
#1474=ORIENTED_EDGE('',*,*,#1091,.T.);
#1475=ORIENTED_EDGE('',*,*,#1092,.F.);
#1476=ORIENTED_EDGE('',*,*,#1093,.T.);
#1477=ORIENTED_EDGE('',*,*,#1094,.F.);
#1478=ORIENTED_EDGE('',*,*,#1095,.T.);
#1479=ORIENTED_EDGE('',*,*,#1068,.T.);
#1480=ORIENTED_EDGE('',*,*,#1045,.T.);
#1481=ORIENTED_EDGE('',*,*,#1065,.T.);
#1482=ORIENTED_EDGE('',*,*,#1024,.T.);
#1483=ORIENTED_EDGE('',*,*,#1028,.T.);
#1484=ORIENTED_EDGE('',*,*,#1039,.T.);
#1485=ORIENTED_EDGE('',*,*,#1069,.T.);
#1486=ORIENTED_EDGE('',*,*,#1036,.F.);
#1487=ORIENTED_EDGE('',*,*,#1067,.T.);
#1488=ORIENTED_EDGE('',*,*,#1096,.F.);
#1489=ORIENTED_EDGE('',*,*,#1097,.F.);
#1490=ORIENTED_EDGE('',*,*,#1098,.F.);
#1491=ORIENTED_EDGE('',*,*,#1099,.F.);
#1492=ORIENTED_EDGE('',*,*,#1083,.F.);
#1493=ORIENTED_EDGE('',*,*,#1100,.F.);
#1494=ORIENTED_EDGE('',*,*,#1093,.F.);
#1495=ORIENTED_EDGE('',*,*,#1101,.F.);
#1496=ORIENTED_EDGE('',*,*,#1102,.F.);
#1497=ORIENTED_EDGE('',*,*,#1103,.F.);
#1498=ORIENTED_EDGE('',*,*,#1104,.F.);
#1499=ORIENTED_EDGE('',*,*,#1081,.F.);
#1500=ORIENTED_EDGE('',*,*,#1105,.F.);
#1501=ORIENTED_EDGE('',*,*,#1106,.F.);
#1502=ORIENTED_EDGE('',*,*,#1107,.F.);
#1503=ORIENTED_EDGE('',*,*,#1108,.F.);
#1504=ORIENTED_EDGE('',*,*,#1109,.F.);
#1505=ORIENTED_EDGE('',*,*,#1110,.F.);
#1506=ORIENTED_EDGE('',*,*,#1111,.F.);
#1507=ORIENTED_EDGE('',*,*,#1095,.F.);
#1508=ORIENTED_EDGE('',*,*,#1103,.T.);
#1509=ORIENTED_EDGE('',*,*,#1112,.T.);
#1510=ORIENTED_EDGE('',*,*,#1113,.T.);
#1511=ORIENTED_EDGE('',*,*,#1114,.F.);
#1512=ORIENTED_EDGE('',*,*,#1115,.F.);
#1513=ORIENTED_EDGE('',*,*,#1116,.T.);
#1514=ORIENTED_EDGE('',*,*,#1073,.T.);
#1515=ORIENTED_EDGE('',*,*,#1117,.T.);
#1516=ORIENTED_EDGE('',*,*,#1118,.T.);
#1517=ORIENTED_EDGE('',*,*,#1108,.T.);
#1518=ORIENTED_EDGE('',*,*,#1094,.T.);
#1519=ORIENTED_EDGE('',*,*,#1100,.T.);
#1520=ORIENTED_EDGE('',*,*,#1114,.T.);
#1521=ORIENTED_EDGE('',*,*,#1119,.T.);
#1522=ORIENTED_EDGE('',*,*,#1090,.T.);
#1523=ORIENTED_EDGE('',*,*,#1120,.T.);
#1524=ORIENTED_EDGE('',*,*,#1121,.T.);
#1525=ORIENTED_EDGE('',*,*,#1122,.T.);
#1526=ORIENTED_EDGE('',*,*,#1086,.T.);
#1527=ORIENTED_EDGE('',*,*,#1123,.T.);
#1528=ORIENTED_EDGE('',*,*,#1124,.T.);
#1529=ORIENTED_EDGE('',*,*,#1096,.T.);
#1530=ORIENTED_EDGE('',*,*,#1082,.T.);
#1531=ORIENTED_EDGE('',*,*,#1104,.T.);
#1532=ORIENTED_EDGE('',*,*,#1125,.T.);
#1533=ORIENTED_EDGE('',*,*,#1126,.T.);
#1534=ORIENTED_EDGE('',*,*,#1078,.T.);
#1535=ORIENTED_EDGE('',*,*,#1127,.T.);
#1536=ORIENTED_EDGE('',*,*,#1128,.T.);
#1537=ORIENTED_EDGE('',*,*,#1129,.T.);
#1538=ORIENTED_EDGE('',*,*,#1074,.T.);
#1539=ORIENTED_EDGE('',*,*,#1116,.F.);
#1540=ORIENTED_EDGE('',*,*,#1102,.T.);
#1541=ORIENTED_EDGE('',*,*,#1130,.T.);
#1542=ORIENTED_EDGE('',*,*,#1131,.T.);
#1543=ORIENTED_EDGE('',*,*,#1112,.F.);
#1544=ORIENTED_EDGE('',*,*,#1107,.T.);
#1545=ORIENTED_EDGE('',*,*,#1132,.T.);
#1546=ORIENTED_EDGE('',*,*,#1133,.T.);
#1547=ORIENTED_EDGE('',*,*,#1125,.F.);
#1548=ORIENTED_EDGE('',*,*,#1101,.T.);
#1549=ORIENTED_EDGE('',*,*,#1092,.T.);
#1550=ORIENTED_EDGE('',*,*,#1134,.T.);
#1551=ORIENTED_EDGE('',*,*,#1130,.F.);
#1552=ORIENTED_EDGE('',*,*,#1106,.T.);
#1553=ORIENTED_EDGE('',*,*,#1135,.T.);
#1554=ORIENTED_EDGE('',*,*,#1136,.T.);
#1555=ORIENTED_EDGE('',*,*,#1132,.F.);
#1556=ORIENTED_EDGE('',*,*,#1105,.T.);
#1557=ORIENTED_EDGE('',*,*,#1080,.T.);
#1558=ORIENTED_EDGE('',*,*,#1137,.T.);
#1559=ORIENTED_EDGE('',*,*,#1135,.F.);
#1560=ORIENTED_EDGE('',*,*,#1126,.F.);
#1561=ORIENTED_EDGE('',*,*,#1133,.F.);
#1562=ORIENTED_EDGE('',*,*,#1136,.F.);
#1563=ORIENTED_EDGE('',*,*,#1137,.F.);
#1564=ORIENTED_EDGE('',*,*,#1079,.F.);
#1565=ORIENTED_EDGE('',*,*,#1120,.F.);
#1566=ORIENTED_EDGE('',*,*,#1089,.F.);
#1567=ORIENTED_EDGE('',*,*,#1138,.F.);
#1568=ORIENTED_EDGE('',*,*,#1139,.F.);
#1569=ORIENTED_EDGE('',*,*,#1140,.F.);
#1570=ORIENTED_EDGE('',*,*,#1127,.F.);
#1571=ORIENTED_EDGE('',*,*,#1077,.F.);
#1572=ORIENTED_EDGE('',*,*,#1141,.F.);
#1573=ORIENTED_EDGE('',*,*,#1142,.F.);
#1574=ORIENTED_EDGE('',*,*,#1143,.F.);
#1575=ORIENTED_EDGE('',*,*,#1119,.F.);
#1576=ORIENTED_EDGE('',*,*,#1113,.F.);
#1577=ORIENTED_EDGE('',*,*,#1131,.F.);
#1578=ORIENTED_EDGE('',*,*,#1134,.F.);
#1579=ORIENTED_EDGE('',*,*,#1091,.F.);
#1580=ORIENTED_EDGE('',*,*,#1140,.T.);
#1581=ORIENTED_EDGE('',*,*,#1144,.T.);
#1582=ORIENTED_EDGE('',*,*,#1145,.T.);
#1583=ORIENTED_EDGE('',*,*,#1121,.F.);
#1584=ORIENTED_EDGE('',*,*,#1139,.T.);
#1585=ORIENTED_EDGE('',*,*,#1146,.T.);
#1586=ORIENTED_EDGE('',*,*,#1147,.T.);
#1587=ORIENTED_EDGE('',*,*,#1144,.F.);
#1588=ORIENTED_EDGE('',*,*,#1143,.T.);
#1589=ORIENTED_EDGE('',*,*,#1148,.T.);
#1590=ORIENTED_EDGE('',*,*,#1149,.T.);
#1591=ORIENTED_EDGE('',*,*,#1128,.F.);
#1592=ORIENTED_EDGE('',*,*,#1138,.T.);
#1593=ORIENTED_EDGE('',*,*,#1088,.T.);
#1594=ORIENTED_EDGE('',*,*,#1150,.T.);
#1595=ORIENTED_EDGE('',*,*,#1146,.F.);
#1596=ORIENTED_EDGE('',*,*,#1142,.T.);
#1597=ORIENTED_EDGE('',*,*,#1151,.T.);
#1598=ORIENTED_EDGE('',*,*,#1152,.T.);
#1599=ORIENTED_EDGE('',*,*,#1148,.F.);
#1600=ORIENTED_EDGE('',*,*,#1141,.T.);
#1601=ORIENTED_EDGE('',*,*,#1076,.T.);
#1602=ORIENTED_EDGE('',*,*,#1153,.T.);
#1603=ORIENTED_EDGE('',*,*,#1151,.F.);
#1604=ORIENTED_EDGE('',*,*,#1123,.F.);
#1605=ORIENTED_EDGE('',*,*,#1085,.T.);
#1606=ORIENTED_EDGE('',*,*,#1154,.F.);
#1607=ORIENTED_EDGE('',*,*,#1155,.F.);
#1608=ORIENTED_EDGE('',*,*,#1156,.F.);
#1609=ORIENTED_EDGE('',*,*,#1122,.F.);
#1610=ORIENTED_EDGE('',*,*,#1145,.F.);
#1611=ORIENTED_EDGE('',*,*,#1147,.F.);
#1612=ORIENTED_EDGE('',*,*,#1150,.F.);
#1613=ORIENTED_EDGE('',*,*,#1087,.T.);
#1614=ORIENTED_EDGE('',*,*,#1117,.F.);
#1615=ORIENTED_EDGE('',*,*,#1072,.T.);
#1616=ORIENTED_EDGE('',*,*,#1157,.F.);
#1617=ORIENTED_EDGE('',*,*,#1158,.F.);
#1618=ORIENTED_EDGE('',*,*,#1159,.F.);
#1619=ORIENTED_EDGE('',*,*,#1129,.F.);
#1620=ORIENTED_EDGE('',*,*,#1149,.F.);
#1621=ORIENTED_EDGE('',*,*,#1152,.F.);
#1622=ORIENTED_EDGE('',*,*,#1153,.F.);
#1623=ORIENTED_EDGE('',*,*,#1075,.T.);
#1624=ORIENTED_EDGE('',*,*,#1109,.T.);
#1625=ORIENTED_EDGE('',*,*,#1118,.F.);
#1626=ORIENTED_EDGE('',*,*,#1159,.T.);
#1627=ORIENTED_EDGE('',*,*,#1160,.T.);
#1628=ORIENTED_EDGE('',*,*,#1110,.T.);
#1629=ORIENTED_EDGE('',*,*,#1160,.F.);
#1630=ORIENTED_EDGE('',*,*,#1158,.T.);
#1631=ORIENTED_EDGE('',*,*,#1161,.T.);
#1632=ORIENTED_EDGE('',*,*,#1111,.T.);
#1633=ORIENTED_EDGE('',*,*,#1161,.F.);
#1634=ORIENTED_EDGE('',*,*,#1157,.T.);
#1635=ORIENTED_EDGE('',*,*,#1071,.T.);
#1636=ORIENTED_EDGE('',*,*,#1099,.T.);
#1637=ORIENTED_EDGE('',*,*,#1162,.F.);
#1638=ORIENTED_EDGE('',*,*,#1154,.T.);
#1639=ORIENTED_EDGE('',*,*,#1084,.T.);
#1640=ORIENTED_EDGE('',*,*,#1163,.T.);
#1641=ORIENTED_EDGE('',*,*,#1070,.T.);
#1642=ORIENTED_EDGE('',*,*,#1041,.T.);
#1643=ORIENTED_EDGE('',*,*,#1066,.T.);
#1644=ORIENTED_EDGE('',*,*,#1061,.T.);
#1645=ORIENTED_EDGE('',*,*,#1098,.T.);
#1646=ORIENTED_EDGE('',*,*,#1164,.F.);
#1647=ORIENTED_EDGE('',*,*,#1155,.T.);
#1648=ORIENTED_EDGE('',*,*,#1162,.T.);
#1649=ORIENTED_EDGE('',*,*,#1097,.T.);
#1650=ORIENTED_EDGE('',*,*,#1124,.F.);
#1651=ORIENTED_EDGE('',*,*,#1156,.T.);
#1652=ORIENTED_EDGE('',*,*,#1164,.T.);
#1653=ORIENTED_EDGE('',*,*,#1163,.F.);
#1654=ORIENTED_EDGE('',*,*,#1165,.T.);
#1655=ORIENTED_EDGE('',*,*,#1115,.T.);
#1656=ORIENTED_EDGE('',*,*,#1165,.F.);
#1657=ORIENTED_EDGE('',*,*,#1166,.T.);
#1658=ORIENTED_EDGE('',*,*,#1167,.T.);
#1659=ORIENTED_EDGE('',*,*,#1168,.T.);
#1660=ORIENTED_EDGE('',*,*,#1169,.T.);
#1661=ORIENTED_EDGE('',*,*,#1170,.T.);
#1662=ORIENTED_EDGE('',*,*,#1171,.T.);
#1663=ORIENTED_EDGE('',*,*,#1166,.F.);
#1664=ORIENTED_EDGE('',*,*,#1172,.T.);
#1665=ORIENTED_EDGE('',*,*,#1173,.T.);
#1666=ORIENTED_EDGE('',*,*,#1174,.T.);
#1667=ORIENTED_EDGE('',*,*,#1169,.F.);
#1668=ORIENTED_EDGE('',*,*,#1175,.T.);
#1669=ORIENTED_EDGE('',*,*,#1176,.T.);
#1670=ORIENTED_EDGE('',*,*,#1177,.T.);
#1671=ORIENTED_EDGE('',*,*,#1173,.F.);
#1672=ORIENTED_EDGE('',*,*,#1178,.T.);
#1673=ORIENTED_EDGE('',*,*,#1179,.T.);
#1674=ORIENTED_EDGE('',*,*,#1180,.T.);
#1675=ORIENTED_EDGE('',*,*,#1176,.F.);
#1676=ORIENTED_EDGE('',*,*,#1181,.T.);
#1677=ORIENTED_EDGE('',*,*,#1182,.T.);
#1678=ORIENTED_EDGE('',*,*,#1183,.T.);
#1679=ORIENTED_EDGE('',*,*,#1179,.F.);
#1680=ORIENTED_EDGE('',*,*,#1184,.T.);
#1681=ORIENTED_EDGE('',*,*,#1185,.T.);
#1682=ORIENTED_EDGE('',*,*,#1186,.T.);
#1683=ORIENTED_EDGE('',*,*,#1182,.F.);
#1684=ORIENTED_EDGE('',*,*,#1187,.T.);
#1685=ORIENTED_EDGE('',*,*,#1188,.T.);
#1686=ORIENTED_EDGE('',*,*,#1189,.T.);
#1687=ORIENTED_EDGE('',*,*,#1185,.F.);
#1688=ORIENTED_EDGE('',*,*,#1190,.T.);
#1689=ORIENTED_EDGE('',*,*,#1191,.T.);
#1690=ORIENTED_EDGE('',*,*,#1192,.T.);
#1691=ORIENTED_EDGE('',*,*,#1188,.F.);
#1692=ORIENTED_EDGE('',*,*,#1193,.T.);
#1693=ORIENTED_EDGE('',*,*,#1194,.T.);
#1694=ORIENTED_EDGE('',*,*,#1195,.T.);
#1695=ORIENTED_EDGE('',*,*,#1191,.F.);
#1696=ORIENTED_EDGE('',*,*,#1196,.T.);
#1697=ORIENTED_EDGE('',*,*,#1197,.T.);
#1698=ORIENTED_EDGE('',*,*,#1198,.T.);
#1699=ORIENTED_EDGE('',*,*,#1194,.F.);
#1700=ORIENTED_EDGE('',*,*,#1199,.T.);
#1701=ORIENTED_EDGE('',*,*,#1200,.T.);
#1702=ORIENTED_EDGE('',*,*,#1201,.T.);
#1703=ORIENTED_EDGE('',*,*,#1197,.F.);
#1704=ORIENTED_EDGE('',*,*,#1202,.T.);
#1705=ORIENTED_EDGE('',*,*,#1203,.T.);
#1706=ORIENTED_EDGE('',*,*,#1204,.T.);
#1707=ORIENTED_EDGE('',*,*,#1200,.F.);
#1708=ORIENTED_EDGE('',*,*,#1205,.T.);
#1709=ORIENTED_EDGE('',*,*,#1206,.T.);
#1710=ORIENTED_EDGE('',*,*,#1207,.T.);
#1711=ORIENTED_EDGE('',*,*,#1203,.F.);
#1712=ORIENTED_EDGE('',*,*,#1208,.T.);
#1713=ORIENTED_EDGE('',*,*,#1209,.T.);
#1714=ORIENTED_EDGE('',*,*,#1210,.T.);
#1715=ORIENTED_EDGE('',*,*,#1206,.F.);
#1716=ORIENTED_EDGE('',*,*,#1211,.T.);
#1717=ORIENTED_EDGE('',*,*,#1212,.T.);
#1718=ORIENTED_EDGE('',*,*,#1213,.T.);
#1719=ORIENTED_EDGE('',*,*,#1209,.F.);
#1720=ORIENTED_EDGE('',*,*,#1214,.T.);
#1721=ORIENTED_EDGE('',*,*,#1215,.F.);
#1722=ORIENTED_EDGE('',*,*,#1216,.T.);
#1723=ORIENTED_EDGE('',*,*,#1217,.F.);
#1724=ORIENTED_EDGE('',*,*,#1218,.T.);
#1725=ORIENTED_EDGE('',*,*,#1219,.T.);
#1726=ORIENTED_EDGE('',*,*,#1220,.T.);
#1727=ORIENTED_EDGE('',*,*,#1221,.F.);
#1728=ORIENTED_EDGE('',*,*,#1222,.F.);
#1729=ORIENTED_EDGE('',*,*,#1223,.T.);
#1730=ORIENTED_EDGE('',*,*,#1224,.T.);
#1731=ORIENTED_EDGE('',*,*,#1219,.F.);
#1732=ORIENTED_EDGE('',*,*,#1225,.F.);
#1733=ORIENTED_EDGE('',*,*,#1226,.T.);
#1734=ORIENTED_EDGE('',*,*,#1227,.T.);
#1735=ORIENTED_EDGE('',*,*,#1223,.F.);
#1736=ORIENTED_EDGE('',*,*,#1228,.F.);
#1737=ORIENTED_EDGE('',*,*,#1229,.T.);
#1738=ORIENTED_EDGE('',*,*,#1230,.T.);
#1739=ORIENTED_EDGE('',*,*,#1226,.F.);
#1740=ORIENTED_EDGE('',*,*,#1231,.F.);
#1741=ORIENTED_EDGE('',*,*,#1232,.T.);
#1742=ORIENTED_EDGE('',*,*,#1233,.T.);
#1743=ORIENTED_EDGE('',*,*,#1229,.F.);
#1744=ORIENTED_EDGE('',*,*,#1234,.F.);
#1745=ORIENTED_EDGE('',*,*,#1235,.T.);
#1746=ORIENTED_EDGE('',*,*,#1236,.T.);
#1747=ORIENTED_EDGE('',*,*,#1232,.F.);
#1748=ORIENTED_EDGE('',*,*,#1237,.F.);
#1749=ORIENTED_EDGE('',*,*,#1238,.T.);
#1750=ORIENTED_EDGE('',*,*,#1239,.T.);
#1751=ORIENTED_EDGE('',*,*,#1235,.F.);
#1752=ORIENTED_EDGE('',*,*,#1240,.F.);
#1753=ORIENTED_EDGE('',*,*,#1241,.T.);
#1754=ORIENTED_EDGE('',*,*,#1242,.T.);
#1755=ORIENTED_EDGE('',*,*,#1238,.F.);
#1756=ORIENTED_EDGE('',*,*,#1243,.F.);
#1757=ORIENTED_EDGE('',*,*,#1244,.T.);
#1758=ORIENTED_EDGE('',*,*,#1245,.T.);
#1759=ORIENTED_EDGE('',*,*,#1241,.F.);
#1760=ORIENTED_EDGE('',*,*,#1246,.F.);
#1761=ORIENTED_EDGE('',*,*,#1247,.T.);
#1762=ORIENTED_EDGE('',*,*,#1248,.T.);
#1763=ORIENTED_EDGE('',*,*,#1244,.F.);
#1764=ORIENTED_EDGE('',*,*,#1249,.F.);
#1765=ORIENTED_EDGE('',*,*,#1250,.T.);
#1766=ORIENTED_EDGE('',*,*,#1251,.T.);
#1767=ORIENTED_EDGE('',*,*,#1247,.F.);
#1768=ORIENTED_EDGE('',*,*,#1252,.F.);
#1769=ORIENTED_EDGE('',*,*,#1253,.T.);
#1770=ORIENTED_EDGE('',*,*,#1254,.T.);
#1771=ORIENTED_EDGE('',*,*,#1250,.F.);
#1772=ORIENTED_EDGE('',*,*,#1255,.F.);
#1773=ORIENTED_EDGE('',*,*,#1256,.T.);
#1774=ORIENTED_EDGE('',*,*,#1257,.T.);
#1775=ORIENTED_EDGE('',*,*,#1253,.F.);
#1776=ORIENTED_EDGE('',*,*,#1258,.F.);
#1777=ORIENTED_EDGE('',*,*,#1259,.T.);
#1778=ORIENTED_EDGE('',*,*,#1260,.T.);
#1779=ORIENTED_EDGE('',*,*,#1256,.F.);
#1780=ORIENTED_EDGE('',*,*,#1261,.F.);
#1781=ORIENTED_EDGE('',*,*,#1262,.T.);
#1782=ORIENTED_EDGE('',*,*,#1263,.T.);
#1783=ORIENTED_EDGE('',*,*,#1259,.F.);
#1784=ORIENTED_EDGE('',*,*,#1264,.F.);
#1785=ORIENTED_EDGE('',*,*,#1265,.T.);
#1786=ORIENTED_EDGE('',*,*,#1266,.T.);
#1787=ORIENTED_EDGE('',*,*,#1262,.F.);
#1788=ORIENTED_EDGE('',*,*,#1267,.F.);
#1789=ORIENTED_EDGE('',*,*,#1268,.F.);
#1790=ORIENTED_EDGE('',*,*,#1269,.F.);
#1791=ORIENTED_EDGE('',*,*,#1270,.F.);
#1792=ORIENTED_EDGE('',*,*,#1271,.T.);
#1793=ORIENTED_EDGE('',*,*,#1272,.F.);
#1794=ORIENTED_EDGE('',*,*,#1273,.T.);
#1795=ORIENTED_EDGE('',*,*,#1274,.T.);
#1796=ORIENTED_EDGE('',*,*,#1275,.T.);
#1797=ORIENTED_EDGE('',*,*,#1276,.F.);
#1798=ORIENTED_EDGE('',*,*,#1277,.T.);
#1799=ORIENTED_EDGE('',*,*,#1272,.T.);
#1800=ORIENTED_EDGE('',*,*,#1278,.T.);
#1801=ORIENTED_EDGE('',*,*,#1279,.F.);
#1802=ORIENTED_EDGE('',*,*,#1280,.T.);
#1803=ORIENTED_EDGE('',*,*,#1276,.T.);
#1804=ORIENTED_EDGE('',*,*,#1281,.T.);
#1805=ORIENTED_EDGE('',*,*,#1282,.F.);
#1806=ORIENTED_EDGE('',*,*,#1283,.T.);
#1807=ORIENTED_EDGE('',*,*,#1279,.T.);
#1808=ORIENTED_EDGE('',*,*,#1284,.T.);
#1809=ORIENTED_EDGE('',*,*,#1285,.F.);
#1810=ORIENTED_EDGE('',*,*,#1286,.T.);
#1811=ORIENTED_EDGE('',*,*,#1282,.T.);
#1812=ORIENTED_EDGE('',*,*,#1287,.T.);
#1813=ORIENTED_EDGE('',*,*,#1288,.F.);
#1814=ORIENTED_EDGE('',*,*,#1289,.T.);
#1815=ORIENTED_EDGE('',*,*,#1285,.T.);
#1816=ORIENTED_EDGE('',*,*,#1290,.T.);
#1817=ORIENTED_EDGE('',*,*,#1291,.F.);
#1818=ORIENTED_EDGE('',*,*,#1292,.F.);
#1819=ORIENTED_EDGE('',*,*,#1293,.T.);
#1820=ORIENTED_EDGE('',*,*,#1288,.T.);
#1821=ORIENTED_EDGE('',*,*,#1294,.T.);
#1822=ORIENTED_EDGE('',*,*,#1295,.F.);
#1823=ORIENTED_EDGE('',*,*,#1296,.T.);
#1824=ORIENTED_EDGE('',*,*,#1297,.F.);
#1825=ORIENTED_EDGE('',*,*,#1298,.F.);
#1826=ORIENTED_EDGE('',*,*,#1299,.F.);
#1827=ORIENTED_EDGE('',*,*,#1300,.T.);
#1828=ORIENTED_EDGE('',*,*,#1295,.T.);
#1829=ORIENTED_EDGE('',*,*,#1301,.F.);
#1830=ORIENTED_EDGE('',*,*,#1302,.F.);
#1831=ORIENTED_EDGE('',*,*,#1303,.T.);
#1832=ORIENTED_EDGE('',*,*,#1299,.T.);
#1833=ORIENTED_EDGE('',*,*,#1304,.F.);
#1834=ORIENTED_EDGE('',*,*,#1305,.F.);
#1835=ORIENTED_EDGE('',*,*,#1306,.T.);
#1836=ORIENTED_EDGE('',*,*,#1302,.T.);
#1837=ORIENTED_EDGE('',*,*,#1307,.F.);
#1838=ORIENTED_EDGE('',*,*,#1308,.F.);
#1839=ORIENTED_EDGE('',*,*,#1309,.T.);
#1840=ORIENTED_EDGE('',*,*,#1305,.T.);
#1841=ORIENTED_EDGE('',*,*,#1310,.F.);
#1842=ORIENTED_EDGE('',*,*,#1311,.F.);
#1843=ORIENTED_EDGE('',*,*,#1312,.T.);
#1844=ORIENTED_EDGE('',*,*,#1308,.T.);
#1845=ORIENTED_EDGE('',*,*,#1313,.F.);
#1846=ORIENTED_EDGE('',*,*,#1314,.F.);
#1847=ORIENTED_EDGE('',*,*,#1315,.F.);
#1848=ORIENTED_EDGE('',*,*,#1294,.F.);
#1849=ORIENTED_EDGE('',*,*,#1290,.F.);
#1850=ORIENTED_EDGE('',*,*,#1287,.F.);
#1851=ORIENTED_EDGE('',*,*,#1284,.F.);
#1852=ORIENTED_EDGE('',*,*,#1281,.F.);
#1853=ORIENTED_EDGE('',*,*,#1278,.F.);
#1854=ORIENTED_EDGE('',*,*,#1275,.F.);
#1855=ORIENTED_EDGE('',*,*,#1316,.F.);
#1856=ORIENTED_EDGE('',*,*,#1317,.T.);
#1857=ORIENTED_EDGE('',*,*,#1313,.T.);
#1858=ORIENTED_EDGE('',*,*,#1310,.T.);
#1859=ORIENTED_EDGE('',*,*,#1307,.T.);
#1860=ORIENTED_EDGE('',*,*,#1304,.T.);
#1861=ORIENTED_EDGE('',*,*,#1301,.T.);
#1862=ORIENTED_EDGE('',*,*,#1298,.T.);
#1863=ORIENTED_EDGE('',*,*,#1311,.T.);
#1864=ORIENTED_EDGE('',*,*,#1317,.F.);
#1865=ORIENTED_EDGE('',*,*,#1318,.F.);
#1866=ORIENTED_EDGE('',*,*,#1319,.T.);
#1867=ORIENTED_EDGE('',*,*,#1320,.F.);
#1868=ORIENTED_EDGE('',*,*,#1296,.F.);
#1869=ORIENTED_EDGE('',*,*,#1300,.F.);
#1870=ORIENTED_EDGE('',*,*,#1303,.F.);
#1871=ORIENTED_EDGE('',*,*,#1306,.F.);
#1872=ORIENTED_EDGE('',*,*,#1309,.F.);
#1873=ORIENTED_EDGE('',*,*,#1312,.F.);
#1874=ORIENTED_EDGE('',*,*,#1319,.F.);
#1875=ORIENTED_EDGE('',*,*,#1321,.F.);
#1876=ORIENTED_EDGE('',*,*,#1273,.F.);
#1877=ORIENTED_EDGE('',*,*,#1277,.F.);
#1878=ORIENTED_EDGE('',*,*,#1280,.F.);
#1879=ORIENTED_EDGE('',*,*,#1283,.F.);
#1880=ORIENTED_EDGE('',*,*,#1286,.F.);
#1881=ORIENTED_EDGE('',*,*,#1289,.F.);
#1882=ORIENTED_EDGE('',*,*,#1293,.F.);
#1883=ORIENTED_EDGE('',*,*,#1291,.T.);
#1884=ORIENTED_EDGE('',*,*,#1315,.T.);
#1885=ORIENTED_EDGE('',*,*,#1322,.F.);
#1886=ORIENTED_EDGE('',*,*,#1268,.T.);
#1887=ORIENTED_EDGE('',*,*,#1323,.T.);
#1888=ORIENTED_EDGE('',*,*,#1265,.F.);
#1889=ORIENTED_EDGE('',*,*,#1324,.F.);
#1890=ORIENTED_EDGE('',*,*,#1325,.F.);
#1891=ORIENTED_EDGE('',*,*,#1220,.F.);
#1892=ORIENTED_EDGE('',*,*,#1224,.F.);
#1893=ORIENTED_EDGE('',*,*,#1227,.F.);
#1894=ORIENTED_EDGE('',*,*,#1230,.F.);
#1895=ORIENTED_EDGE('',*,*,#1233,.F.);
#1896=ORIENTED_EDGE('',*,*,#1236,.F.);
#1897=ORIENTED_EDGE('',*,*,#1239,.F.);
#1898=ORIENTED_EDGE('',*,*,#1242,.F.);
#1899=ORIENTED_EDGE('',*,*,#1245,.F.);
#1900=ORIENTED_EDGE('',*,*,#1248,.F.);
#1901=ORIENTED_EDGE('',*,*,#1251,.F.);
#1902=ORIENTED_EDGE('',*,*,#1254,.F.);
#1903=ORIENTED_EDGE('',*,*,#1257,.F.);
#1904=ORIENTED_EDGE('',*,*,#1260,.F.);
#1905=ORIENTED_EDGE('',*,*,#1263,.F.);
#1906=ORIENTED_EDGE('',*,*,#1266,.F.);
#1907=ORIENTED_EDGE('',*,*,#1323,.F.);
#1908=ORIENTED_EDGE('',*,*,#1271,.F.);
#1909=ORIENTED_EDGE('',*,*,#1326,.F.);
#1910=ORIENTED_EDGE('',*,*,#1216,.F.);
#1911=ORIENTED_EDGE('',*,*,#1327,.F.);
#1912=ORIENTED_EDGE('',*,*,#1214,.F.);
#1913=ORIENTED_EDGE('',*,*,#1211,.F.);
#1914=ORIENTED_EDGE('',*,*,#1208,.F.);
#1915=ORIENTED_EDGE('',*,*,#1205,.F.);
#1916=ORIENTED_EDGE('',*,*,#1202,.F.);
#1917=ORIENTED_EDGE('',*,*,#1199,.F.);
#1918=ORIENTED_EDGE('',*,*,#1196,.F.);
#1919=ORIENTED_EDGE('',*,*,#1193,.F.);
#1920=ORIENTED_EDGE('',*,*,#1190,.F.);
#1921=ORIENTED_EDGE('',*,*,#1187,.F.);
#1922=ORIENTED_EDGE('',*,*,#1184,.F.);
#1923=ORIENTED_EDGE('',*,*,#1181,.F.);
#1924=ORIENTED_EDGE('',*,*,#1178,.F.);
#1925=ORIENTED_EDGE('',*,*,#1175,.F.);
#1926=ORIENTED_EDGE('',*,*,#1172,.F.);
#1927=ORIENTED_EDGE('',*,*,#1168,.F.);
#1928=ORIENTED_EDGE('',*,*,#1328,.F.);
#1929=ORIENTED_EDGE('',*,*,#1170,.F.);
#1930=ORIENTED_EDGE('',*,*,#1174,.F.);
#1931=ORIENTED_EDGE('',*,*,#1177,.F.);
#1932=ORIENTED_EDGE('',*,*,#1180,.F.);
#1933=ORIENTED_EDGE('',*,*,#1183,.F.);
#1934=ORIENTED_EDGE('',*,*,#1186,.F.);
#1935=ORIENTED_EDGE('',*,*,#1189,.F.);
#1936=ORIENTED_EDGE('',*,*,#1192,.F.);
#1937=ORIENTED_EDGE('',*,*,#1195,.F.);
#1938=ORIENTED_EDGE('',*,*,#1198,.F.);
#1939=ORIENTED_EDGE('',*,*,#1201,.F.);
#1940=ORIENTED_EDGE('',*,*,#1204,.F.);
#1941=ORIENTED_EDGE('',*,*,#1207,.F.);
#1942=ORIENTED_EDGE('',*,*,#1210,.F.);
#1943=ORIENTED_EDGE('',*,*,#1213,.F.);
#1944=ORIENTED_EDGE('',*,*,#1329,.F.);
#1945=ORIENTED_EDGE('',*,*,#1218,.F.);
#1946=ORIENTED_EDGE('',*,*,#1330,.F.);
#1947=ORIENTED_EDGE('',*,*,#1269,.T.);
#1948=ORIENTED_EDGE('',*,*,#1324,.T.);
#1949=ORIENTED_EDGE('',*,*,#1267,.T.);
#1950=ORIENTED_EDGE('',*,*,#1264,.T.);
#1951=ORIENTED_EDGE('',*,*,#1261,.T.);
#1952=ORIENTED_EDGE('',*,*,#1258,.T.);
#1953=ORIENTED_EDGE('',*,*,#1255,.T.);
#1954=ORIENTED_EDGE('',*,*,#1252,.T.);
#1955=ORIENTED_EDGE('',*,*,#1249,.T.);
#1956=ORIENTED_EDGE('',*,*,#1246,.T.);
#1957=ORIENTED_EDGE('',*,*,#1243,.T.);
#1958=ORIENTED_EDGE('',*,*,#1240,.T.);
#1959=ORIENTED_EDGE('',*,*,#1237,.T.);
#1960=ORIENTED_EDGE('',*,*,#1234,.T.);
#1961=ORIENTED_EDGE('',*,*,#1231,.T.);
#1962=ORIENTED_EDGE('',*,*,#1228,.T.);
#1963=ORIENTED_EDGE('',*,*,#1225,.T.);
#1964=ORIENTED_EDGE('',*,*,#1222,.T.);
#1965=ORIENTED_EDGE('',*,*,#1215,.T.);
#1966=ORIENTED_EDGE('',*,*,#1329,.T.);
#1967=ORIENTED_EDGE('',*,*,#1212,.F.);
#1968=ORIENTED_EDGE('',*,*,#1327,.T.);
#1969=ORIENTED_EDGE('',*,*,#1328,.T.);
#1970=ORIENTED_EDGE('',*,*,#1221,.T.);
#1971=ORIENTED_EDGE('',*,*,#1325,.T.);
#1972=ORIENTED_EDGE('',*,*,#1167,.F.);
#1973=ORIENTED_EDGE('',*,*,#1171,.F.);
#1974=ORIENTED_EDGE('',*,*,#1331,.F.);
#1975=ORIENTED_EDGE('',*,*,#1332,.F.);
#1976=ORIENTED_EDGE('',*,*,#1333,.F.);
#1977=ORIENTED_EDGE('',*,*,#1334,.F.);
#1978=ORIENTED_EDGE('',*,*,#1335,.T.);
#1979=ORIENTED_EDGE('',*,*,#1336,.F.);
#1980=ORIENTED_EDGE('',*,*,#1332,.T.);
#1981=ORIENTED_EDGE('',*,*,#1337,.F.);
#1982=ORIENTED_EDGE('',*,*,#1335,.F.);
#1983=ORIENTED_EDGE('',*,*,#1338,.F.);
#1984=ORIENTED_EDGE('',*,*,#1339,.F.);
#1985=ORIENTED_EDGE('',*,*,#1340,.T.);
#1986=ORIENTED_EDGE('',*,*,#1341,.F.);
#1987=ORIENTED_EDGE('',*,*,#1342,.T.);
#1988=ORIENTED_EDGE('',*,*,#1343,.F.);
#1989=ORIENTED_EDGE('',*,*,#1342,.F.);
#1990=ORIENTED_EDGE('',*,*,#1344,.F.);
#1991=ORIENTED_EDGE('',*,*,#1340,.F.);
#1992=ORIENTED_EDGE('',*,*,#1345,.T.);
#1993=ORIENTED_EDGE('',*,*,#1321,.T.);
#1994=ORIENTED_EDGE('',*,*,#1318,.T.);
#1995=ORIENTED_EDGE('',*,*,#1316,.T.);
#1996=ORIENTED_EDGE('',*,*,#1274,.F.);
#1997=ORIENTED_EDGE('',*,*,#1320,.T.);
#1998=ORIENTED_EDGE('',*,*,#1292,.T.);
#1999=ORIENTED_EDGE('',*,*,#1322,.T.);
#2000=ORIENTED_EDGE('',*,*,#1314,.T.);
#2001=ORIENTED_EDGE('',*,*,#1297,.T.);
#2002=ORIENTED_EDGE('',*,*,#1346,.F.);
#2003=ORIENTED_EDGE('',*,*,#1330,.T.);
#2004=ORIENTED_EDGE('',*,*,#1217,.T.);
#2005=ORIENTED_EDGE('',*,*,#1326,.T.);
#2006=ORIENTED_EDGE('',*,*,#1270,.T.);
#2007=ORIENTED_EDGE('',*,*,#1345,.F.);
#2008=ORIENTED_EDGE('',*,*,#1347,.T.);
#2009=ORIENTED_EDGE('',*,*,#1333,.T.);
#2010=ORIENTED_EDGE('',*,*,#1336,.T.);
#2011=ORIENTED_EDGE('',*,*,#1337,.T.);
#2012=ORIENTED_EDGE('',*,*,#1348,.T.);
#2013=ORIENTED_EDGE('',*,*,#1346,.T.);
#2014=ORIENTED_EDGE('',*,*,#1348,.F.);
#2015=ORIENTED_EDGE('',*,*,#1338,.T.);
#2016=ORIENTED_EDGE('',*,*,#1334,.T.);
#2017=ORIENTED_EDGE('',*,*,#1331,.T.);
#2018=ORIENTED_EDGE('',*,*,#1347,.F.);
#2019=ORIENTED_EDGE('',*,*,#1341,.T.);
#2020=ORIENTED_EDGE('',*,*,#1343,.T.);
#2021=ORIENTED_EDGE('',*,*,#1339,.T.);
#2022=ORIENTED_EDGE('',*,*,#1344,.T.);
#2023=CYLINDRICAL_SURFACE('',#2238,10.125);
#2024=CYLINDRICAL_SURFACE('',#2243,6.25);
#2025=CYLINDRICAL_SURFACE('',#2249,12.125);
#2026=CYLINDRICAL_SURFACE('',#2252,5.13675);
#2027=CYLINDRICAL_SURFACE('',#2254,5.13675);
#2028=CYLINDRICAL_SURFACE('',#2256,5.13675);
#2029=CYLINDRICAL_SURFACE('',#2257,5.13675);
#2030=CYLINDRICAL_SURFACE('',#2258,5.13675);
#2031=CYLINDRICAL_SURFACE('',#2259,5.13675);
#2032=CYLINDRICAL_SURFACE('',#2261,6.11325);
#2033=CYLINDRICAL_SURFACE('',#2263,6.11325);
#2034=CYLINDRICAL_SURFACE('',#2264,6.11325);
#2035=CYLINDRICAL_SURFACE('',#2265,6.11325);
#2036=CYLINDRICAL_SURFACE('',#2266,6.11325);
#2037=CYLINDRICAL_SURFACE('',#2267,6.11325);
#2038=CYLINDRICAL_SURFACE('',#2269,6.11325);
#2039=CYLINDRICAL_SURFACE('',#2284,5.13675);
#2040=CYLINDRICAL_SURFACE('',#2292,10.0000001490116);
#2041=CYLINDRICAL_SURFACE('',#2303,9.00000013411045);
#2042=CYLINDRICAL_SURFACE('',#2306,9.00000013411045);
#2043=CYLINDRICAL_SURFACE('',#2317,9.00000013411045);
#2044=CYLINDRICAL_SURFACE('',#2320,9.00000013411045);
#2045=CYLINDRICAL_SURFACE('',#2329,9.00000013411045);
#2046=CYLINDRICAL_SURFACE('',#2330,9.00000013411045);
#2047=CYLINDRICAL_SURFACE('',#2338,4.263);
#2048=CYLINDRICAL_SURFACE('',#2340,4.263);
#2049=CYLINDRICAL_SURFACE('',#2342,4.263);
#2050=CYLINDRICAL_SURFACE('',#2343,4.263);
#2051=CYLINDRICAL_SURFACE('',#2344,4.263);
#2052=CYLINDRICAL_SURFACE('',#2345,4.263);
#2053=CYLINDRICAL_SURFACE('',#2346,4.263);
#2054=CYLINDRICAL_SURFACE('',#2347,4.263);
#2055=CYLINDRICAL_SURFACE('',#2348,4.263);
#2056=CYLINDRICAL_SURFACE('',#2349,4.263);
#2057=CYLINDRICAL_SURFACE('',#2350,4.263);
#2058=CYLINDRICAL_SURFACE('',#2351,4.263);
#2059=CYLINDRICAL_SURFACE('',#2352,4.263);
#2060=CYLINDRICAL_SURFACE('',#2353,4.263);
#2061=CYLINDRICAL_SURFACE('',#2354,4.263);
#2062=CYLINDRICAL_SURFACE('',#2355,4.263);
#2063=CYLINDRICAL_SURFACE('',#2356,4.263);
#2064=CYLINDRICAL_SURFACE('',#2358,5.099);
#2065=CYLINDRICAL_SURFACE('',#2360,5.099);
#2066=CYLINDRICAL_SURFACE('',#2361,5.099);
#2067=CYLINDRICAL_SURFACE('',#2362,5.099);
#2068=CYLINDRICAL_SURFACE('',#2363,5.099);
#2069=CYLINDRICAL_SURFACE('',#2364,5.099);
#2070=CYLINDRICAL_SURFACE('',#2365,5.099);
#2071=CYLINDRICAL_SURFACE('',#2366,5.099);
#2072=CYLINDRICAL_SURFACE('',#2367,5.099);
#2073=CYLINDRICAL_SURFACE('',#2368,5.099);
#2074=CYLINDRICAL_SURFACE('',#2369,5.099);
#2075=CYLINDRICAL_SURFACE('',#2370,5.099);
#2076=CYLINDRICAL_SURFACE('',#2371,5.099);
#2077=CYLINDRICAL_SURFACE('',#2372,5.099);
#2078=CYLINDRICAL_SURFACE('',#2373,5.099);
#2079=CYLINDRICAL_SURFACE('',#2374,5.099);
#2080=CYLINDRICAL_SURFACE('',#2375,5.099);
#2081=CYLINDRICAL_SURFACE('',#2377,5.91675);
#2082=CYLINDRICAL_SURFACE('',#2379,5.91675);
#2083=CYLINDRICAL_SURFACE('',#2380,5.91675);
#2084=CYLINDRICAL_SURFACE('',#2381,5.91675);
#2085=CYLINDRICAL_SURFACE('',#2382,5.91675);
#2086=CYLINDRICAL_SURFACE('',#2383,5.91675);
#2087=CYLINDRICAL_SURFACE('',#2384,5.91675);
#2088=CYLINDRICAL_SURFACE('',#2386,4.91825);
#2089=CYLINDRICAL_SURFACE('',#2388,4.91825);
#2090=CYLINDRICAL_SURFACE('',#2389,4.91825);
#2091=CYLINDRICAL_SURFACE('',#2390,4.91825);
#2092=CYLINDRICAL_SURFACE('',#2391,4.91825);
#2093=CYLINDRICAL_SURFACE('',#2392,4.91825);
#2094=CYLINDRICAL_SURFACE('',#2393,4.91825);
#2095=CYLINDRICAL_SURFACE('',#2395,5.91675);
#2096=CYLINDRICAL_SURFACE('',#2397,5.099);
#2097=CYLINDRICAL_SURFACE('',#2398,4.263);
#2098=CYLINDRICAL_SURFACE('',#2417,8.00000011920929);
#2099=ADVANCED_FACE('',(#225),#2023,.F.);
#2100=ADVANCED_FACE('',(#226,#184),#192,.T.);
#2101=ADVANCED_FACE('',(#227),#2024,.F.);
#2102=ADVANCED_FACE('',(#228,#185),#193,.T.);
#2103=ADVANCED_FACE('',(#229),#176,.T.);
#2104=ADVANCED_FACE('',(#230),#2025,.T.);
#2105=ADVANCED_FACE('',(#231,#186),#194,.T.);
#2106=ADVANCED_FACE('',(#232),#2026,.F.);
#2107=ADVANCED_FACE('',(#233),#2027,.F.);
#2108=ADVANCED_FACE('',(#234),#2028,.F.);
#2109=ADVANCED_FACE('',(#235),#2029,.F.);
#2110=ADVANCED_FACE('',(#236),#2030,.F.);
#2111=ADVANCED_FACE('',(#237),#2031,.F.);
#2112=ADVANCED_FACE('',(#238),#2032,.F.);
#2113=ADVANCED_FACE('',(#239),#2033,.F.);
#2114=ADVANCED_FACE('',(#240),#2034,.F.);
#2115=ADVANCED_FACE('',(#241),#2035,.F.);
#2116=ADVANCED_FACE('',(#242),#2036,.F.);
#2117=ADVANCED_FACE('',(#243),#2037,.F.);
#2118=ADVANCED_FACE('',(#244),#2038,.F.);
#2119=ADVANCED_FACE('',(#245),#25,.F.);
#2120=ADVANCED_FACE('',(#246),#26,.F.);
#2121=ADVANCED_FACE('',(#247,#187),#195,.F.);
#2122=ADVANCED_FACE('',(#248),#2039,.F.);
#2123=ADVANCED_FACE('',(#249),#196,.F.);
#2124=ADVANCED_FACE('',(#250),#197,.F.);
#2125=ADVANCED_FACE('',(#251),#198,.F.);
#2126=ADVANCED_FACE('',(#252),#199,.F.);
#2127=ADVANCED_FACE('',(#253),#177,.T.);
#2128=ADVANCED_FACE('',(#254),#2040,.T.);
#2129=ADVANCED_FACE('',(#255),#200,.T.);
#2130=ADVANCED_FACE('',(#256),#178,.T.);
#2131=ADVANCED_FACE('',(#257),#2041,.F.);
#2132=ADVANCED_FACE('',(#258),#201,.T.);
#2133=ADVANCED_FACE('',(#259),#2042,.F.);
#2134=ADVANCED_FACE('',(#260),#202,.F.);
#2135=ADVANCED_FACE('',(#261),#203,.F.);
#2136=ADVANCED_FACE('',(#262),#204,.F.);
#2137=ADVANCED_FACE('',(#263),#205,.F.);
#2138=ADVANCED_FACE('',(#264),#179,.T.);
#2139=ADVANCED_FACE('',(#265),#206,.T.);
#2140=ADVANCED_FACE('',(#266),#180,.T.);
#2141=ADVANCED_FACE('',(#267),#2043,.F.);
#2142=ADVANCED_FACE('',(#268),#207,.T.);
#2143=ADVANCED_FACE('',(#269),#2044,.F.);
#2144=ADVANCED_FACE('',(#270),#208,.F.);
#2145=ADVANCED_FACE('',(#271),#209,.F.);
#2146=ADVANCED_FACE('',(#272),#210,.F.);
#2147=ADVANCED_FACE('',(#273),#211,.F.);
#2148=ADVANCED_FACE('',(#274),#181,.T.);
#2149=ADVANCED_FACE('',(#275),#212,.T.);
#2150=ADVANCED_FACE('',(#276),#2045,.F.);
#2151=ADVANCED_FACE('',(#277),#2046,.F.);
#2152=ADVANCED_FACE('',(#278,#188),#213,.T.);
#2153=ADVANCED_FACE('',(#279),#214,.T.);
#2154=ADVANCED_FACE('',(#280),#182,.T.);
#2155=ADVANCED_FACE('',(#281),#183,.T.);
#2156=ADVANCED_FACE('',(#282),#2047,.F.);
#2157=ADVANCED_FACE('',(#283),#2048,.F.);
#2158=ADVANCED_FACE('',(#284),#2049,.F.);
#2159=ADVANCED_FACE('',(#285),#2050,.F.);
#2160=ADVANCED_FACE('',(#286),#2051,.F.);
#2161=ADVANCED_FACE('',(#287),#2052,.F.);
#2162=ADVANCED_FACE('',(#288),#2053,.F.);
#2163=ADVANCED_FACE('',(#289),#2054,.F.);
#2164=ADVANCED_FACE('',(#290),#2055,.F.);
#2165=ADVANCED_FACE('',(#291),#2056,.F.);
#2166=ADVANCED_FACE('',(#292),#2057,.F.);
#2167=ADVANCED_FACE('',(#293),#2058,.F.);
#2168=ADVANCED_FACE('',(#294),#2059,.F.);
#2169=ADVANCED_FACE('',(#295),#2060,.F.);
#2170=ADVANCED_FACE('',(#296),#2061,.F.);
#2171=ADVANCED_FACE('',(#297),#2062,.F.);
#2172=ADVANCED_FACE('',(#298),#2063,.F.);
#2173=ADVANCED_FACE('',(#299),#2064,.F.);
#2174=ADVANCED_FACE('',(#300),#2065,.F.);
#2175=ADVANCED_FACE('',(#301),#2066,.F.);
#2176=ADVANCED_FACE('',(#302),#2067,.F.);
#2177=ADVANCED_FACE('',(#303),#2068,.F.);
#2178=ADVANCED_FACE('',(#304),#2069,.F.);
#2179=ADVANCED_FACE('',(#305),#2070,.F.);
#2180=ADVANCED_FACE('',(#306),#2071,.F.);
#2181=ADVANCED_FACE('',(#307),#2072,.F.);
#2182=ADVANCED_FACE('',(#308),#2073,.F.);
#2183=ADVANCED_FACE('',(#309),#2074,.F.);
#2184=ADVANCED_FACE('',(#310),#2075,.F.);
#2185=ADVANCED_FACE('',(#311),#2076,.F.);
#2186=ADVANCED_FACE('',(#312),#2077,.F.);
#2187=ADVANCED_FACE('',(#313),#2078,.F.);
#2188=ADVANCED_FACE('',(#314),#2079,.F.);
#2189=ADVANCED_FACE('',(#315),#2080,.F.);
#2190=ADVANCED_FACE('',(#316),#2081,.T.);
#2191=ADVANCED_FACE('',(#317),#2082,.T.);
#2192=ADVANCED_FACE('',(#318),#2083,.T.);
#2193=ADVANCED_FACE('',(#319),#2084,.T.);
#2194=ADVANCED_FACE('',(#320),#2085,.T.);
#2195=ADVANCED_FACE('',(#321),#2086,.T.);
#2196=ADVANCED_FACE('',(#322),#2087,.T.);
#2197=ADVANCED_FACE('',(#323),#2088,.T.);
#2198=ADVANCED_FACE('',(#324),#2089,.T.);
#2199=ADVANCED_FACE('',(#325),#2090,.T.);
#2200=ADVANCED_FACE('',(#326),#2091,.T.);
#2201=ADVANCED_FACE('',(#327),#2092,.T.);
#2202=ADVANCED_FACE('',(#328),#2093,.T.);
#2203=ADVANCED_FACE('',(#329),#27,.F.);
#2204=ADVANCED_FACE('',(#330),#2094,.T.);
#2205=ADVANCED_FACE('',(#331),#28,.F.);
#2206=ADVANCED_FACE('',(#332),#2095,.T.);
#2207=ADVANCED_FACE('',(#333),#2096,.F.);
#2208=ADVANCED_FACE('',(#334),#29,.F.);
#2209=ADVANCED_FACE('',(#335),#30,.F.);
#2210=ADVANCED_FACE('',(#336),#2097,.F.);
#2211=ADVANCED_FACE('',(#337),#215,.F.);
#2212=ADVANCED_FACE('',(#338),#216,.F.);
#2213=ADVANCED_FACE('',(#339),#217,.F.);
#2214=ADVANCED_FACE('',(#340),#218,.F.);
#2215=ADVANCED_FACE('',(#341),#219,.F.);
#2216=ADVANCED_FACE('',(#342),#220,.F.);
#2217=ADVANCED_FACE('',(#343),#221,.F.);
#2218=ADVANCED_FACE('',(#344,#189),#222,.T.);
#2219=ADVANCED_FACE('',(#345),#223,.T.);
#2220=ADVANCED_FACE('',(#346,#190),#224,.T.);
#2221=ADVANCED_FACE('',(#347,#191),#2098,.T.);
#2222=CLOSED_SHELL('',(#2099,#2100,#2101,#2102,#2103,#2104,#2105));
#2223=CLOSED_SHELL('',(#2106,#2107,#2108,#2109,#2110,#2111,#2112,#2113,
#2114,#2115,#2116,#2117,#2118,#2119,#2120,#2121,#2122,#2123,#2124,#2125,
#2126,#2127,#2128,#2129,#2130,#2131,#2132,#2133,#2134,#2135,#2136,#2137,
#2138,#2139,#2140,#2141,#2142,#2143,#2144,#2145,#2146,#2147,#2148,#2149,
#2150,#2151,#2152,#2153,#2154,#2155));
#2224=CLOSED_SHELL('',(#2156,#2157,#2158,#2159,#2160,#2161,#2162,#2163,
#2164,#2165,#2166,#2167,#2168,#2169,#2170,#2171,#2172,#2173,#2174,#2175,
#2176,#2177,#2178,#2179,#2180,#2181,#2182,#2183,#2184,#2185,#2186,#2187,
#2188,#2189,#2190,#2191,#2192,#2193,#2194,#2195,#2196,#2197,#2198,#2199,
#2200,#2201,#2202,#2203,#2204,#2205,#2206,#2207,#2208,#2209,#2210,#2211,
#2212,#2213,#2214,#2215,#2216,#2217,#2218,#2219,#2220,#2221));
#2225=DERIVED_UNIT_ELEMENT(#2227,1.);
#2226=DERIVED_UNIT_ELEMENT(#11194,-3.);
#2227=(
MASS_UNIT()
NAMED_UNIT(*)
SI_UNIT(.KILO.,.GRAM.)
);
#2228=DERIVED_UNIT((#2225,#2226));
#2229=MEASURE_REPRESENTATION_ITEM('density measure',
POSITIVE_RATIO_MEASURE(7850.),#2228);
#2230=PROPERTY_DEFINITION_REPRESENTATION(#2235,#2232);
#2231=PROPERTY_DEFINITION_REPRESENTATION(#2236,#2233);
#2232=REPRESENTATION('material name',(#2234),#11191);
#2233=REPRESENTATION('density',(#2229),#11191);
#2234=DESCRIPTIVE_REPRESENTATION_ITEM('Stal','Stal');
#2235=PROPERTY_DEFINITION('material property','material name',#11201);
#2236=PROPERTY_DEFINITION('material property','density of part',#11201);
#2237=AXIS2_PLACEMENT_3D('',#2903,#2418,#2419);
#2238=AXIS2_PLACEMENT_3D('',#2904,#2420,#2421);
#2239=AXIS2_PLACEMENT_3D('',#2906,#2422,#2423);
#2240=AXIS2_PLACEMENT_3D('',#2909,#2425,#2426);
#2241=AXIS2_PLACEMENT_3D('',#2910,#2427,#2428);
#2242=AXIS2_PLACEMENT_3D('',#2912,#2429,#2430);
#2243=AXIS2_PLACEMENT_3D('',#2913,#2431,#2432);
#2244=AXIS2_PLACEMENT_3D('',#2916,#2434,#2435);
#2245=AXIS2_PLACEMENT_3D('',#2917,#2436,#2437);
#2246=AXIS2_PLACEMENT_3D('',#2919,#2438,#2439);
#2247=AXIS2_PLACEMENT_3D('',#2920,#2440,#2441);
#2248=AXIS2_PLACEMENT_3D('',#2922,#2442,#2443);
#2249=AXIS2_PLACEMENT_3D('',#2924,#2445,#2446);
#2250=AXIS2_PLACEMENT_3D('',#2926,#2447,#2448);
#2251=AXIS2_PLACEMENT_3D('',#2928,#2450,#2451);
#2252=AXIS2_PLACEMENT_3D('',#2929,#2452,#2453);
#2253=AXIS2_PLACEMENT_3D('',#2934,#2455,#2456);
#2254=AXIS2_PLACEMENT_3D('',#2942,#2457,#2458);
#2255=AXIS2_PLACEMENT_3D('',#2981,#2460,#2461);
#2256=AXIS2_PLACEMENT_3D('',#3022,#2462,#2463);
#2257=AXIS2_PLACEMENT_3D('',#3112,#2465,#2466);
#2258=AXIS2_PLACEMENT_3D('',#3199,#2468,#2469);
#2259=AXIS2_PLACEMENT_3D('',#3286,#2471,#2472);
#2260=AXIS2_PLACEMENT_3D('',#3317,#2474,#2475);
#2261=AXIS2_PLACEMENT_3D('',#3355,#2476,#2477);
#2262=AXIS2_PLACEMENT_3D('',#3370,#2479,#2480);
#2263=AXIS2_PLACEMENT_3D('',#3381,#2481,#2482);
#2264=AXIS2_PLACEMENT_3D('',#3418,#2484,#2485);
#2265=AXIS2_PLACEMENT_3D('',#3455,#2487,#2488);
#2266=AXIS2_PLACEMENT_3D('',#3493,#2490,#2491);
#2267=AXIS2_PLACEMENT_3D('',#3529,#2493,#2494);
#2268=AXIS2_PLACEMENT_3D('',#3541,#2496,#2497);
#2269=AXIS2_PLACEMENT_3D('',#3549,#2498,#2499);
#2270=AXIS2_PLACEMENT_3D('',#4747,#2500,#2501);
#2271=AXIS2_PLACEMENT_3D('',#4750,#2502,#2503);
#2272=AXIS2_PLACEMENT_3D('',#4754,#2505,#2506);
#2273=AXIS2_PLACEMENT_3D('',#4756,#2507,#2508);
#2274=AXIS2_PLACEMENT_3D('',#4760,#2510,#2511);
#2275=AXIS2_PLACEMENT_3D('',#4764,#2513,#2514);
#2276=AXIS2_PLACEMENT_3D('',#4768,#2516,#2517);
#2277=AXIS2_PLACEMENT_3D('',#4772,#2519,#2520);
#2278=AXIS2_PLACEMENT_3D('',#4776,#2522,#2523);
#2279=AXIS2_PLACEMENT_3D('',#4780,#2525,#2526);
#2280=AXIS2_PLACEMENT_3D('',#4784,#2528,#2529);
#2281=AXIS2_PLACEMENT_3D('',#4788,#2531,#2532);
#2282=AXIS2_PLACEMENT_3D('',#4792,#2534,#2535);
#2283=AXIS2_PLACEMENT_3D('',#4796,#2537,#2538);
#2284=AXIS2_PLACEMENT_3D('',#4798,#2540,#2541);
#2285=AXIS2_PLACEMENT_3D('',#4799,#2542,#2543);
#2286=AXIS2_PLACEMENT_3D('',#4809,#2547,#2548);
#2287=AXIS2_PLACEMENT_3D('',#4819,#2552,#2553);
#2288=AXIS2_PLACEMENT_3D('',#4829,#2557,#2558);
#2289=AXIS2_PLACEMENT_3D('',#4839,#2562,#2563);
#2290=AXIS2_PLACEMENT_3D('',#4841,#2564,#2565);
#2291=AXIS2_PLACEMENT_3D('',#4846,#2566,#2567);
#2292=AXIS2_PLACEMENT_3D('',#4847,#2568,#2569);
#2293=AXIS2_PLACEMENT_3D('',#4849,#2570,#2571);
#2294=AXIS2_PLACEMENT_3D('',#4853,#2574,#2575);
#2295=AXIS2_PLACEMENT_3D('',#4858,#2578,#2579);
#2296=AXIS2_PLACEMENT_3D('',#4862,#2582,#2583);
#2297=AXIS2_PLACEMENT_3D('',#4864,#2584,#2585);
#2298=AXIS2_PLACEMENT_3D('',#4869,#2588,#2589);
#2299=AXIS2_PLACEMENT_3D('',#4871,#2591,#2592);
#2300=AXIS2_PLACEMENT_3D('',#4873,#2593,#2594);
#2301=AXIS2_PLACEMENT_3D('',#4875,#2596,#2597);
#2302=AXIS2_PLACEMENT_3D('',#4877,#2598,#2599);
#2303=AXIS2_PLACEMENT_3D('',#4881,#2600,#2601);
#2304=AXIS2_PLACEMENT_3D('',#4883,#2603,#2604);
#2305=AXIS2_PLACEMENT_3D('',#4885,#2605,#2606);
#2306=AXIS2_PLACEMENT_3D('',#4887,#2608,#2609);
#2307=AXIS2_PLACEMENT_3D('',#4889,#2611,#2612);
#2308=AXIS2_PLACEMENT_3D('',#4890,#2613,#2614);
#2309=AXIS2_PLACEMENT_3D('',#4898,#2617,#2618);
#2310=AXIS2_PLACEMENT_3D('',#4906,#2621,#2622);
#2311=AXIS2_PLACEMENT_3D('',#4907,#2623,#2624);
#2312=AXIS2_PLACEMENT_3D('',#4909,#2625,#2626);
#2313=AXIS2_PLACEMENT_3D('',#4913,#2627,#2628);
#2314=AXIS2_PLACEMENT_3D('',#4915,#2629,#2630);
#2315=AXIS2_PLACEMENT_3D('',#4917,#2632,#2633);
#2316=AXIS2_PLACEMENT_3D('',#4919,#2634,#2635);
#2317=AXIS2_PLACEMENT_3D('',#4923,#2636,#2637);
#2318=AXIS2_PLACEMENT_3D('',#4925,#2639,#2640);
#2319=AXIS2_PLACEMENT_3D('',#4927,#2641,#2642);
#2320=AXIS2_PLACEMENT_3D('',#4929,#2644,#2645);
#2321=AXIS2_PLACEMENT_3D('',#4931,#2647,#2648);
#2322=AXIS2_PLACEMENT_3D('',#4939,#2651,#2652);
#2323=AXIS2_PLACEMENT_3D('',#4940,#2653,#2654);
#2324=AXIS2_PLACEMENT_3D('',#4948,#2657,#2658);
#2325=AXIS2_PLACEMENT_3D('',#4949,#2659,#2660);
#2326=AXIS2_PLACEMENT_3D('',#4950,#2661,#2662);
#2327=AXIS2_PLACEMENT_3D('',#4951,#2663,#2664);
#2328=AXIS2_PLACEMENT_3D('',#4952,#2665,#2666);
#2329=AXIS2_PLACEMENT_3D('',#4953,#2667,#2668);
#2330=AXIS2_PLACEMENT_3D('',#4954,#2669,#2670);
#2331=AXIS2_PLACEMENT_3D('',#4955,#2671,#2672);
#2332=AXIS2_PLACEMENT_3D('',#4956,#2673,#2674);
#2333=AXIS2_PLACEMENT_3D('',#4958,#2675,#2676);
#2334=AXIS2_PLACEMENT_3D('',#4959,#2677,#2678);
#2335=AXIS2_PLACEMENT_3D('',#4960,#2679,#2680);
#2336=AXIS2_PLACEMENT_3D('',#4961,#2681,#2682);
#2337=AXIS2_PLACEMENT_3D('',#4962,#2683,#2684);
#2338=AXIS2_PLACEMENT_3D('',#4964,#2686,#2687);
#2339=AXIS2_PLACEMENT_3D('',#4969,#2689,#2690);
#2340=AXIS2_PLACEMENT_3D('',#4974,#2691,#2692);
#2341=AXIS2_PLACEMENT_3D('',#5010,#2694,#2695);
#2342=AXIS2_PLACEMENT_3D('',#5054,#2696,#2697);
#2343=AXIS2_PLACEMENT_3D('',#5141,#2699,#2700);
#2344=AXIS2_PLACEMENT_3D('',#5231,#2702,#2703);
#2345=AXIS2_PLACEMENT_3D('',#5318,#2705,#2706);
#2346=AXIS2_PLACEMENT_3D('',#5405,#2708,#2709);
#2347=AXIS2_PLACEMENT_3D('',#5492,#2711,#2712);
#2348=AXIS2_PLACEMENT_3D('',#5579,#2714,#2715);
#2349=AXIS2_PLACEMENT_3D('',#5666,#2717,#2718);
#2350=AXIS2_PLACEMENT_3D('',#5738,#2720,#2721);
#2351=AXIS2_PLACEMENT_3D('',#5825,#2723,#2724);
#2352=AXIS2_PLACEMENT_3D('',#5912,#2726,#2727);
#2353=AXIS2_PLACEMENT_3D('',#5999,#2729,#2730);
#2354=AXIS2_PLACEMENT_3D('',#6086,#2732,#2733);
#2355=AXIS2_PLACEMENT_3D('',#6176,#2735,#2736);
#2356=AXIS2_PLACEMENT_3D('',#6263,#2738,#2739);
#2357=AXIS2_PLACEMENT_3D('',#6294,#2741,#2742);
#2358=AXIS2_PLACEMENT_3D('',#6332,#2743,#2744);
#2359=AXIS2_PLACEMENT_3D('',#6346,#2746,#2747);
#2360=AXIS2_PLACEMENT_3D('',#6356,#2748,#2749);
#2361=AXIS2_PLACEMENT_3D('',#6394,#2751,#2752);
#2362=AXIS2_PLACEMENT_3D('',#6431,#2754,#2755);
#2363=AXIS2_PLACEMENT_3D('',#6468,#2757,#2758);
#2364=AXIS2_PLACEMENT_3D('',#6506,#2760,#2761);
#2365=AXIS2_PLACEMENT_3D('',#6542,#2763,#2764);
#2366=AXIS2_PLACEMENT_3D('',#6580,#2766,#2767);
#2367=AXIS2_PLACEMENT_3D('',#6617,#2769,#2770);
#2368=AXIS2_PLACEMENT_3D('',#6650,#2772,#2773);
#2369=AXIS2_PLACEMENT_3D('',#6686,#2775,#2776);
#2370=AXIS2_PLACEMENT_3D('',#6722,#2778,#2779);
#2371=AXIS2_PLACEMENT_3D('',#6760,#2781,#2782);
#2372=AXIS2_PLACEMENT_3D('',#6796,#2784,#2785);
#2373=AXIS2_PLACEMENT_3D('',#6834,#2787,#2788);
#2374=AXIS2_PLACEMENT_3D('',#6872,#2790,#2791);
#2375=AXIS2_PLACEMENT_3D('',#6908,#2793,#2794);
#2376=AXIS2_PLACEMENT_3D('',#6920,#2796,#2797);
#2377=AXIS2_PLACEMENT_3D('',#6928,#2798,#2799);
#2378=AXIS2_PLACEMENT_3D('',#6950,#2801,#2802);
#2379=AXIS2_PLACEMENT_3D('',#6961,#2803,#2804);
#2380=AXIS2_PLACEMENT_3D('',#7045,#2806,#2807);
#2381=AXIS2_PLACEMENT_3D('',#7135,#2809,#2810);
#2382=AXIS2_PLACEMENT_3D('',#7225,#2812,#2813);
#2383=AXIS2_PLACEMENT_3D('',#7315,#2815,#2816);
#2384=AXIS2_PLACEMENT_3D('',#7399,#2818,#2819);
#2385=AXIS2_PLACEMENT_3D('',#7404,#2821,#2822);
#2386=AXIS2_PLACEMENT_3D('',#7488,#2823,#2824);
#2387=AXIS2_PLACEMENT_3D('',#7506,#2826,#2827);
#2388=AXIS2_PLACEMENT_3D('',#7516,#2828,#2829);
#2389=AXIS2_PLACEMENT_3D('',#7553,#2831,#2832);
#2390=AXIS2_PLACEMENT_3D('',#7590,#2834,#2835);
#2391=AXIS2_PLACEMENT_3D('',#7628,#2837,#2838);
#2392=AXIS2_PLACEMENT_3D('',#7666,#2840,#2841);
#2393=AXIS2_PLACEMENT_3D('',#8292,#2843,#2844);
#2394=AXIS2_PLACEMENT_3D('',#8294,#2845,#2846);
#2395=AXIS2_PLACEMENT_3D('',#8879,#2847,#2848);
#2396=AXIS2_PLACEMENT_3D('',#8880,#2849,#2850);
#2397=AXIS2_PLACEMENT_3D('',#8881,#2851,#2852);
#2398=AXIS2_PLACEMENT_3D('',#11147,#2853,#2854);
#2399=AXIS2_PLACEMENT_3D('',#11148,#2855,#2856);
#2400=AXIS2_PLACEMENT_3D('',#11149,#2857,#2858);
#2401=AXIS2_PLACEMENT_3D('',#11152,#2859,#2860);
#2402=AXIS2_PLACEMENT_3D('',#11155,#2862,#2863);
#2403=AXIS2_PLACEMENT_3D('',#11156,#2864,#2865);
#2404=AXIS2_PLACEMENT_3D('',#11162,#2869,#2870);
#2405=AXIS2_PLACEMENT_3D('',#11164,#2871,#2872);
#2406=AXIS2_PLACEMENT_3D('',#11165,#2873,#2874);
#2407=AXIS2_PLACEMENT_3D('',#11166,#2875,#2876);
#2408=AXIS2_PLACEMENT_3D('',#11169,#2877,#2878);
#2409=AXIS2_PLACEMENT_3D('',#11171,#2880,#2881);
#2410=AXIS2_PLACEMENT_3D('',#11174,#2882,#2883);
#2411=AXIS2_PLACEMENT_3D('',#11176,#2885,#2886);
#2412=AXIS2_PLACEMENT_3D('',#11179,#2889,#2890);
#2413=AXIS2_PLACEMENT_3D('',#11181,#2891,#2892);
#2414=AXIS2_PLACEMENT_3D('',#11182,#2893,#2894);
#2415=AXIS2_PLACEMENT_3D('',#11183,#2895,#2896);
#2416=AXIS2_PLACEMENT_3D('',#11185,#2897,#2898);
#2417=AXIS2_PLACEMENT_3D('',#11186,#2899,#2900);
#2418=DIRECTION('axis',(0.,0.,1.));
#2419=DIRECTION('refdir',(1.,0.,0.));
#2420=DIRECTION('center_axis',(0.,0.,1.));
#2421=DIRECTION('ref_axis',(1.,0.,0.));
#2422=DIRECTION('center_axis',(0.,0.,1.));
#2423=DIRECTION('ref_axis',(1.,0.,0.));
#2424=DIRECTION('',(0.,0.,-1.));
#2425=DIRECTION('center_axis',(0.,0.,1.));
#2426=DIRECTION('ref_axis',(1.,0.,0.));
#2427=DIRECTION('center_axis',(0.,0.,1.));
#2428=DIRECTION('ref_axis',(1.,0.,0.));
#2429=DIRECTION('center_axis',(0.,0.,1.));
#2430=DIRECTION('ref_axis',(1.,0.,0.));
#2431=DIRECTION('center_axis',(0.,0.,1.));
#2432=DIRECTION('ref_axis',(1.,0.,0.));
#2433=DIRECTION('',(0.,0.,-1.));
#2434=DIRECTION('center_axis',(0.,0.,1.));
#2435=DIRECTION('ref_axis',(1.,0.,0.));
#2436=DIRECTION('center_axis',(0.,0.,-1.));
#2437=DIRECTION('ref_axis',(-1.,0.,0.));
#2438=DIRECTION('center_axis',(0.,0.,1.));
#2439=DIRECTION('ref_axis',(1.,0.,0.));
#2440=DIRECTION('center_axis',(0.,0.,1.));
#2441=DIRECTION('ref_axis',(1.,0.,0.));
#2442=DIRECTION('center_axis',(0.,0.,1.));
#2443=DIRECTION('ref_axis',(1.,0.,0.));
#2444=DIRECTION('',(0.707106781186548,8.65956056235494E-17,-0.707106781186547));
#2445=DIRECTION('center_axis',(0.,0.,1.));
#2446=DIRECTION('ref_axis',(1.,0.,0.));
#2447=DIRECTION('center_axis',(0.,0.,1.));
#2448=DIRECTION('ref_axis',(1.,0.,0.));
#2449=DIRECTION('',(0.,0.,-1.));
#2450=DIRECTION('center_axis',(0.,0.,1.));
#2451=DIRECTION('ref_axis',(1.,0.,0.));
#2452=DIRECTION('center_axis',(0.,0.,1.));
#2453=DIRECTION('ref_axis',(-1.,0.,0.));
#2454=DIRECTION('',(0.,0.,1.));
#2455=DIRECTION('center_axis',(0.,0.,1.));
#2456=DIRECTION('ref_axis',(-1.,0.,0.));
#2457=DIRECTION('center_axis',(0.,0.,1.));
#2458=DIRECTION('ref_axis',(-1.,0.,0.));
#2459=DIRECTION('',(0.,0.,1.));
#2460=DIRECTION('center_axis',(0.,0.,1.));
#2461=DIRECTION('ref_axis',(-1.,0.,0.));
#2462=DIRECTION('center_axis',(0.,0.,1.));
#2463=DIRECTION('ref_axis',(-1.,0.,0.));
#2464=DIRECTION('',(0.,0.,1.));
#2465=DIRECTION('center_axis',(0.,0.,1.));
#2466=DIRECTION('ref_axis',(-1.,0.,0.));
#2467=DIRECTION('',(0.,0.,1.));
#2468=DIRECTION('center_axis',(0.,0.,1.));
#2469=DIRECTION('ref_axis',(-1.,0.,0.));
#2470=DIRECTION('',(0.,0.,1.));
#2471=DIRECTION('center_axis',(0.,0.,1.));
#2472=DIRECTION('ref_axis',(-0.936835245195013,-0.349770958429083,0.));
#2473=DIRECTION('',(0.,0.,1.));
#2474=DIRECTION('center_axis',(0.,0.,1.));
#2475=DIRECTION('ref_axis',(-1.,0.,0.));
#2476=DIRECTION('center_axis',(0.,0.,1.));
#2477=DIRECTION('ref_axis',(-1.,-5.69508038693042E-15,0.));
#2478=DIRECTION('',(-1.22464679914735E-16,-7.12443794500739E-31,1.));
#2479=DIRECTION('center_axis',(0.,0.,-1.));
#2480=DIRECTION('ref_axis',(-1.,-5.69508038693042E-15,0.));
#2481=DIRECTION('center_axis',(0.,0.,1.));
#2482=DIRECTION('ref_axis',(-1.,-5.69508038693042E-15,0.));
#2483=DIRECTION('',(-1.22464679914735E-16,-7.12443794500739E-31,1.));
#2484=DIRECTION('center_axis',(0.,0.,1.));
#2485=DIRECTION('ref_axis',(-1.,-5.69508038693042E-15,0.));
#2486=DIRECTION('',(-1.22464679914735E-16,-7.12443794500739E-31,1.));
#2487=DIRECTION('center_axis',(0.,0.,1.));
#2488=DIRECTION('ref_axis',(-1.,-5.69508038693042E-15,0.));
#2489=DIRECTION('',(-1.22464679914735E-16,-7.12443794500739E-31,1.));
#2490=DIRECTION('center_axis',(0.,0.,1.));
#2491=DIRECTION('ref_axis',(-1.,-5.69508038693042E-15,0.));
#2492=DIRECTION('',(-1.22464679914735E-16,-7.12443794500739E-31,1.));
#2493=DIRECTION('center_axis',(0.,0.,1.));
#2494=DIRECTION('ref_axis',(0.608992455457359,-0.79317601400699,0.));
#2495=DIRECTION('',(-1.22464679914735E-16,-7.12443794500739E-31,1.));
#2496=DIRECTION('center_axis',(0.,0.,1.));
#2497=DIRECTION('ref_axis',(-1.,-5.69508038693042E-15,0.));
#2498=DIRECTION('center_axis',(0.,0.,1.));
#2499=DIRECTION('ref_axis',(-1.,-5.69508038693042E-15,0.));
#2500=DIRECTION('center_axis',(0.,0.,-1.));
#2501=DIRECTION('ref_axis',(-0.866025403784439,0.5,0.));
#2502=DIRECTION('center_axis',(0.,0.,-1.));
#2503=DIRECTION('ref_axis',(0.866025403784439,-0.5,0.));
#2504=DIRECTION('',(0.5,0.866025403784439,0.));
#2505=DIRECTION('center_axis',(0.,0.,-1.));
#2506=DIRECTION('ref_axis',(0.5,0.866025403784439,0.));
#2507=DIRECTION('center_axis',(0.,0.,-1.));
#2508=DIRECTION('ref_axis',(0.5,0.866025403784439,0.));
#2509=DIRECTION('',(-0.5,-0.866025403784439,0.));
#2510=DIRECTION('center_axis',(0.,0.,-1.));
#2511=DIRECTION('ref_axis',(0.866025403784439,-0.5,0.));
#2512=DIRECTION('',(0.5,-0.866025403784439,0.));
#2513=DIRECTION('center_axis',(0.,0.,-1.));
#2514=DIRECTION('ref_axis',(0.5,0.866025403784439,0.));
#2515=DIRECTION('',(-0.5,0.866025403784439,0.));
#2516=DIRECTION('center_axis',(0.,0.,-1.));
#2517=DIRECTION('ref_axis',(0.866025403784439,-0.5,0.));
#2518=DIRECTION('',(1.,0.,0.));
#2519=DIRECTION('center_axis',(0.,0.,-1.));
#2520=DIRECTION('ref_axis',(0.5,0.866025403784439,0.));
#2521=DIRECTION('',(-1.,0.,0.));
#2522=DIRECTION('center_axis',(0.,0.,-1.));
#2523=DIRECTION('ref_axis',(0.866025403784439,-0.5,0.));
#2524=DIRECTION('',(-0.5,-0.866025403784439,0.));
#2525=DIRECTION('center_axis',(0.,0.,-1.));
#2526=DIRECTION('ref_axis',(0.5,0.866025403784439,0.));
#2527=DIRECTION('',(0.5,0.866025403784439,0.));
#2528=DIRECTION('center_axis',(0.,0.,-1.));
#2529=DIRECTION('ref_axis',(0.866025403784439,-0.5,0.));
#2530=DIRECTION('',(-0.5,0.866025403784439,0.));
#2531=DIRECTION('center_axis',(0.,0.,-1.));
#2532=DIRECTION('ref_axis',(0.5,0.866025403784439,0.));
#2533=DIRECTION('',(0.5,-0.866025403784439,0.));
#2534=DIRECTION('center_axis',(0.,0.,-1.));
#2535=DIRECTION('ref_axis',(0.866025403784439,-0.5,0.));
#2536=DIRECTION('',(-1.,0.,0.));
#2537=DIRECTION('center_axis',(0.,0.,-1.));
#2538=DIRECTION('ref_axis',(0.5,0.866025403784439,0.));
#2539=DIRECTION('',(1.,0.,0.));
#2540=DIRECTION('center_axis',(0.,0.,1.));
#2541=DIRECTION('ref_axis',(-1.,0.,0.));
#2542=DIRECTION('center_axis',(0.,1.,0.));
#2543=DIRECTION('ref_axis',(0.,0.,1.));
#2544=DIRECTION('',(0.,0.,-1.));
#2545=DIRECTION('',(1.,0.,0.));
#2546=DIRECTION('',(0.,0.,1.));
#2547=DIRECTION('center_axis',(0.,1.,0.));
#2548=DIRECTION('ref_axis',(0.,0.,1.));
#2549=DIRECTION('',(0.,0.,1.));
#2550=DIRECTION('',(0.,0.,-1.));
#2551=DIRECTION('',(1.,0.,0.));
#2552=DIRECTION('center_axis',(0.,-1.,0.));
#2553=DIRECTION('ref_axis',(0.,0.,-1.));
#2554=DIRECTION('',(0.,0.,1.));
#2555=DIRECTION('',(0.,0.,-1.));
#2556=DIRECTION('',(-1.,0.,0.));
#2557=DIRECTION('center_axis',(0.,-1.,0.));
#2558=DIRECTION('ref_axis',(0.,0.,-1.));
#2559=DIRECTION('',(0.,0.,-1.));
#2560=DIRECTION('',(-1.,0.,0.));
#2561=DIRECTION('',(0.,0.,1.));
#2562=DIRECTION('center_axis',(0.,0.,1.));
#2563=DIRECTION('ref_axis',(0.5,0.866025403784439,0.));
#2564=DIRECTION('center_axis',(0.,0.,-1.));
#2565=DIRECTION('ref_axis',(0.866025403784439,-0.5,0.));
#2566=DIRECTION('center_axis',(0.,0.,-1.));
#2567=DIRECTION('ref_axis',(0.866025403784439,-0.5,0.));
#2568=DIRECTION('center_axis',(0.,0.,-1.));
#2569=DIRECTION('ref_axis',(0.5,0.866025403784439,0.));
#2570=DIRECTION('center_axis',(0.,0.,-1.));
#2571=DIRECTION('ref_axis',(0.866025403784439,-0.5,0.));
#2572=DIRECTION('',(0.,0.,1.));
#2573=DIRECTION('',(0.,0.,1.));
#2574=DIRECTION('center_axis',(0.,0.,-1.));
#2575=DIRECTION('ref_axis',(0.866025403784439,-0.5,0.));
#2576=DIRECTION('',(0.,0.,-1.));
#2577=DIRECTION('',(0.,0.,1.));
#2578=DIRECTION('center_axis',(0.,0.,-1.));
#2579=DIRECTION('ref_axis',(0.866025403784439,-0.5,0.));
#2580=DIRECTION('',(0.,0.,-1.));
#2581=DIRECTION('',(0.,0.,1.));
#2582=DIRECTION('center_axis',(0.,0.,-1.));
#2583=DIRECTION('ref_axis',(0.866025403784439,-0.5,0.));
#2584=DIRECTION('center_axis',(0.,0.,-1.));
#2585=DIRECTION('ref_axis',(0.866025403784439,-0.5,0.));
#2586=DIRECTION('',(0.,0.,-1.));
#2587=DIRECTION('',(0.,0.,1.));
#2588=DIRECTION('center_axis',(0.,0.,-1.));
#2589=DIRECTION('ref_axis',(0.866025403784439,-0.5,0.));
#2590=DIRECTION('',(0.,0.,-1.));
#2591=DIRECTION('center_axis',(0.,0.,1.));
#2592=DIRECTION('ref_axis',(0.866025403784439,-0.5,0.));
#2593=DIRECTION('center_axis',(0.,0.,-1.));
#2594=DIRECTION('ref_axis',(0.5,0.866025403784439,0.));
#2595=DIRECTION('',(-0.5,0.866025403784439,0.));
#2596=DIRECTION('center_axis',(0.,0.,1.));
#2597=DIRECTION('ref_axis',(0.5,0.866025403784439,0.));
#2598=DIRECTION('center_axis',(0.,0.,-1.));
#2599=DIRECTION('ref_axis',(0.866025403784439,-0.5,0.));
#2600=DIRECTION('center_axis',(0.,0.,-1.));
#2601=DIRECTION('ref_axis',(0.5,0.866025403784439,0.));
#2602=DIRECTION('',(0.,0.,1.));
#2603=DIRECTION('center_axis',(0.,0.,1.));
#2604=DIRECTION('ref_axis',(0.866025403784439,-0.5,0.));
#2605=DIRECTION('center_axis',(0.,0.,-1.));
#2606=DIRECTION('ref_axis',(0.5,0.866025403784439,0.));
#2607=DIRECTION('',(0.5,-0.866025403784439,0.));
#2608=DIRECTION('center_axis',(0.,0.,-1.));
#2609=DIRECTION('ref_axis',(0.5,0.866025403784439,0.));
#2610=DIRECTION('',(0.,0.,1.));
#2611=DIRECTION('center_axis',(0.866025403784439,0.5,0.));
#2612=DIRECTION('ref_axis',(0.,0.,1.));
#2613=DIRECTION('center_axis',(0.866025403784439,0.5,0.));
#2614=DIRECTION('ref_axis',(0.,0.,1.));
#2615=DIRECTION('',(0.,0.,-1.));
#2616=DIRECTION('',(0.5,-0.866025403784439,0.));
#2617=DIRECTION('center_axis',(-0.866025403784439,-0.5,0.));
#2618=DIRECTION('ref_axis',(0.,0.,-1.));
#2619=DIRECTION('',(0.,0.,-1.));
#2620=DIRECTION('',(-0.5,0.866025403784439,0.));
#2621=DIRECTION('center_axis',(-0.866025403784439,-0.5,0.));
#2622=DIRECTION('ref_axis',(0.,0.,-1.));
#2623=DIRECTION('center_axis',(0.,0.,1.));
#2624=DIRECTION('ref_axis',(0.5,0.866025403784439,0.));
#2625=DIRECTION('center_axis',(0.,0.,-1.));
#2626=DIRECTION('ref_axis',(0.866025403784439,-0.5,0.));
#2627=DIRECTION('center_axis',(0.,0.,1.));
#2628=DIRECTION('ref_axis',(0.866025403784439,-0.5,0.));
#2629=DIRECTION('center_axis',(0.,0.,-1.));
#2630=DIRECTION('ref_axis',(0.5,0.866025403784439,0.));
#2631=DIRECTION('',(0.5,0.866025403784439,0.));
#2632=DIRECTION('center_axis',(0.,0.,1.));
#2633=DIRECTION('ref_axis',(0.5,0.866025403784439,0.));
#2634=DIRECTION('center_axis',(0.,0.,-1.));
#2635=DIRECTION('ref_axis',(0.866025403784439,-0.5,0.));
#2636=DIRECTION('center_axis',(0.,0.,-1.));
#2637=DIRECTION('ref_axis',(0.5,0.866025403784439,0.));
#2638=DIRECTION('',(0.,0.,1.));
#2639=DIRECTION('center_axis',(0.,0.,1.));
#2640=DIRECTION('ref_axis',(0.866025403784439,-0.5,0.));
#2641=DIRECTION('center_axis',(0.,0.,-1.));
#2642=DIRECTION('ref_axis',(0.5,0.866025403784439,0.));
#2643=DIRECTION('',(-0.5,-0.866025403784439,0.));
#2644=DIRECTION('center_axis',(0.,0.,-1.));
#2645=DIRECTION('ref_axis',(0.5,0.866025403784439,0.));
#2646=DIRECTION('',(0.,0.,1.));
#2647=DIRECTION('center_axis',(0.866025403784439,-0.5,0.));
#2648=DIRECTION('ref_axis',(0.,0.,-1.));
#2649=DIRECTION('',(0.,0.,-1.));
#2650=DIRECTION('',(-0.5,-0.866025403784439,0.));
#2651=DIRECTION('center_axis',(-0.866025403784439,0.5,0.));
#2652=DIRECTION('ref_axis',(0.,0.,1.));
#2653=DIRECTION('center_axis',(-0.866025403784439,0.5,0.));
#2654=DIRECTION('ref_axis',(0.,0.,1.));
#2655=DIRECTION('',(0.,0.,-1.));
#2656=DIRECTION('',(0.5,0.866025403784439,0.));
#2657=DIRECTION('center_axis',(0.866025403784439,-0.5,0.));
#2658=DIRECTION('ref_axis',(0.,0.,-1.));
#2659=DIRECTION('center_axis',(0.,0.,1.));
#2660=DIRECTION('ref_axis',(0.5,0.866025403784439,0.));
#2661=DIRECTION('center_axis',(0.,0.,-1.));
#2662=DIRECTION('ref_axis',(0.866025403784439,-0.5,0.));
#2663=DIRECTION('center_axis',(0.,0.,1.));
#2664=DIRECTION('ref_axis',(0.866025403784439,-0.5,0.));
#2665=DIRECTION('center_axis',(0.,0.,-1.));
#2666=DIRECTION('ref_axis',(0.5,0.866025403784439,0.));
#2667=DIRECTION('center_axis',(0.,0.,-1.));
#2668=DIRECTION('ref_axis',(0.5,0.866025403784439,0.));
#2669=DIRECTION('center_axis',(0.,0.,-1.));
#2670=DIRECTION('ref_axis',(0.5,0.866025403784439,0.));
#2671=DIRECTION('center_axis',(0.,0.,-1.));
#2672=DIRECTION('ref_axis',(0.5,0.866025403784439,0.));
#2673=DIRECTION('center_axis',(0.,0.,-1.));
#2674=DIRECTION('ref_axis',(-0.866025403784439,0.5,0.));
#2675=DIRECTION('center_axis',(0.,0.,-1.));
#2676=DIRECTION('ref_axis',(0.866025403784439,-0.5,0.));
#2677=DIRECTION('center_axis',(0.,0.,1.));
#2678=DIRECTION('ref_axis',(0.866025403784439,-0.5,0.));
#2679=DIRECTION('center_axis',(0.,0.,-1.));
#2680=DIRECTION('ref_axis',(0.866025403784439,-0.5,0.));
#2681=DIRECTION('center_axis',(0.,0.,1.));
#2682=DIRECTION('ref_axis',(0.5,0.866025403784439,0.));
#2683=DIRECTION('center_axis',(0.,0.,1.));
#2684=DIRECTION('ref_axis',(0.5,0.866025403784439,0.));
#2685=DIRECTION('',(-0.353553390593274,-0.612372435695795,0.707106781186548));
#2686=DIRECTION('center_axis',(0.,0.,1.));
#2687=DIRECTION('ref_axis',(0.986108449542623,0.166102756571481,0.));
#2688=DIRECTION('',(0.,0.,1.));
#2689=DIRECTION('center_axis',(0.,0.,1.));
#2690=DIRECTION('ref_axis',(-1.,0.,0.));
#2691=DIRECTION('center_axis',(0.,0.,1.));
#2692=DIRECTION('ref_axis',(-1.,0.,0.));
#2693=DIRECTION('',(0.,0.,1.));
#2694=DIRECTION('center_axis',(0.,0.,1.));
#2695=DIRECTION('ref_axis',(-1.,0.,0.));
#2696=DIRECTION('center_axis',(0.,0.,1.));
#2697=DIRECTION('ref_axis',(-1.,0.,0.));
#2698=DIRECTION('',(0.,0.,1.));
#2699=DIRECTION('center_axis',(0.,0.,1.));
#2700=DIRECTION('ref_axis',(-1.,0.,0.));
#2701=DIRECTION('',(0.,0.,1.));
#2702=DIRECTION('center_axis',(0.,0.,1.));
#2703=DIRECTION('ref_axis',(-1.,0.,0.));
#2704=DIRECTION('',(0.,0.,1.));
#2705=DIRECTION('center_axis',(0.,0.,1.));
#2706=DIRECTION('ref_axis',(-1.,0.,0.));
#2707=DIRECTION('',(0.,0.,1.));
#2708=DIRECTION('center_axis',(0.,0.,1.));
#2709=DIRECTION('ref_axis',(-1.,0.,0.));
#2710=DIRECTION('',(0.,0.,1.));
#2711=DIRECTION('center_axis',(0.,0.,1.));
#2712=DIRECTION('ref_axis',(-1.,0.,0.));
#2713=DIRECTION('',(0.,0.,1.));
#2714=DIRECTION('center_axis',(0.,0.,1.));
#2715=DIRECTION('ref_axis',(-1.,0.,0.));
#2716=DIRECTION('',(0.,0.,1.));
#2717=DIRECTION('center_axis',(0.,0.,1.));
#2718=DIRECTION('ref_axis',(-1.,0.,0.));
#2719=DIRECTION('',(0.,0.,1.));
#2720=DIRECTION('center_axis',(0.,0.,1.));
#2721=DIRECTION('ref_axis',(-1.,0.,0.));
#2722=DIRECTION('',(0.,0.,1.));
#2723=DIRECTION('center_axis',(0.,0.,1.));
#2724=DIRECTION('ref_axis',(-1.,0.,0.));
#2725=DIRECTION('',(0.,0.,1.));
#2726=DIRECTION('center_axis',(0.,0.,1.));
#2727=DIRECTION('ref_axis',(-1.,0.,0.));
#2728=DIRECTION('',(0.,0.,1.));
#2729=DIRECTION('center_axis',(0.,0.,1.));
#2730=DIRECTION('ref_axis',(-1.,0.,0.));
#2731=DIRECTION('',(0.,0.,1.));
#2732=DIRECTION('center_axis',(0.,0.,1.));
#2733=DIRECTION('ref_axis',(-1.,0.,0.));
#2734=DIRECTION('',(0.,0.,1.));
#2735=DIRECTION('center_axis',(0.,0.,1.));
#2736=DIRECTION('ref_axis',(-1.,0.,0.));
#2737=DIRECTION('',(0.,0.,1.));
#2738=DIRECTION('center_axis',(0.,0.,1.));
#2739=DIRECTION('ref_axis',(-0.937046316247167,-0.349205099057295,0.));
#2740=DIRECTION('',(0.,0.,1.));
#2741=DIRECTION('center_axis',(0.,0.,1.));
#2742=DIRECTION('ref_axis',(-1.,0.,0.));
#2743=DIRECTION('center_axis',(0.,0.,1.));
#2744=DIRECTION('ref_axis',(0.130216064624242,0.991485641103176,0.));
#2745=DIRECTION('',(-1.22464679914735E-16,-1.02844160636271E-29,1.));
#2746=DIRECTION('center_axis',(0.,0.,-1.));
#2747=DIRECTION('ref_axis',(-1.,-8.38561654915559E-14,0.));
#2748=DIRECTION('center_axis',(0.,0.,1.));
#2749=DIRECTION('ref_axis',(-1.,-8.3856165491556E-14,0.));
#2750=DIRECTION('',(-1.22464679914735E-16,-1.02844160636271E-29,1.));
#2751=DIRECTION('center_axis',(0.,0.,1.));
#2752=DIRECTION('ref_axis',(-1.,-8.3856165491556E-14,0.));
#2753=DIRECTION('',(-1.22464679914735E-16,-1.02844160636271E-29,1.));
#2754=DIRECTION('center_axis',(0.,0.,1.));
#2755=DIRECTION('ref_axis',(-1.,-8.3856165491556E-14,0.));
#2756=DIRECTION('',(-1.22464679914735E-16,-1.02844160636271E-29,1.));
#2757=DIRECTION('center_axis',(0.,0.,1.));
#2758=DIRECTION('ref_axis',(-1.,-8.3856165491556E-14,0.));
#2759=DIRECTION('',(-1.22464679914735E-16,-1.02844160636271E-29,1.));
#2760=DIRECTION('center_axis',(0.,0.,1.));
#2761=DIRECTION('ref_axis',(-1.,-8.3856165491556E-14,0.));
#2762=DIRECTION('',(-1.22464679914735E-16,-1.02844160636271E-29,1.));
#2763=DIRECTION('center_axis',(0.,0.,1.));
#2764=DIRECTION('ref_axis',(-1.,-8.3856165491556E-14,0.));
#2765=DIRECTION('',(-1.22464679914735E-16,-1.02844160636271E-29,1.));
#2766=DIRECTION('center_axis',(0.,0.,1.));
#2767=DIRECTION('ref_axis',(-1.,-8.3856165491556E-14,0.));
#2768=DIRECTION('',(-1.22464679914735E-16,-1.02844160636271E-29,1.));
#2769=DIRECTION('center_axis',(0.,0.,1.));
#2770=DIRECTION('ref_axis',(-1.,-8.3856165491556E-14,0.));
#2771=DIRECTION('',(-1.22464679914735E-16,-1.02844160636271E-29,1.));
#2772=DIRECTION('center_axis',(0.,0.,1.));
#2773=DIRECTION('ref_axis',(-1.,-8.3856165491556E-14,0.));
#2774=DIRECTION('',(-1.22464679914735E-16,-1.02844160636271E-29,1.));
#2775=DIRECTION('center_axis',(0.,0.,1.));
#2776=DIRECTION('ref_axis',(-1.,-8.3856165491556E-14,0.));
#2777=DIRECTION('',(-1.22464679914735E-16,-1.02844160636271E-29,1.));
#2778=DIRECTION('center_axis',(0.,0.,1.));
#2779=DIRECTION('ref_axis',(-1.,-8.3856165491556E-14,0.));
#2780=DIRECTION('',(-1.22464679914735E-16,-1.02844160636271E-29,1.));
#2781=DIRECTION('center_axis',(0.,0.,1.));
#2782=DIRECTION('ref_axis',(-1.,-8.3856165491556E-14,0.));
#2783=DIRECTION('',(-1.22464679914735E-16,-1.02844160636271E-29,1.));
#2784=DIRECTION('center_axis',(0.,0.,1.));
#2785=DIRECTION('ref_axis',(-1.,-8.3856165491556E-14,0.));
#2786=DIRECTION('',(-1.22464679914735E-16,-1.02844160636271E-29,1.));
#2787=DIRECTION('center_axis',(0.,0.,1.));
#2788=DIRECTION('ref_axis',(-1.,-8.3856165491556E-14,0.));
#2789=DIRECTION('',(-1.22464679914735E-16,-1.02844160636271E-29,1.));
#2790=DIRECTION('center_axis',(0.,0.,1.));
#2791=DIRECTION('ref_axis',(-1.,-8.3856165491556E-14,0.));
#2792=DIRECTION('',(-1.22464679914735E-16,-1.02844160636271E-29,1.));
#2793=DIRECTION('center_axis',(0.,0.,1.));
#2794=DIRECTION('ref_axis',(0.608513311514133,-0.79354366591266,0.));
#2795=DIRECTION('',(-1.22464679914735E-16,-1.02844160636271E-29,1.));
#2796=DIRECTION('center_axis',(0.,0.,1.));
#2797=DIRECTION('ref_axis',(-1.,-8.3856165491556E-14,0.));
#2798=DIRECTION('center_axis',(0.,0.,1.));
#2799=DIRECTION('ref_axis',(1.,0.,0.));
#2800=DIRECTION('',(0.,0.,-1.));
#2801=DIRECTION('center_axis',(0.,0.,-1.));
#2802=DIRECTION('ref_axis',(1.,0.,0.));
#2803=DIRECTION('center_axis',(0.,0.,1.));
#2804=DIRECTION('ref_axis',(1.,0.,0.));
#2805=DIRECTION('',(0.,0.,-1.));
#2806=DIRECTION('center_axis',(0.,0.,1.));
#2807=DIRECTION('ref_axis',(1.,0.,0.));
#2808=DIRECTION('',(0.,0.,-1.));
#2809=DIRECTION('center_axis',(0.,0.,1.));
#2810=DIRECTION('ref_axis',(1.,0.,0.));
#2811=DIRECTION('',(0.,0.,-1.));
#2812=DIRECTION('center_axis',(0.,0.,1.));
#2813=DIRECTION('ref_axis',(1.,0.,0.));
#2814=DIRECTION('',(0.,0.,-1.));
#2815=DIRECTION('center_axis',(0.,0.,1.));
#2816=DIRECTION('ref_axis',(1.,0.,0.));
#2817=DIRECTION('',(0.,0.,-1.));
#2818=DIRECTION('center_axis',(0.,0.,1.));
#2819=DIRECTION('ref_axis',(1.,0.,0.));
#2820=DIRECTION('',(0.,0.,-1.));
#2821=DIRECTION('center_axis',(0.,0.,-1.));
#2822=DIRECTION('ref_axis',(1.,0.,0.));
#2823=DIRECTION('center_axis',(0.,0.,1.));
#2824=DIRECTION('ref_axis',(0.409705648060612,-0.912217782082346,0.));
#2825=DIRECTION('',(0.,0.,1.));
#2826=DIRECTION('center_axis',(0.,0.,1.));
#2827=DIRECTION('ref_axis',(1.,4.56863812307505E-15,0.));
#2828=DIRECTION('center_axis',(0.,0.,1.));
#2829=DIRECTION('ref_axis',(1.,4.56863812307505E-15,0.));
#2830=DIRECTION('',(0.,0.,1.));
#2831=DIRECTION('center_axis',(0.,0.,1.));
#2832=DIRECTION('ref_axis',(1.,4.56863812307505E-15,0.));
#2833=DIRECTION('',(0.,0.,1.));
#2834=DIRECTION('center_axis',(0.,0.,1.));
#2835=DIRECTION('ref_axis',(1.,4.56863812307505E-15,0.));
#2836=DIRECTION('',(0.,0.,1.));
#2837=DIRECTION('center_axis',(0.,0.,1.));
#2838=DIRECTION('ref_axis',(1.,4.56863812307505E-15,0.));
#2839=DIRECTION('',(0.,0.,1.));
#2840=DIRECTION('center_axis',(0.,0.,1.));
#2841=DIRECTION('ref_axis',(1.,4.56863812307505E-15,0.));
#2842=DIRECTION('',(0.,0.,1.));
#2843=DIRECTION('center_axis',(0.,0.,1.));
#2844=DIRECTION('ref_axis',(0.889079284128896,0.457753237599528,0.));
#2845=DIRECTION('center_axis',(0.,0.,-1.));
#2846=DIRECTION('ref_axis',(1.,4.56863812307505E-15,0.));
#2847=DIRECTION('center_axis',(0.,0.,1.));
#2848=DIRECTION('ref_axis',(-0.943360593030037,-0.331769184099452,0.));
#2849=DIRECTION('center_axis',(0.,0.,-1.));
#2850=DIRECTION('ref_axis',(1.,0.,0.));
#2851=DIRECTION('center_axis',(0.,0.,1.));
#2852=DIRECTION('ref_axis',(-1.,-8.3856165491556E-14,0.));
#2853=DIRECTION('center_axis',(0.,0.,1.));
#2854=DIRECTION('ref_axis',(-1.,0.,0.));
#2855=DIRECTION('center_axis',(0.,0.,1.));
#2856=DIRECTION('ref_axis',(-1.,0.,0.));
#2857=DIRECTION('center_axis',(0.,0.,1.));
#2858=DIRECTION('ref_axis',(1.,0.,0.));
#2859=DIRECTION('center_axis',(0.,0.,1.));
#2860=DIRECTION('ref_axis',(1.,0.,0.));
#2861=DIRECTION('',(0.,1.,0.));
#2862=DIRECTION('center_axis',(0.,0.,1.));
#2863=DIRECTION('ref_axis',(1.,0.,0.));
#2864=DIRECTION('center_axis',(1.,0.,0.));
#2865=DIRECTION('ref_axis',(0.,0.,-1.));
#2866=DIRECTION('',(0.,0.,1.));
#2867=DIRECTION('',(0.,-1.,0.));
#2868=DIRECTION('',(0.,0.,-1.));
#2869=DIRECTION('center_axis',(0.,0.,-1.));
#2870=DIRECTION('ref_axis',(-1.,0.,0.));
#2871=DIRECTION('center_axis',(0.,0.,-1.));
#2872=DIRECTION('ref_axis',(1.,0.,0.));
#2873=DIRECTION('center_axis',(0.,0.,-1.));
#2874=DIRECTION('ref_axis',(1.,0.,0.));
#2875=DIRECTION('center_axis',(0.,0.,-1.));
#2876=DIRECTION('ref_axis',(-1.,0.,0.));
#2877=DIRECTION('center_axis',(0.,0.,-1.));
#2878=DIRECTION('ref_axis',(1.,0.,0.));
#2879=DIRECTION('',(0.,-1.,0.));
#2880=DIRECTION('center_axis',(0.,0.,1.));
#2881=DIRECTION('ref_axis',(1.,0.,0.));
#2882=DIRECTION('center_axis',(0.,0.,1.));
#2883=DIRECTION('ref_axis',(1.,0.,0.));
#2884=DIRECTION('',(0.,1.,0.));
#2885=DIRECTION('center_axis',(-1.,0.,0.));
#2886=DIRECTION('ref_axis',(0.,0.,1.));
#2887=DIRECTION('',(0.,0.,-1.));
#2888=DIRECTION('',(0.,0.,1.));
#2889=DIRECTION('center_axis',(0.,0.,1.));
#2890=DIRECTION('ref_axis',(1.,0.,0.));
#2891=DIRECTION('center_axis',(0.,0.,1.));
#2892=DIRECTION('ref_axis',(1.,0.,0.));
#2893=DIRECTION('center_axis',(0.,0.,1.));
#2894=DIRECTION('ref_axis',(1.,0.,0.));
#2895=DIRECTION('center_axis',(0.,0.,-1.));
#2896=DIRECTION('ref_axis',(-1.,0.,0.));
#2897=DIRECTION('center_axis',(0.,0.,1.));
#2898=DIRECTION('ref_axis',(1.,0.,0.));
#2899=DIRECTION('center_axis',(0.,0.,1.));
#2900=DIRECTION('ref_axis',(1.,0.,0.));
#2901=DIRECTION('',(0.,0.,-1.));
#2902=DIRECTION('',(0.,0.,-1.));
#2903=CARTESIAN_POINT('',(0.,0.,0.));
#2904=CARTESIAN_POINT('Origin',(0.,0.,65.5000001862645));
#2905=CARTESIAN_POINT('',(-10.125,-1.2399548841367E-15,78.000000372529));
#2906=CARTESIAN_POINT('Origin',(0.,0.,78.000000372529));
#2907=CARTESIAN_POINT('',(-10.125,-1.2399548841367E-15,53.));
#2908=CARTESIAN_POINT('',(-10.125,-1.2399548841367E-15,65.5000001862645));
#2909=CARTESIAN_POINT('Origin',(0.,0.,53.));
#2910=CARTESIAN_POINT('Origin',(6.25,0.,53.));
#2911=CARTESIAN_POINT('',(-6.25,-7.65404249467096E-16,53.));
#2912=CARTESIAN_POINT('Origin',(0.,0.,53.));
#2913=CARTESIAN_POINT('Origin',(0.,0.,51.9999999850988));
#2914=CARTESIAN_POINT('',(-6.25,-7.65404249467096E-16,50.9999999701977));
#2915=CARTESIAN_POINT('',(-6.25,-7.65404249467096E-16,51.9999999850988));
#2916=CARTESIAN_POINT('Origin',(0.,0.,50.9999999701977));
#2917=CARTESIAN_POINT('Origin',(11.1249999850988,0.,50.9999999701977));
#2918=CARTESIAN_POINT('',(-11.1249999850988,-1.36241956222656E-15,50.9999999701977));
#2919=CARTESIAN_POINT('Origin',(0.,0.,50.9999999701977));
#2920=CARTESIAN_POINT('Origin',(0.,0.,51.4999999776483));
#2921=CARTESIAN_POINT('',(-12.125,-1.48488424396617E-15,51.9999999850988));
#2922=CARTESIAN_POINT('Origin',(0.,0.,51.9999999850988));
#2923=CARTESIAN_POINT('',(-11.6249999925494,-1.42365190309636E-15,51.4999999776483));
#2924=CARTESIAN_POINT('Origin',(0.,0.,65.0000001788139));
#2925=CARTESIAN_POINT('',(-12.125,-1.48488424396617E-15,78.000000372529));
#2926=CARTESIAN_POINT('Origin',(0.,0.,78.000000372529));
#2927=CARTESIAN_POINT('',(-12.125,-1.48488424396617E-15,65.0000001788139));
#2928=CARTESIAN_POINT('Origin',(10.125,0.,78.000000372529));
#2929=CARTESIAN_POINT('Origin',(-1.85163164803816E-16,-3.2071200913046E-16,
64.));
#2930=CARTESIAN_POINT('',(5.13652197032515,0.000116108611336874,67.8240415053031));
#2931=CARTESIAN_POINT('',(5.13675,3.08358435421557E-16,68.0000001490116));
#2932=CARTESIAN_POINT('',(5.13675,3.08358435421557E-16,64.));
#2933=CARTESIAN_POINT('',(4.14530128253855,3.03359157427038,68.0000001490116));
#2934=CARTESIAN_POINT('Origin',(-1.85163164803816E-16,-3.2071200913046E-16,
68.0000001490116));
#2935=CARTESIAN_POINT('Ctrl Pts',(4.1456073622275,3.03387467362182,68.0000001490116));
#2936=CARTESIAN_POINT('Ctrl Pts',(4.62151351272562,2.38288767142569,67.9562657606049));
#2937=CARTESIAN_POINT('Ctrl Pts',(4.94199591680992,1.61793291759413,67.9125313721981));
#2938=CARTESIAN_POINT('Ctrl Pts',(5.07101230242786,0.821945591076205,67.8687969837914));
#2939=CARTESIAN_POINT('Ctrl Pts',(5.11502183574562,0.550421702082384,67.853878490962));
#2940=CARTESIAN_POINT('Ctrl Pts',(5.13675237946298,0.27528686233244,67.8389599981326));
#2941=CARTESIAN_POINT('Ctrl Pts',(5.13652197032515,0.000116108611336874,
67.8240415053031));
#2942=CARTESIAN_POINT('Origin',(-1.85163164803816E-16,-3.2071200913046E-16,
64.));
#2943=CARTESIAN_POINT('',(5.13710715112704,-7.45770543362015E-5,66.0740415053031));
#2944=CARTESIAN_POINT('',(5.13635360034818,5.80261582746096E-5,66.5509584946969));
#2945=CARTESIAN_POINT('',(5.13675,3.08358435421557E-16,64.));
#2946=CARTESIAN_POINT('',(2.41856619750559,-4.53174779867364,68.0000001490116));
#2947=CARTESIAN_POINT('Ctrl Pts',(5.13635360034818,5.80261582746096E-5,
66.5509584946969));
#2948=CARTESIAN_POINT('Ctrl Pts',(5.13649755079356,0.363275431884786,66.5706485774125));
#2949=CARTESIAN_POINT('Ctrl Pts',(5.09851361170265,0.726463158441507,66.5903386601282));
#2950=CARTESIAN_POINT('Ctrl Pts',(5.02209289311721,1.0813745265393,66.6100287428438));
#2951=CARTESIAN_POINT('Ctrl Pts',(4.84226867194866,1.91651009623036,66.6563611230494));
#2952=CARTESIAN_POINT('Ctrl Pts',(4.44962018971069,2.70581950939817,66.702693503255));
#2953=CARTESIAN_POINT('Ctrl Pts',(3.89203594254714,3.35303528591647,66.7490258834606));
#2954=CARTESIAN_POINT('Ctrl Pts',(3.33445169538358,4.00025106243478,66.7953582636662));
#2955=CARTESIAN_POINT('Ctrl Pts',(2.61193168329443,4.50537320230358,66.8416906438718));
#2956=CARTESIAN_POINT('Ctrl Pts',(1.81259892791427,4.80679448895742,66.8880230240774));
#2957=CARTESIAN_POINT('Ctrl Pts',(1.01326617253412,5.10821577561126,66.934355404283));
#2958=CARTESIAN_POINT('Ctrl Pts',(0.137120673862963,5.20593620905014,66.9806877844886));
#2959=CARTESIAN_POINT('Ctrl Pts',(-0.708981798121169,5.08803802942484,67.0270201646942));
#2960=CARTESIAN_POINT('Ctrl Pts',(-1.55508427010529,4.97013984979955,67.0733525448997));
#2961=CARTESIAN_POINT('Ctrl Pts',(-2.37114371540238,4.63662305711009,67.1196849251053));
#2962=CARTESIAN_POINT('Ctrl Pts',(-3.05762415594178,4.12816345322058,67.1660173053109));
#2963=CARTESIAN_POINT('Ctrl Pts',(-3.74410459648119,3.61970384933107,67.2123496855165));
#2964=CARTESIAN_POINT('Ctrl Pts',(-4.3010060322629,2.9363014342415,67.2586820657221));
#2965=CARTESIAN_POINT('Ctrl Pts',(-4.66041848242626,2.16130982111736,67.3050144459277));
#2966=CARTESIAN_POINT('Ctrl Pts',(-5.01983093258962,1.38631820799323,67.3513468261333));
#2967=CARTESIAN_POINT('Ctrl Pts',(-5.18175439713463,0.519737396834528,67.3976792063389));
#2968=CARTESIAN_POINT('Ctrl Pts',(-5.12641454009512,-0.332746585900717,
67.4440115865445));
#2969=CARTESIAN_POINT('Ctrl Pts',(-5.07107468305561,-1.18523056863597,67.4903439667501));
#2970=CARTESIAN_POINT('Ctrl Pts',(-4.79847150443158,-2.02361772294777,67.5366763469557));
#2971=CARTESIAN_POINT('Ctrl Pts',(-4.34190651353947,-2.74564172406666,67.5830087271613));
#2972=CARTESIAN_POINT('Ctrl Pts',(-3.88534152264736,-3.46766572518555,67.6293411073669));
#2973=CARTESIAN_POINT('Ctrl Pts',(-3.24481471948717,-4.07332657311154,67.6756734875725));
#2974=CARTESIAN_POINT('Ctrl Pts',(-2.49833685358346,-4.48877899293427,67.7220058677781));
#2975=CARTESIAN_POINT('Ctrl Pts',(-1.75185898767973,-4.90423141275701,67.7683382479836));
#2976=CARTESIAN_POINT('Ctrl Pts',(-0.899430059032472,-5.1294754044765,67.8146706281892));
#2977=CARTESIAN_POINT('Ctrl Pts',(-0.0452893978362728,-5.13693746247395,
67.8610030083948));
#2978=CARTESIAN_POINT('Ctrl Pts',(0.808851263359878,-5.14439952047141,67.9073353886004));
#2979=CARTESIAN_POINT('Ctrl Pts',(1.66470365710497,-4.93407964474686,67.953667768806));
#2980=CARTESIAN_POINT('Ctrl Pts',(2.41856619750559,-4.53174779867364,68.0000001490116));
#2981=CARTESIAN_POINT('Origin',(-1.85163164803816E-16,-3.2071200913046E-16,
68.0000001490116));
#2982=CARTESIAN_POINT('Ctrl Pts',(5.13652197032515,0.000116108611336874,
67.8240415053031));
#2983=CARTESIAN_POINT('Ctrl Pts',(5.13603679754067,-0.579311261529329,67.792627617927));
#2984=CARTESIAN_POINT('Ctrl Pts',(5.03817725839484,-1.15889787340273,67.7612137305508));
#2985=CARTESIAN_POINT('Ctrl Pts',(4.8459127446388,-1.70526492754814,67.7297998431746));
#2986=CARTESIAN_POINT('Ctrl Pts',(4.56234158247362,-2.5111023516574,67.683467462969));
#2987=CARTESIAN_POINT('Ctrl Pts',(4.07340811161663,-3.2446761572772,67.6371350827634));
#2988=CARTESIAN_POINT('Ctrl Pts',(3.43875037435083,-3.81651435654638,67.5908027025578));
#2989=CARTESIAN_POINT('Ctrl Pts',(2.80409263708502,-4.38835255581558,67.5444703223522));
#2990=CARTESIAN_POINT('Ctrl Pts',(2.02371063341038,-4.79845514873417,67.4981379421467));
#2991=CARTESIAN_POINT('Ctrl Pts',(1.19278050355106,-4.99680523996164,67.4518055619411));
#2992=CARTESIAN_POINT('Ctrl Pts',(0.361850373691765,-5.1951553311891,67.4054731817355));
#2993=CARTESIAN_POINT('Ctrl Pts',(-0.519627882352225,-5.18175292072547,
67.3591408015298));
#2994=CARTESIAN_POINT('Ctrl Pts',(-1.34414405012404,-4.95823214275882,67.3128084213242));
#2995=CARTESIAN_POINT('Ctrl Pts',(-2.16866021789586,-4.73471136479217,67.2664760411186));
#2996=CARTESIAN_POINT('Ctrl Pts',(-2.93621429739551,-4.30107221932251,67.2201436609131));
#2997=CARTESIAN_POINT('Ctrl Pts',(-3.55319264225844,-3.71020346354838,67.1738112807075));
#2998=CARTESIAN_POINT('Ctrl Pts',(-4.17017098712136,-3.11933470777425,67.1274789005019));
#2999=CARTESIAN_POINT('Ctrl Pts',(-4.63657359734756,-2.37123634169565,67.0811465202963));
#3000=CARTESIAN_POINT('Ctrl Pts',(-4.89551568104057,-1.55714960437217,67.0348141400907));
#3001=CARTESIAN_POINT('Ctrl Pts',(-5.15445776473358,-0.743062867048691,
66.9884817598851));
#3002=CARTESIAN_POINT('Ctrl Pts',(-5.20593932189341,0.137012241519651,66.9421493796795));
#3003=CARTESIAN_POINT('Ctrl Pts',(-5.04368157479107,0.975737859133805,66.895816999474));
#3004=CARTESIAN_POINT('Ctrl Pts',(-4.88142382768874,1.81446347674795,66.8494846192683));
#3005=CARTESIAN_POINT('Ctrl Pts',(-4.50542677632423,2.6118396034079,66.8031522390627));
#3006=CARTESIAN_POINT('Ctrl Pts',(-3.96154859977164,3.2706147839675,66.7568198588571));
#3007=CARTESIAN_POINT('Ctrl Pts',(-3.41767042321905,3.9293899645271,66.7104874786515));
#3008=CARTESIAN_POINT('Ctrl Pts',(-2.70591112147837,4.44956419898636,66.664155098446));
#3009=CARTESIAN_POINT('Ctrl Pts',(-1.91308000374594,4.76769475048594,66.6178227182404));
#3010=CARTESIAN_POINT('Ctrl Pts',(-1.12024888601351,5.08582530198552,66.5714903380348));
#3011=CARTESIAN_POINT('Ctrl Pts',(-0.246345952289338,5.20191217052544,66.5251579578292));
#3012=CARTESIAN_POINT('Ctrl Pts',(0.602043788145134,5.10179689955046,66.4788255776236));
#3013=CARTESIAN_POINT('Ctrl Pts',(1.4504335285796,5.00168162857548,66.432493197418));
#3014=CARTESIAN_POINT('Ctrl Pts',(2.27331007572436,4.68536421808561,66.3861608172124));
#3015=CARTESIAN_POINT('Ctrl Pts',(2.97031179940462,4.19142412033466,66.3398284370068));
#3016=CARTESIAN_POINT('Ctrl Pts',(3.66731352308489,3.6974840225837,66.2934960568012));
#3017=CARTESIAN_POINT('Ctrl Pts',(4.23844042330065,3.02592123757164,66.2471636765956));
#3018=CARTESIAN_POINT('Ctrl Pts',(4.61403536857831,2.25864250131644,66.20083129639));
#3019=CARTESIAN_POINT('Ctrl Pts',(4.95664388867975,1.55874960968192,66.1585680326944));
#3020=CARTESIAN_POINT('Ctrl Pts',(5.13655726786836,0.77921490103575,66.1163047689988));
#3021=CARTESIAN_POINT('Ctrl Pts',(5.13710715112704,-7.45770543362015E-5,
66.0740415053031));
#3022=CARTESIAN_POINT('Origin',(-1.85163164803816E-16,-3.2071200913046E-16,
64.));
#3023=CARTESIAN_POINT('',(5.13631401658282,-1.88717101390345E-6,64.3240415053031));
#3024=CARTESIAN_POINT('',(5.13719347451266,1.37669984285922E-5,64.8009584946969));
#3025=CARTESIAN_POINT('',(5.13675,3.08358435421557E-16,64.));
#3026=CARTESIAN_POINT('Ctrl Pts',(5.13719347451266,1.37669984285922E-5,
64.8009584946969));
#3027=CARTESIAN_POINT('Ctrl Pts',(5.137195468759,0.0129659939642873,64.8016609680732));
#3028=CARTESIAN_POINT('Ctrl Pts',(5.13714751005423,0.0259182061003778,64.8023634414494));
#3029=CARTESIAN_POINT('Ctrl Pts',(5.13704950860813,0.0388700395826651,64.8030659148257));
#3030=CARTESIAN_POINT('Ctrl Pts',(5.13058571878371,0.893122020564835,64.8493982950313));
#3031=CARTESIAN_POINT('Ctrl Pts',(4.90642586493293,1.7457267807846,64.8957306752368));
#3032=CARTESIAN_POINT('Ctrl Pts',(4.49190946336292,2.49269691432789,64.9420630554424));
#3033=CARTESIAN_POINT('Ctrl Pts',(4.07739306179292,3.23966704787117,64.988395435648));
#3034=CARTESIAN_POINT('Ctrl Pts',(3.4725201125037,3.88100255473797,65.0347278158537));
#3035=CARTESIAN_POINT('Ctrl Pts',(2.75106356605566,4.33848335128894,65.0810601960593));
#3036=CARTESIAN_POINT('Ctrl Pts',(2.02960701960764,4.7959641478399,65.1273925762648));
#3037=CARTESIAN_POINT('Ctrl Pts',(1.1915668760008,5.06959023407505,65.1737249564704));
#3038=CARTESIAN_POINT('Ctrl Pts',(0.339154176974904,5.12598897561574,65.220057336676));
#3039=CARTESIAN_POINT('Ctrl Pts',(-0.513258522051005,5.18238771715644,65.2663897168816));
#3040=CARTESIAN_POINT('Ctrl Pts',(-1.38004377649597,5.02155911400269,65.3127220970872));
#3041=CARTESIAN_POINT('Ctrl Pts',(-2.15548466573976,4.66311852616062,65.3590544772928));
#3042=CARTESIAN_POINT('Ctrl Pts',(-2.93092555498354,4.30467793831855,65.4053868574984));
#3043=CARTESIAN_POINT('Ctrl Pts',(-3.61502207902614,3.74862536578816,65.451719237704));
#3044=CARTESIAN_POINT('Ctrl Pts',(-4.12433883270436,3.06277941233433,65.4980516179096));
#3045=CARTESIAN_POINT('Ctrl Pts',(-4.63365558638258,2.37693345888049,65.5443839981152));
#3046=CARTESIAN_POINT('Ctrl Pts',(-4.96819256969643,1.56129412450321,65.5907163783208));
#3047=CARTESIAN_POINT('Ctrl Pts',(-5.08714819056993,0.715340350480947,65.6370487585264));
#3048=CARTESIAN_POINT('Ctrl Pts',(-5.20610381144344,-0.130613423541315,
65.683381138732));
#3049=CARTESIAN_POINT('Ctrl Pts',(-5.1094780698766,-1.00688163720855,65.7297135189375));
#3050=CARTESIAN_POINT('Ctrl Pts',(-4.80905586040587,-1.80659078716507,65.7760458991431));
#3051=CARTESIAN_POINT('Ctrl Pts',(-4.50863365093515,-2.60629993712155,65.8223782793487));
#3052=CARTESIAN_POINT('Ctrl Pts',(-4.00441497356054,-3.32945002336732,65.8687106595543));
#3053=CARTESIAN_POINT('Ctrl Pts',(-3.35789655110307,-3.88784249652636,65.9150430397599));
#3054=CARTESIAN_POINT('Ctrl Pts',(-2.71137812864556,-4.44623496968543,65.9613754199655));
#3055=CARTESIAN_POINT('Ctrl Pts',(-1.92255996110517,-4.83986982975776,66.0077078001711));
#3056=CARTESIAN_POINT('Ctrl Pts',(-1.08764974693828,-5.0207376510976,66.0540401803767));
#3057=CARTESIAN_POINT('Ctrl Pts',(-0.2527395327714,-5.20160547243744,66.1003725605823));
#3058=CARTESIAN_POINT('Ctrl Pts',(0.628262728021981,-5.16970625504481,66.1467049407879));
#3059=CARTESIAN_POINT('Ctrl Pts',(1.44790611346982,-4.92893055930593,66.1930373209935));
#3060=CARTESIAN_POINT('Ctrl Pts',(2.26754949891763,-4.68815486356706,66.2393697011991));
#3061=CARTESIAN_POINT('Ctrl Pts',(3.02583400901991,-4.23850268948196,66.2857020814046));
#3062=CARTESIAN_POINT('Ctrl Pts',(3.63027601663134,-3.63481559913669,66.3320344616102));
#3063=CARTESIAN_POINT('Ctrl Pts',(4.2347180242428,-3.03112850879139,66.3783668418158));
#3064=CARTESIAN_POINT('Ctrl Pts',(4.68531752936339,-2.27340650218593,66.4246992220214));
#3065=CARTESIAN_POINT('Ctrl Pts',(4.92711730187414,-1.45406463577602,66.471031602227));
#3066=CARTESIAN_POINT('Ctrl Pts',(5.06615832337243,-0.982922215421221,66.497673899717));
#3067=CARTESIAN_POINT('Ctrl Pts',(5.13615882358442,-0.491404925858886,66.5243161972069));
#3068=CARTESIAN_POINT('Ctrl Pts',(5.13635360034818,5.80261582746096E-5,
66.5509584946969));
#3069=CARTESIAN_POINT('Ctrl Pts',(5.13710715112704,-7.45770543362015E-5,
66.0740415053031));
#3070=CARTESIAN_POINT('Ctrl Pts',(5.13716009401055,-0.0751047428307877,
66.0699723887932));
#3071=CARTESIAN_POINT('Ctrl Pts',(5.1355503585236,-0.15013263534902,66.0659032722832));
#3072=CARTESIAN_POINT('Ctrl Pts',(5.13226306805467,-0.225086954917391,66.0618341557733));
#3073=CARTESIAN_POINT('Ctrl Pts',(5.09483283191382,-1.0785429873977,66.0155017755677));
#3074=CARTESIAN_POINT('Ctrl Pts',(4.83990936929256,-1.92246036485996,65.9691693953621));
#3075=CARTESIAN_POINT('Ctrl Pts',(4.39858426152334,-2.65391123230429,65.9228370151565));
#3076=CARTESIAN_POINT('Ctrl Pts',(3.95725915375412,-3.38536209974864,65.8765046349509));
#3077=CARTESIAN_POINT('Ctrl Pts',(3.32953240083695,-4.00434645717503,65.8301722547453));
#3078=CARTESIAN_POINT('Ctrl Pts',(2.59196430290249,-4.43537026501581,65.7838398745397));
#3079=CARTESIAN_POINT('Ctrl Pts',(1.85439620496806,-4.86639407285657,65.7375074943341));
#3080=CARTESIAN_POINT('Ctrl Pts',(1.00698676201636,-5.10945733111173,65.6911751141285));
#3081=CARTESIAN_POINT('Ctrl Pts',(0.153089736510529,-5.13491498156282,65.6448427339229));
#3082=CARTESIAN_POINT('Ctrl Pts',(-0.700807288995308,-5.16037263201391,
65.5985103537173));
#3083=CARTESIAN_POINT('Ctrl Pts',(-1.56119189705529,-4.96822467466091,65.5521779735117));
#3084=CARTESIAN_POINT('Ctrl Pts',(-2.32312781757781,-4.58190631488226,65.5058455933061));
#3085=CARTESIAN_POINT('Ctrl Pts',(-3.08506373810034,-4.1955879551036,65.4595132131005));
#3086=CARTESIAN_POINT('Ctrl Pts',(-3.74855097108542,-3.61509919289928,65.413180832895));
#3087=CARTESIAN_POINT('Ctrl Pts',(-4.2326677114221,-2.91123897678737,65.3668484526894));
#3088=CARTESIAN_POINT('Ctrl Pts',(-4.71678445175877,-2.20737876067547,65.3205160724838));
#3089=CARTESIAN_POINT('Ctrl Pts',(-5.02153069944705,-1.380147090656,65.2741836922782));
#3090=CARTESIAN_POINT('Ctrl Pts',(-5.10973826915858,-0.530436759576132,
65.2278513120726));
#3091=CARTESIAN_POINT('Ctrl Pts',(-5.1979458388701,0.319273571503732,65.181518931867));
#3092=CARTESIAN_POINT('Ctrl Pts',(-5.06961473060488,1.19146256364398,65.1351865516614));
#3093=CARTESIAN_POINT('Ctrl Pts',(-4.74039676764621,1.97975423235622,65.0888541714558));
#3094=CARTESIAN_POINT('Ctrl Pts',(-4.41117880468753,2.76804590106846,65.0425217912502));
#3095=CARTESIAN_POINT('Ctrl Pts',(-3.8810739870354,3.47244024635268,64.9961894110446));
#3096=CARTESIAN_POINT('Ctrl Pts',(-3.21473621696746,4.00702625279038,64.949857030839));
#3097=CARTESIAN_POINT('Ctrl Pts',(-2.54839844689955,4.54161225922806,64.9035246506334));
#3098=CARTESIAN_POINT('Ctrl Pts',(-1.74582772441584,4.90638992681924,64.8571922704278));
#3099=CARTESIAN_POINT('Ctrl Pts',(-0.904909085324076,5.05686937566442,64.8108598902222));
#3100=CARTESIAN_POINT('Ctrl Pts',(-0.0639904462322918,5.2073488245096,64.7645275100166));
#3101=CARTESIAN_POINT('Ctrl Pts',(0.815276109467572,5.14353005460877,64.7181951298111));
#3102=CARTESIAN_POINT('Ctrl Pts',(1.62565138667312,4.87319668228604,64.6718627496055));
#3103=CARTESIAN_POINT('Ctrl Pts',(2.43602666387868,4.60286330996331,64.6255303693999));
#3104=CARTESIAN_POINT('Ctrl Pts',(3.17751066258994,4.12601533521867,64.5791979891943));
#3105=CARTESIAN_POINT('Ctrl Pts',(3.75966875102608,3.50081122281574,64.5328656089887));
#3106=CARTESIAN_POINT('Ctrl Pts',(4.34182683946221,2.87560711041282,64.4865332287831));
#3107=CARTESIAN_POINT('Ctrl Pts',(4.76465901762322,2.10204686035161,64.4402008485775));
#3108=CARTESIAN_POINT('Ctrl Pts',(4.97659482356535,1.27447726433153,64.3938684683719));
#3109=CARTESIAN_POINT('Ctrl Pts',(5.08306344319881,0.858737261611374,64.3705928140156));
#3110=CARTESIAN_POINT('Ctrl Pts',(5.13630853168271,0.429367019182656,64.3473171596594));
#3111=CARTESIAN_POINT('Ctrl Pts',(5.13631401658282,-1.88717101390345E-6,
64.3240415053031));
#3112=CARTESIAN_POINT('Origin',(-1.85163164803816E-16,-3.2071200913046E-16,
64.));
#3113=CARTESIAN_POINT('',(5.13709826807542,7.80132674912948E-5,62.5740415053031));
#3114=CARTESIAN_POINT('',(5.13639133529837,-7.8869451212803E-5,63.0509584946969));
#3115=CARTESIAN_POINT('',(5.13675,3.08358435421557E-16,64.));
#3116=CARTESIAN_POINT('Ctrl Pts',(5.13639133529837,-7.8869451212803E-5,
63.0509584946969));
#3117=CARTESIAN_POINT('Ctrl Pts',(5.13610992845387,0.517289874384162,63.0790057389394));
#3118=CARTESIAN_POINT('Ctrl Pts',(5.05841158445394,1.03474126344462,63.1070529831818));
#3119=CARTESIAN_POINT('Ctrl Pts',(4.90454969803347,1.52845699754431,63.1351002274243));
#3120=CARTESIAN_POINT('Ctrl Pts',(4.65037900806646,2.34404604108918,63.1814326076299));
#3121=CARTESIAN_POINT('Ctrl Pts',(4.18836504868475,3.0948626755265,63.2277649878355));
#3122=CARTESIAN_POINT('Ctrl Pts',(3.57485706325317,3.68933402000025,63.2740973680411));
#3123=CARTESIAN_POINT('Ctrl Pts',(2.96134907782159,4.283805364474,63.3204297482467));
#3124=CARTESIAN_POINT('Ctrl Pts',(2.19634706634016,4.72193141898419,63.3667621284523));
#3125=CARTESIAN_POINT('Ctrl Pts',(1.37315402029689,4.95027641353135,63.4130945086579));
#3126=CARTESIAN_POINT('Ctrl Pts',(0.549960974253622,5.17862140807851,63.4594268888635));
#3127=CARTESIAN_POINT('Ctrl Pts',(-0.331423106351477,5.19718534266264,63.505759269069));
#3128=CARTESIAN_POINT('Ctrl Pts',(-1.16350076381739,5.00370407862202,63.5520916492746));
#3129=CARTESIAN_POINT('Ctrl Pts',(-1.99557842128332,4.8102228145814,63.5984240294802));
#3130=CARTESIAN_POINT('Ctrl Pts',(-2.77834965561006,4.40469635191602,63.6447564096859));
#3131=CARTESIAN_POINT('Ctrl Pts',(-3.41634426316769,3.83658447181128,63.6910887898915));
#3132=CARTESIAN_POINT('Ctrl Pts',(-4.05433887072532,3.26847259170653,63.7374211700971));
#3133=CARTESIAN_POINT('Ctrl Pts',(-4.54755685151384,2.53777529416241,63.7837535503026));
#3134=CARTESIAN_POINT('Ctrl Pts',(-4.83584318322915,1.73361161770415,63.8300859305082));
#3135=CARTESIAN_POINT('Ctrl Pts',(-5.12412951494444,0.929447941245896,63.8764183107138));
#3136=CARTESIAN_POINT('Ctrl Pts',(-5.20748419758653,0.0518178858735087,
63.9227506909194));
#3137=CARTESIAN_POINT('Ctrl Pts',(-5.07574092946191,-0.79223894804973,63.969083071125));
#3138=CARTESIAN_POINT('Ctrl Pts',(-4.94399766133728,-1.63629578197299,64.0154154513306));
#3139=CARTESIAN_POINT('Ctrl Pts',(-4.59715644244593,-2.44677939444708,64.0617478315362));
#3140=CARTESIAN_POINT('Ctrl Pts',(-4.07751954494904,-3.12483965898758,64.1080802117418));
#3141=CARTESIAN_POINT('Ctrl Pts',(-3.55788264745216,-3.80289992352807,64.1544125919474));
#3142=CARTESIAN_POINT('Ctrl Pts',(-2.86545007134974,-4.34853684013496,64.2007449721529));
#3143=CARTESIAN_POINT('Ctrl Pts',(-2.0846739223687,-4.69520214380784,64.2470773523585));
#3144=CARTESIAN_POINT('Ctrl Pts',(-1.30389777338766,-5.04186744748072,64.2934097325641));
#3145=CARTESIAN_POINT('Ctrl Pts',(-0.434778051527987,-5.18956113821958,
64.3397421127698));
#3146=CARTESIAN_POINT('Ctrl Pts',(0.416683600349183,-5.12026984748077,64.3860744929754));
#3147=CARTESIAN_POINT('Ctrl Pts',(1.26814525222635,-5.05097855674196,64.4324068731809));
#3148=CARTESIAN_POINT('Ctrl Pts',(2.10194883412102,-4.76470228452548,64.4787392533865));
#3149=CARTESIAN_POINT('Ctrl Pts',(2.81640001407051,-4.29635653718051,64.5250716335921));
#3150=CARTESIAN_POINT('Ctrl Pts',(3.53085119402,-3.82801078983555,64.5714040137977));
#3151=CARTESIAN_POINT('Ctrl Pts',(4.12594997202432,-3.17759556736209,64.6177363940033));
#3152=CARTESIAN_POINT('Ctrl Pts',(4.52911549812745,-2.42443835525309,64.6640687742089));
#3153=CARTESIAN_POINT('Ctrl Pts',(4.92616838665276,-1.68270021739194,64.7096986810382));
#3154=CARTESIAN_POINT('Ctrl Pts',(5.1370639361164,-0.841311939646198,64.7553285878676));
#3155=CARTESIAN_POINT('Ctrl Pts',(5.13719347451266,1.37669984285922E-5,
64.8009584946969));
#3156=CARTESIAN_POINT('Ctrl Pts',(5.13631401658282,-1.88717101390345E-6,
64.3240415053031));
#3157=CARTESIAN_POINT('Ctrl Pts',(5.1363194498925,-0.425332191982418,64.3009847794538));
#3158=CARTESIAN_POINT('Ctrl Pts',(5.08408210236865,-0.850661185734548,64.2779280536045));
#3159=CARTESIAN_POINT('Ctrl Pts',(4.97958635085178,-1.26273833775874,64.2548713277551));
#3160=CARTESIAN_POINT('Ctrl Pts',(4.76960263847282,-2.09080540185002,64.2085389475495));
#3161=CARTESIAN_POINT('Ctrl Pts',(4.34859577999165,-2.86536058805365,64.1622065673439));
#3162=CARTESIAN_POINT('Ctrl Pts',(3.76791361337953,-3.49193575790626,64.1158741871383));
#3163=CARTESIAN_POINT('Ctrl Pts',(3.18723144676742,-4.11851092775887,64.0695418069327));
#3164=CARTESIAN_POINT('Ctrl Pts',(2.44687397202436,-4.59710608126047,64.0232094267271));
#3165=CARTESIAN_POINT('Ctrl Pts',(1.63713842514103,-4.86934966008417,63.9768770465216));
#3166=CARTESIAN_POINT('Ctrl Pts',(0.827402878257707,-5.14159323890788,63.930544666316));
#3167=CARTESIAN_POINT('Ctrl Pts',(-0.0517107407658877,-5.20748524305367,
63.8842122861104));
#3168=CARTESIAN_POINT('Ctrl Pts',(-0.8929818896544,-5.0589891954801,63.8378799059048));
#3169=CARTESIAN_POINT('Ctrl Pts',(-1.73425303854292,-4.91049314790653,63.7915475256992));
#3170=CARTESIAN_POINT('Ctrl Pts',(-2.53768171729636,-4.54760904861358,63.7452151454936));
#3171=CARTESIAN_POINT('Ctrl Pts',(-3.20527825000547,-4.01459582962931,63.698882765288));
#3172=CARTESIAN_POINT('Ctrl Pts',(-3.87287478271456,-3.48158261064505,63.6525503850824));
#3173=CARTESIAN_POINT('Ctrl Pts',(-4.40463916937932,-2.77844027196946,63.6062180048768));
#3174=CARTESIAN_POINT('Ctrl Pts',(-4.73571509943066,-1.99092712881703,63.5598856246712));
#3175=CARTESIAN_POINT('Ctrl Pts',(-5.06679102948199,-1.2034139856646,63.5135532444656));
#3176=CARTESIAN_POINT('Ctrl Pts',(-5.19717850291989,-0.331530038035331,
63.46722086426));
#3177=CARTESIAN_POINT('Ctrl Pts',(-5.11097489316071,0.518385934141718,63.4208884840544));
#3178=CARTESIAN_POINT('Ctrl Pts',(-5.02477128340154,1.36830190631877,63.3745561038488));
#3179=CARTESIAN_POINT('Ctrl Pts',(-4.72197659044528,2.19624990304362,63.3282237236432));
#3180=CARTESIAN_POINT('Ctrl Pts',(-4.23952097948826,2.90124976513813,63.2818913434376));
#3181=CARTESIAN_POINT('Ctrl Pts',(-3.75706536853124,3.60624962723264,63.2355589632321));
#3182=CARTESIAN_POINT('Ctrl Pts',(-3.09494883957348,4.18830135469681,63.1892265830265));
#3183=CARTESIAN_POINT('Ctrl Pts',(-2.33392602062672,4.57641537291762,63.1428942028209));
#3184=CARTESIAN_POINT('Ctrl Pts',(-1.57290320167996,4.96452939113843,63.0965618226153));
#3185=CARTESIAN_POINT('Ctrl Pts',(-0.712974092744214,5.15870570011586,63.0502294424097));
#3186=CARTESIAN_POINT('Ctrl Pts',(0.140980590669741,5.13526170786744,63.0038970622041));
#3187=CARTESIAN_POINT('Ctrl Pts',(0.994935274083702,5.11181771561901,62.9575646819985));
#3188=CARTESIAN_POINT('Ctrl Pts',(1.84291553197587,4.87075342214471,62.9112323017929));
#3189=CARTESIAN_POINT('Ctrl Pts',(2.58149798297379,4.44147008310732,62.8648999215873));
#3190=CARTESIAN_POINT('Ctrl Pts',(3.32008043397171,4.01218674406994,62.8185675413817));
#3191=CARTESIAN_POINT('Ctrl Pts',(3.94926507807538,3.39468435946946,62.7722351611761));
#3192=CARTESIAN_POINT('Ctrl Pts',(4.392313803996,2.66427622112673,62.7259027809705));
#3193=CARTESIAN_POINT('Ctrl Pts',(4.83536252991662,1.933868082784,62.6795704007649));
#3194=CARTESIAN_POINT('Ctrl Pts',(5.09227533765419,1.09055419069903,62.6332380205593));
#3195=CARTESIAN_POINT('Ctrl Pts',(5.13171801742398,0.23718879585942,62.5869056403537));
#3196=CARTESIAN_POINT('Ctrl Pts',(5.13536842315942,0.158210137463799,62.5826175953368));
#3197=CARTESIAN_POINT('Ctrl Pts',(5.13715610254088,0.0791453835696695,62.57832955032));
#3198=CARTESIAN_POINT('Ctrl Pts',(5.13709826807542,7.80132674912948E-5,
62.5740415053031));
#3199=CARTESIAN_POINT('Origin',(-1.85163164803816E-16,-3.2071200913046E-16,
64.));
#3200=CARTESIAN_POINT('',(5.13653577719448,-0.000119156325562031,60.8240415053031));
#3201=CARTESIAN_POINT('',(5.13684975261982,0.000128494588721495,61.3009584946969));
#3202=CARTESIAN_POINT('',(5.13675,3.08358435421557E-16,64.));
#3203=CARTESIAN_POINT('Ctrl Pts',(5.13684975261982,0.000128494588721495,
61.3009584946969));
#3204=CARTESIAN_POINT('Ctrl Pts',(5.13702169292272,0.167202691004845,61.3100181296));
#3205=CARTESIAN_POINT('Ctrl Pts',(5.12903122660904,0.334260511794904,61.3190777645031));
#3206=CARTESIAN_POINT('Ctrl Pts',(5.11275668342308,0.500507372508864,61.3281373994062));
#3207=CARTESIAN_POINT('Ctrl Pts',(5.02952614150504,1.35071964275727,61.3744697796118));
#3208=CARTESIAN_POINT('Ctrl Pts',(4.72962900831329,2.17972158890364,61.4208021598173));
#3209=CARTESIAN_POINT('Ctrl Pts',(4.24964204998141,2.88640450748879,61.4671345400229));
#3210=CARTESIAN_POINT('Ctrl Pts',(3.76965509164954,3.59308742607392,61.5134669202285));
#3211=CARTESIAN_POINT('Ctrl Pts',(3.10957830817757,4.17745131709785,61.5597993004341));
#3212=CARTESIAN_POINT('Ctrl Pts',(2.34991755129569,4.56822460436601,61.6061316806397));
#3213=CARTESIAN_POINT('Ctrl Pts',(1.59025679441381,4.95899789163419,61.6524640608453));
#3214=CARTESIAN_POINT('Ctrl Pts',(0.731012064122017,5.1561805751466,61.6987964410509));
#3215=CARTESIAN_POINT('Ctrl Pts',(-0.123019393881764,5.13572339233249,61.7451288212565));
#3216=CARTESIAN_POINT('Ctrl Pts',(-0.977050851885546,5.11526620951838,61.7914612014621));
#3217=CARTESIAN_POINT('Ctrl Pts',(-1.82586903760132,4.87716916037776,61.8377935816677));
#3218=CARTESIAN_POINT('Ctrl Pts',(-2.56594837231414,4.45047160247549,61.8841259618733));
#3219=CARTESIAN_POINT('Ctrl Pts',(-3.30602770702696,4.02377404457322,61.9304583420789));
#3220=CARTESIAN_POINT('Ctrl Pts',(-3.93736819073683,3.40847597790931,61.9767907222845));
#3221=CARTESIAN_POINT('Ctrl Pts',(-4.38296877652678,2.67962184604725,62.0231231024901));
#3222=CARTESIAN_POINT('Ctrl Pts',(-4.82856936231672,1.95076771418519,62.0694554826957));
#3223=CARTESIAN_POINT('Ctrl Pts',(-5.08843005018676,1.10835751712498,62.1157878629013));
#3224=CARTESIAN_POINT('Ctrl Pts',(-5.13085709399697,0.255135287256201,62.1621202431069));
#3225=CARTESIAN_POINT('Ctrl Pts',(-5.17328413780718,-0.598086942612592,
62.2084526233125));
#3226=CARTESIAN_POINT('Ctrl Pts',(-4.99827753755756,-1.46212120528996,62.2547850035181));
#3227=CARTESIAN_POINT('Ctrl Pts',(-4.62718186370464,-2.23158610275858,62.3011173837236));
#3228=CARTESIAN_POINT('Ctrl Pts',(-4.25608618985171,-3.00105100022718,62.3474497639292));
#3229=CARTESIAN_POINT('Ctrl Pts',(-3.68890144239548,-3.67594653248705,62.3937821441348));
#3230=CARTESIAN_POINT('Ctrl Pts',(-2.9948039540381,-4.1739594883875,62.4401145243404));
#3231=CARTESIAN_POINT('Ctrl Pts',(-2.30070646568072,-4.67197244428796,62.486446904546));
#3232=CARTESIAN_POINT('Ctrl Pts',(-1.47969623642219,-4.993102823829,62.5327792847516));
#3233=CARTESIAN_POINT('Ctrl Pts',(-0.631907264974176,-5.09818416127695,
62.5791116649572));
#3234=CARTESIAN_POINT('Ctrl Pts',(0.215881706473837,-5.20326549872491,62.6254440451628));
#3235=CARTESIAN_POINT('Ctrl Pts',(1.09044942011133,-5.09229779407979,62.6717764253684));
#3236=CARTESIAN_POINT('Ctrl Pts',(1.88512977216791,-4.77881515397996,62.718108805574));
#3237=CARTESIAN_POINT('Ctrl Pts',(2.6798101242245,-4.46533251388012,62.7644411857796));
#3238=CARTESIAN_POINT('Ctrl Pts',(3.39460311470017,-3.94933493832556,62.8107735659852));
#3239=CARTESIAN_POINT('Ctrl Pts',(3.94232946392622,-3.29375574863734,62.8571059461908));
#3240=CARTESIAN_POINT('Ctrl Pts',(4.49005581315226,-2.63817655894913,62.9034383263964));
#3241=CARTESIAN_POINT('Ctrl Pts',(4.87071552112867,-1.84301575512727,62.949770706602));
#3242=CARTESIAN_POINT('Ctrl Pts',(5.03788166484072,-1.00525462689013,62.9961030868075));
#3243=CARTESIAN_POINT('Ctrl Pts',(5.10385400756608,-0.674631074496389,63.0143882227706));
#3244=CARTESIAN_POINT('Ctrl Pts',(5.13657479583261,-0.337372535178625,63.0326733587338));
#3245=CARTESIAN_POINT('Ctrl Pts',(5.13639133529837,-7.8869451212803E-5,
63.0509584946969));
#3246=CARTESIAN_POINT('Ctrl Pts',(5.13709826807542,7.80132674912948E-5,
62.5740415053031));
#3247=CARTESIAN_POINT('Ctrl Pts',(5.13653120041607,-0.77517854453328,62.5319971701144));
#3248=CARTESIAN_POINT('Ctrl Pts',(4.95853962235396,-1.55068663928013,62.4899528349257));
#3249=CARTESIAN_POINT('Ctrl Pts',(4.61934867911566,-2.2477557954519,62.447908499737));
#3250=CARTESIAN_POINT('Ctrl Pts',(4.24556410923555,-3.01591809432936,62.4015761195314));
#3251=CARTESIAN_POINT('Ctrl Pts',(3.67602241767334,-3.68882579449006,62.3552437393258));
#3252=CARTESIAN_POINT('Ctrl Pts',(2.98018740034377,-4.18440812948108,62.3089113591202));
#3253=CARTESIAN_POINT('Ctrl Pts',(2.2843523830142,-4.67999046447209,62.2625789789146));
#3254=CARTESIAN_POINT('Ctrl Pts',(1.46222403991727,-4.99824743429343,62.216246598709));
#3255=CARTESIAN_POINT('Ctrl Pts',(0.614072739819094,-5.10036302682922,62.1699142185034));
#3256=CARTESIAN_POINT('Ctrl Pts',(-0.234078560279091,-5.202478619365,62.1235818382978));
#3257=CARTESIAN_POINT('Ctrl Pts',(-1.10825281737853,-5.08845283461522,62.0772494580922));
#3258=CARTESIAN_POINT('Ctrl Pts',(-1.90183191538922,-4.77219275604429,62.0309170778866));
#3259=CARTESIAN_POINT('Ctrl Pts',(-2.6954110133999,-4.45593267747336,61.984584697681));
#3260=CARTESIAN_POINT('Ctrl Pts',(-3.40839495232183,-3.93743830508128,61.9382523174754));
#3261=CARTESIAN_POINT('Ctrl Pts',(-3.95382509232669,-3.27994748045205,61.8919199372698));
#3262=CARTESIAN_POINT('Ctrl Pts',(-4.49925523233155,-2.62245665582282,61.8455875570642));
#3263=CARTESIAN_POINT('Ctrl Pts',(-4.87713157341935,-1.82596937895644,61.7992551768587));
#3264=CARTESIAN_POINT('Ctrl Pts',(-5.04136666417571,-0.987628722026955,
61.7529227966531));
#3265=CARTESIAN_POINT('Ctrl Pts',(-5.20560175493207,-0.14928806509746,61.7065904164475));
#3266=CARTESIAN_POINT('Ctrl Pts',(-5.15619559535698,0.730905971895151,61.6602580362419));
#3267=CARTESIAN_POINT('Ctrl Pts',(-4.89917397677794,1.54560107417644,61.6139256560363));
#3268=CARTESIAN_POINT('Ctrl Pts',(-4.64215235819891,2.36029617645773,61.5675932758307));
#3269=CARTESIAN_POINT('Ctrl Pts',(-4.17751528061593,3.10949234402769,61.5212608956251));
#3270=CARTESIAN_POINT('Ctrl Pts',(-3.56193191436331,3.7018143352528,61.4749285154195));
#3271=CARTESIAN_POINT('Ctrl Pts',(-2.94634854811069,4.2941363264779,61.4285961352139));
#3272=CARTESIAN_POINT('Ctrl Pts',(-2.17981889318844,4.72958414135815,61.3822637550083));
#3273=CARTESIAN_POINT('Ctrl Pts',(-1.35583225916072,4.95504865972398,61.3359313748027));
#3274=CARTESIAN_POINT('Ctrl Pts',(-0.531845625132996,5.18051317808982,61.2895989945971));
#3275=CARTESIAN_POINT('Ctrl Pts',(0.34959798800019,5.19599439994124,61.2432666143915));
#3276=CARTESIAN_POINT('Ctrl Pts',(1.18099386169049,4.99960416772474,61.1969342341859));
#3277=CARTESIAN_POINT('Ctrl Pts',(2.01238973538078,4.80321393550824,61.1506018539803));
#3278=CARTESIAN_POINT('Ctrl Pts',(2.79373786962819,4.39495224922381,61.1042694737748));
#3279=CARTESIAN_POINT('Ctrl Pts',(3.42974162831279,3.82461248993673,61.0579370935692));
#3280=CARTESIAN_POINT('Ctrl Pts',(4.06574538699739,3.25427273064967,61.0116047133636));
#3281=CARTESIAN_POINT('Ctrl Pts',(4.5564047701192,2.52185489835995,60.965272333158));
#3282=CARTESIAN_POINT('Ctrl Pts',(4.84187681313783,1.71668787544546,60.9189399529524));
#3283=CARTESIAN_POINT('Ctrl Pts',(5.03677905076313,1.16697080764172,60.8873071370693));
#3284=CARTESIAN_POINT('Ctrl Pts',(5.1360374392577,0.583343204183105,60.8556743211862));
#3285=CARTESIAN_POINT('Ctrl Pts',(5.13653577719448,-0.000119156325562031,
60.8240415053031));
#3286=CARTESIAN_POINT('Origin',(-1.85163164803816E-16,-3.2071200913046E-16,
64.));
#3287=CARTESIAN_POINT('',(5.13664279849324,0.000131256007958047,59.0740415053032));
#3288=CARTESIAN_POINT('',(5.13679890832968,-0.000131999292272805,59.5509584946969));
#3289=CARTESIAN_POINT('',(5.13675,3.08358435421557E-16,64.));
#3290=CARTESIAN_POINT('',(-3.87994761181451,3.36633437021263,58.));
#3291=CARTESIAN_POINT('Ctrl Pts',(5.13664279849324,0.000131256007958047,
59.0740415053032));
#3292=CARTESIAN_POINT('Ctrl Pts',(5.13603944886888,-0.621185783979036,59.0403543316413));
#3293=CARTESIAN_POINT('Ctrl Pts',(5.02317006506994,-1.24271598686432,59.0066671579794));
#3294=CARTESIAN_POINT('Ctrl Pts',(4.80270795817357,-1.82339854099943,58.9729799843175));
#3295=CARTESIAN_POINT('Ctrl Pts',(4.49949064881513,-2.62205280469568,58.9266476041119));
#3296=CARTESIAN_POINT('Ctrl Pts',(3.9927458987172,-3.34343774040197,58.8803152239063));
#3297=CARTESIAN_POINT('Ctrl Pts',(3.34427846857152,-3.89956412005592,58.8339828437007));
#3298=CARTESIAN_POINT('Ctrl Pts',(2.69581103842583,-4.45569049970987,58.7876504634951));
#3299=CARTESIAN_POINT('Ctrl Pts',(1.90562092823239,-4.84655832331149,58.7413180832895));
#3300=CARTESIAN_POINT('Ctrl Pts',(1.07008327975859,-5.02450814512678,58.6949857030839));
#3301=CARTESIAN_POINT('Ctrl Pts',(0.2345456312848,-5.20245796694207,58.6486533228783));
#3302=CARTESIAN_POINT('Ctrl Pts',(-0.646339555469352,-5.16748978697104,
58.6023209426727));
#3303=CARTESIAN_POINT('Ctrl Pts',(-1.46513584181172,-4.92384231579328,58.5559885624671));
#3304=CARTESIAN_POINT('Ctrl Pts',(-2.28393212815409,-4.68019484461552,58.5096561822616));
#3305=CARTESIAN_POINT('Ctrl Pts',(-3.04063951408467,-4.22786808223104,58.463323802056));
#3306=CARTESIAN_POINT('Ctrl Pts',(-3.6429659120659,-3.62208500512822,58.4169914218504));
#3307=CARTESIAN_POINT('Ctrl Pts',(-4.24529231004713,-3.01630192802541,58.3706590416447));
#3308=CARTESIAN_POINT('Ctrl Pts',(-4.69323772007901,-2.25706253620427,58.3243266614392));
#3309=CARTESIAN_POINT('Ctrl Pts',(-4.93216741794276,-1.43685365365542,58.2779942812336));
#3310=CARTESIAN_POINT('Ctrl Pts',(-5.17109711580651,-0.616644771106571,
58.231661901028));
#3311=CARTESIAN_POINT('Ctrl Pts',(-5.20101110150213,0.264533602169992,58.1853295208224));
#3312=CARTESIAN_POINT('Ctrl Pts',(-5.01822232499092,1.09891971899004,58.1389971406168));
#3313=CARTESIAN_POINT('Ctrl Pts',(-4.8354335484797,1.93330583581009,58.0926647604112));
#3314=CARTESIAN_POINT('Ctrl Pts',(-4.43994200976164,2.72089969617363,58.0463323802056));
#3315=CARTESIAN_POINT('Ctrl Pts',(-3.87994761181451,3.36633437021264,58.));
#3316=CARTESIAN_POINT('',(3.88029173647481,3.36656978387604,58.));
#3317=CARTESIAN_POINT('Origin',(-1.85163164803816E-16,-3.2071200913046E-16,
58.));
#3318=CARTESIAN_POINT('Ctrl Pts',(3.88029173647481,3.36656978387604,58.));
#3319=CARTESIAN_POINT('Ctrl Pts',(3.35152509206726,3.97540192276602,58.0437343884067));
#3320=CARTESIAN_POINT('Ctrl Pts',(2.67706313400516,4.45806726734969,58.0874687768135));
#3321=CARTESIAN_POINT('Ctrl Pts',(1.92974155314272,4.760972391463,58.1312031652202));
#3322=CARTESIAN_POINT('Ctrl Pts',(1.13802618037156,5.08187125132854,58.1775355454258));
#3323=CARTESIAN_POINT('Ctrl Pts',(0.264537789640246,5.20101864485276,58.2238679256314));
#3324=CARTESIAN_POINT('Ctrl Pts',(-0.584196078862971,5.10387244324796,58.270200305837));
#3325=CARTESIAN_POINT('Ctrl Pts',(-1.43292994736619,5.00672624164317,58.3165326860426));
#3326=CARTESIAN_POINT('Ctrl Pts',(-2.25690929364131,4.69328644490936,58.3628650662482));
#3327=CARTESIAN_POINT('Ctrl Pts',(-2.9556346874103,4.20178649785036,58.4091974464538));
#3328=CARTESIAN_POINT('Ctrl Pts',(-3.65436008117928,3.71028655079137,58.4555298266594));
#3329=CARTESIAN_POINT('Ctrl Pts',(-4.22783152244214,3.04072645340719,58.501862206865));
#3330=CARTESIAN_POINT('Ctrl Pts',(-4.60610750299836,2.27476631840935,58.5481945870706));
#3331=CARTESIAN_POINT('Ctrl Pts',(-4.98438348355458,1.50880618341151,58.5945269672762));
#3332=CARTESIAN_POINT('Ctrl Pts',(-5.16746400340416,0.646446010800018,58.6408593474818));
#3333=CARTESIAN_POINT('Ctrl Pts',(-5.13301900887945,-0.207135851947387,
58.6871917276873));
#3334=CARTESIAN_POINT('Ctrl Pts',(-5.09857401435474,-1.0607177146948,58.7335241078929));
#3335=CARTESIAN_POINT('Ctrl Pts',(-4.84660350545574,-1.90552126757813,58.7798564880986));
#3336=CARTESIAN_POINT('Ctrl Pts',(-4.40783926676454,-2.63851111275187,58.8261888683041));
#3337=CARTESIAN_POINT('Ctrl Pts',(-3.96907502807335,-3.37150095792561,58.8725212485097));
#3338=CARTESIAN_POINT('Ctrl Pts',(-3.34351705958997,-3.99267709538977,58.9188536287153));
#3339=CARTESIAN_POINT('Ctrl Pts',(-2.60746097597372,-4.42627790928406,58.9651860089209));
#3340=CARTESIAN_POINT('Ctrl Pts',(-1.87140489235747,-4.85987872317835,59.0115183891265));
#3341=CARTESIAN_POINT('Ctrl Pts',(-1.02485069360835,-5.10590421350276,59.0578507693321));
#3342=CARTESIAN_POINT('Ctrl Pts',(-0.171047914486557,-5.13434815800466,
59.1041831495377));
#3343=CARTESIAN_POINT('Ctrl Pts',(0.682754864635236,-5.16279210250658,59.1505155297433));
#3344=CARTESIAN_POINT('Ctrl Pts',(1.54380622412969,-4.97365450118598,59.1968479099489));
#3345=CARTESIAN_POINT('Ctrl Pts',(2.30708861293471,-4.59000334465566,59.2431802901545));
#3346=CARTESIAN_POINT('Ctrl Pts',(3.07037100173972,-4.20635218812534,59.2895126703601));
#3347=CARTESIAN_POINT('Ctrl Pts',(3.7358844198553,-3.6281874763853,59.3358450505657));
#3348=CARTESIAN_POINT('Ctrl Pts',(4.22245992118132,-2.9260247345471,59.3821774307713));
#3349=CARTESIAN_POINT('Ctrl Pts',(4.70903542250734,-2.2238619927089,59.4285098109768));
#3350=CARTESIAN_POINT('Ctrl Pts',(5.01667300704381,-1.39770122077256,59.4748421911824));
#3351=CARTESIAN_POINT('Ctrl Pts',(5.10785185824397,-0.5483045868309,59.521174571388));
#3352=CARTESIAN_POINT('Ctrl Pts',(5.12738941059565,-0.366298222585918,59.5311025458243));
#3353=CARTESIAN_POINT('Ctrl Pts',(5.13698831767564,-0.183224989906045,59.5410305202606));
#3354=CARTESIAN_POINT('Ctrl Pts',(5.13679890832968,-0.000131999292272805,
59.5509584946969));
#3355=CARTESIAN_POINT('Origin',(-1.85163164803816E-16,-3.2071200913046E-16,
54.1352589674395));
#3356=CARTESIAN_POINT('',(6.1127782444792,6.90569742570202E-5,67.1147410325605));
#3357=CARTESIAN_POINT('',(6.11297862171416,0.000138180944810575,67.2602589674395));
#3358=CARTESIAN_POINT('',(6.11325,3.52433953707607E-14,54.1352589674395));
#3359=CARTESIAN_POINT('',(-5.4064364624514,2.85346637267306,68.0000001490116));
#3360=CARTESIAN_POINT('Ctrl Pts',(6.11297862171416,0.000138180944810433,
67.2602589674395));
#3361=CARTESIAN_POINT('Ctrl Pts',(6.11325283180066,0.327619099849863,67.2751774602689));
#3362=CARTESIAN_POINT('Ctrl Pts',(6.007073092867,1.67198239955234,67.3364283333039));
#3363=CARTESIAN_POINT('Ctrl Pts',(5.03554511433934,3.90603413524165,67.4440115865445));
#3364=CARTESIAN_POINT('Ctrl Pts',(2.55190251440484,5.83958111419165,67.5830087271613));
#3365=CARTESIAN_POINT('Ctrl Pts',(-0.553971011499227,6.34877914864768,67.7220058677781));
#3366=CARTESIAN_POINT('Ctrl Pts',(-3.52521449851833,5.30911822128184,67.8610030083948));
#3367=CARTESIAN_POINT('Ctrl Pts',(-4.93175836821132,3.75283458713794,67.953667768806));
#3368=CARTESIAN_POINT('Ctrl Pts',(-5.4064364624514,2.85346637267306,68.0000001490116));
#3369=CARTESIAN_POINT('',(-6.10910335729693,-0.225126036618128,68.0000001490116));
#3370=CARTESIAN_POINT('Origin',(-1.85163164803816E-16,-3.2071200913046E-16,
68.0000001490116));
#3371=CARTESIAN_POINT('Ctrl Pts',(6.11277824447919,6.9056974257263E-5,67.1147410325605));
#3372=CARTESIAN_POINT('Ctrl Pts',(6.11294956001142,0.432334361993472,67.1344311152762));
#3373=CARTESIAN_POINT('Ctrl Pts',(5.96137444425455,1.88163696229903,67.2004535781974));
#3374=CARTESIAN_POINT('Ctrl Pts',(4.82820505002339,4.15955553333848,67.3128084213242));
#3375=CARTESIAN_POINT('Ctrl Pts',(2.24859023682209,5.96299423770579,67.451805561941));
#3376=CARTESIAN_POINT('Ctrl Pts',(-0.879513994307382,6.31188571951059,67.5908027025578));
#3377=CARTESIAN_POINT('Ctrl Pts',(-3.7930928548491,5.12112996952732,67.7297998431746));
#3378=CARTESIAN_POINT('Ctrl Pts',(-5.74423591314403,2.72678189902482,67.8661989919926));
#3379=CARTESIAN_POINT('Ctrl Pts',(-6.1444596959978,0.733855220796663,67.9562657606049));
#3380=CARTESIAN_POINT('Ctrl Pts',(-6.10959387770683,-0.225200924416527,
68.0000001490116));
#3381=CARTESIAN_POINT('Origin',(-1.85163164803816E-16,-3.2071200913046E-16,
54.1352589674395));
#3382=CARTESIAN_POINT('',(6.11377777934774,1.63841149952715E-5,65.3647410325606));
#3383=CARTESIAN_POINT('',(6.11367504582224,-8.87542081153481E-5,65.5102589674395));
#3384=CARTESIAN_POINT('',(6.11325,3.52433953707607E-14,54.1352589674395));
#3385=CARTESIAN_POINT('Ctrl Pts',(6.11367504582224,-8.87542081154033E-5,
65.5102589674395));
#3386=CARTESIAN_POINT('Ctrl Pts',(6.11302062934666,0.927344233952608,65.5525222311351));
#3387=CARTESIAN_POINT('Ctrl Pts',(5.66417549154693,2.87211546386307,65.6411178750363));
#3388=CARTESIAN_POINT('Ctrl Pts',(3.68477400540316,5.1996058590616,65.7760458991432));
#3389=CARTESIAN_POINT('Ctrl Pts',(0.746856030906035,6.32895461635592,65.9150430397599));
#3390=CARTESIAN_POINT('Ctrl Pts',(-2.37324156558359,5.91448941028109,66.0540401803767));
#3391=CARTESIAN_POINT('Ctrl Pts',(-4.91443739058938,4.05731017897256,66.1930373209935));
#3392=CARTESIAN_POINT('Ctrl Pts',(-6.25686050301693,1.21043641269782,66.3320344616103));
#3393=CARTESIAN_POINT('Ctrl Pts',(-6.0730557844844,-1.931697713426,66.471031602227));
#3394=CARTESIAN_POINT('Ctrl Pts',(-4.40785750329575,-4.6026349810154,66.6100287428439));
#3395=CARTESIAN_POINT('Ctrl Pts',(-1.66745745861696,-6.15085779079343,66.7490258834606));
#3396=CARTESIAN_POINT('Ctrl Pts',(1.47968632807367,-6.19870844681142,66.8880230240774));
#3397=CARTESIAN_POINT('Ctrl Pts',(4.26588593909063,-4.73451824318491,67.0270201646942));
#3398=CARTESIAN_POINT('Ctrl Pts',(5.82416751541448,-2.39654259965315,67.1510988124815));
#3399=CARTESIAN_POINT('Ctrl Pts',(6.11240121722208,-0.689438763721064,67.2288450800633));
#3400=CARTESIAN_POINT('Ctrl Pts',(6.11297862171416,0.000138180944810433,
67.2602589674395));
#3401=CARTESIAN_POINT('Ctrl Pts',(6.11377777934774,1.63841149960109E-5,
65.3647410325606));
#3402=CARTESIAN_POINT('Ctrl Pts',(6.11378015270179,0.0154308390717653,65.3654435059368));
#3403=CARTESIAN_POINT('Ctrl Pts',(6.10995858903099,1.04752091724083,65.4124783595187));
#3404=CARTESIAN_POINT('Ctrl Pts',(5.57236826636452,3.09227630175596,65.5058455933061));
#3405=CARTESIAN_POINT('Ctrl Pts',(3.41278902428988,5.38203789460362,65.6448427339229));
#3406=CARTESIAN_POINT('Ctrl Pts',(0.420732427470172,6.35896572154306,65.7838398745397));
#3407=CARTESIAN_POINT('Ctrl Pts',(-2.67395290278867,5.78475900042775,65.9228370151565));
#3408=CARTESIAN_POINT('Ctrl Pts',(-5.11638425078308,3.79948325855513,66.0618341557732));
#3409=CARTESIAN_POINT('Ctrl Pts',(-6.31078238963159,0.887404320968959,66.2008312963901));
#3410=CARTESIAN_POINT('Ctrl Pts',(-5.96579928866301,-2.24113803978515,66.3398284370068));
#3411=CARTESIAN_POINT('Ctrl Pts',(-4.16558621845691,-4.82300240815542,66.4788255776236));
#3412=CARTESIAN_POINT('Ctrl Pts',(-1.34926695274447,-6.22839782841362,66.6178227182403));
#3413=CARTESIAN_POINT('Ctrl Pts',(1.79617738703953,-6.11450798129697,66.7568198588572));
#3414=CARTESIAN_POINT('Ctrl Pts',(4.50348226739163,-4.50911381968165,66.8958169994739));
#3415=CARTESIAN_POINT('Ctrl Pts',(5.8843623387853,-2.18704465030273,67.0151240573751));
#3416=CARTESIAN_POINT('Ctrl Pts',(6.11254644050761,-0.584821368181543,67.0880987350706));
#3417=CARTESIAN_POINT('Ctrl Pts',(6.11277824447919,6.9056974257263E-5,67.1147410325605));
#3418=CARTESIAN_POINT('Origin',(-1.85163164803816E-16,-3.2071200913046E-16,
54.1352589674395));
#3419=CARTESIAN_POINT('',(6.11282315287152,-9.38625927913994E-5,63.6147410325605));
#3420=CARTESIAN_POINT('',(6.11273113581056,-2.2459238458299E-6,63.7602589674395));
#3421=CARTESIAN_POINT('',(6.11325,3.52433953707607E-14,54.1352589674395));
#3422=CARTESIAN_POINT('Ctrl Pts',(6.11273113581057,-2.24592384589356E-6,
63.7602589674395));
#3423=CARTESIAN_POINT('Ctrl Pts',(6.11272460822688,0.510990009250524,63.7835346217957));
#3424=CARTESIAN_POINT('Ctrl Pts',(5.92321957379734,2.03916518730652,63.8531426563576));
#3425=CARTESIAN_POINT('Ctrl Pts',(4.66399846463221,4.34287679299517,63.969083071125));
#3426=CARTESIAN_POINT('Ctrl Pts',(2.01667648763027,6.04536818245793,64.1080802117418));
#3427=CARTESIAN_POINT('Ctrl Pts',(-1.12257086038087,6.2732204791998,64.2470773523586));
#3428=CARTESIAN_POINT('Ctrl Pts',(-3.98799090372945,4.97085395772116,64.3860744929753));
#3429=CARTESIAN_POINT('Ctrl Pts',(-5.88062531839547,2.45595325320447,64.5250716335921));
#3430=CARTESIAN_POINT('Ctrl Pts',(-6.338806160914,-0.658025053819286,64.6640687742089));
#3431=CARTESIAN_POINT('Ctrl Pts',(-5.25076995201908,-3.61149213324494,64.8030659148257));
#3432=CARTESIAN_POINT('Ctrl Pts',(-2.88192000192649,-5.68401245769848,64.9420630554425));
#3433=CARTESIAN_POINT('Ctrl Pts',(0.189913086245588,-6.37003873907571,65.0810601960592));
#3434=CARTESIAN_POINT('Ctrl Pts',(3.21542091344639,-5.5022294451476,65.220057336676));
#3435=CARTESIAN_POINT('Ctrl Pts',(5.45659514166706,-3.29226821107733,65.3590544772928));
#3436=CARTESIAN_POINT('Ctrl Pts',(6.09000893750896,-1.1953686007441,65.455788354214));
#3437=CARTESIAN_POINT('Ctrl Pts',(6.11373805318732,-0.0893822103686293,
65.5061898509295));
#3438=CARTESIAN_POINT('Ctrl Pts',(6.11367504582224,-8.87542081154033E-5,
65.5102589674395));
#3439=CARTESIAN_POINT('Ctrl Pts',(6.11282315287152,-9.38625927916423E-5,
63.6147410325605));
#3440=CARTESIAN_POINT('Ctrl Pts',(6.11248825037635,0.615627064696234,63.642788276803));
#3441=CARTESIAN_POINT('Ctrl Pts',(5.86726633833583,2.24874319666367,63.7171679012511));
#3442=CARTESIAN_POINT('Ctrl Pts',(4.43473320614821,4.57674581041247,63.8378799059048));
#3443=CARTESIAN_POINT('Ctrl Pts',(1.70344481561592,6.1409882415612,63.9768770465216));
#3444=CARTESIAN_POINT('Ctrl Pts',(-1.44336273629481,6.20726709867696,64.1158741871383));
#3445=CARTESIAN_POINT('Ctrl Pts',(-4.23809262284637,4.75941506311608,64.2548713277551));
#3446=CARTESIAN_POINT('Ctrl Pts',(-5.99902988145662,2.15060486938766,64.3938684683719));
#3447=CARTESIAN_POINT('Ctrl Pts',(-6.29663129109995,-0.982799677848677,
64.5328656089886));
#3448=CARTESIAN_POINT('Ctrl Pts',(-5.05830331248262,-3.87647113000649,64.6718627496055));
#3449=CARTESIAN_POINT('Ctrl Pts',(-2.5861097391971,-5.82455983226791,64.8108598902222));
#3450=CARTESIAN_POINT('Ctrl Pts',(0.516910345287421,-6.35187094624621,64.949857030839));
#3451=CARTESIAN_POINT('Ctrl Pts',(3.49384113636208,-5.32977813203834,65.0888541714559));
#3452=CARTESIAN_POINT('Ctrl Pts',(5.60778576530622,-3.01933519894716,65.2271488386962));
#3453=CARTESIAN_POINT('Ctrl Pts',(6.11362361560587,-1.00124596584269,65.3191111257312));
#3454=CARTESIAN_POINT('Ctrl Pts',(6.11377777934774,1.63841149960109E-5,
65.3647410325606));
#3455=CARTESIAN_POINT('Origin',(-1.85163164803816E-16,-3.2071200913046E-16,
54.1352589674395));
#3456=CARTESIAN_POINT('',(6.11336871566713,0.000152921505784109,61.8647410325605));
#3457=CARTESIAN_POINT('',(6.11366447409589,9.28436477111944E-5,62.0102589674394));
#3458=CARTESIAN_POINT('',(6.11325,3.52433953707607E-14,54.1352589674395));
#3459=CARTESIAN_POINT('Ctrl Pts',(6.11366447409589,9.28436477106928E-5,
62.0102589674394));
#3460=CARTESIAN_POINT('Ctrl Pts',(6.11373330293629,0.0941909799206125,62.0145470124563));
#3461=CARTESIAN_POINT('Ctrl Pts',(6.08861791960752,1.20498390086751,62.0651674376788));
#3462=CARTESIAN_POINT('Ctrl Pts',(5.44881642363577,3.3051263362764,62.1621202431069));
#3463=CARTESIAN_POINT('Ctrl Pts',(3.20243708325514,5.50979647945577,62.3011173837236));
#3464=CARTESIAN_POINT('Ctrl Pts',(0.174891274197285,6.37046886496123,62.4401145243405));
#3465=CARTESIAN_POINT('Ctrl Pts',(-2.89531554443402,5.67720075524809,62.5791116649572));
#3466=CARTESIAN_POINT('Ctrl Pts',(-5.25927166687591,3.59910017243577,62.718108805574));
#3467=CARTESIAN_POINT('Ctrl Pts',(-6.34034023555151,0.643075590173785,62.8571059461908));
#3468=CARTESIAN_POINT('Ctrl Pts',(-5.87481754786325,-2.46981361575097,62.9961030868075));
#3469=CARTESIAN_POINT('Ctrl Pts',(-3.9762579702441,-4.98024427827603,63.1351002274244));
#3470=CARTESIAN_POINT('Ctrl Pts',(-1.10777476370918,-6.27585018862941,63.2740973680411));
#3471=CARTESIAN_POINT('Ctrl Pts',(2.03092655414512,-6.04059581903135,63.4130945086579));
#3472=CARTESIAN_POINT('Ctrl Pts',(4.67422650010688,-4.33186647334952,63.5520916492747));
#3473=CARTESIAN_POINT('Ctrl Pts',(5.92564418787036,-2.02954754281954,63.6678131355352));
#3474=CARTESIAN_POINT('Ctrl Pts',(6.11273760199644,-0.50618815839534,63.7372022415901));
#3475=CARTESIAN_POINT('Ctrl Pts',(6.11273113581057,-2.24592384589356E-6,
63.7602589674395));
#3476=CARTESIAN_POINT('Ctrl Pts',(6.11336871566713,0.000152921505783936,
61.8647410325606));
#3477=CARTESIAN_POINT('Ctrl Pts',(6.11357334194963,0.198988047069761,61.8738006674637));
#3478=CARTESIAN_POINT('Ctrl Pts',(6.05543102687428,1.4145777349397,61.9291926825723));
#3479=CARTESIAN_POINT('Ctrl Pts',(5.27182720311223,3.58068411946159,62.0309170778866));
#3480=CARTESIAN_POINT('Ctrl Pts',(2.91515358853485,5.66703982499645,62.1699142185034));
#3481=CARTESIAN_POINT('Ctrl Pts',(-0.152609791495088,6.37104160042774,62.3089113591202));
#3482=CARTESIAN_POINT('Ctrl Pts',(-3.1831472561334,5.5209631739953,62.4479084997369));
#3483=CARTESIAN_POINT('Ctrl Pts',(-5.43722359547598,3.32416311206911,62.5869056403538));
#3484=CARTESIAN_POINT('Ctrl Pts',(-6.36500478988186,0.316504103642564,62.7259027809705));
#3485=CARTESIAN_POINT('Ctrl Pts',(-5.74017833406295,-2.76835935456293,62.8648999215873));
#3486=CARTESIAN_POINT('Ctrl Pts',(-3.71515736318439,-5.17794038104133,63.0038970622041));
#3487=CARTESIAN_POINT('Ctrl Pts',(-0.783902707605631,-6.32447289249075,
63.1428942028209));
#3488=CARTESIAN_POINT('Ctrl Pts',(2.33856835409356,-5.92828464870521,63.2818913434376));
#3489=CARTESIAN_POINT('Ctrl Pts',(4.89059536476686,-4.08601735201438,63.4208884840545));
#3490=CARTESIAN_POINT('Ctrl Pts',(5.97542846150325,-1.81990738781792,63.5318383804287));
#3491=CARTESIAN_POINT('Ctrl Pts',(6.11304148938991,-0.401507305335344,63.5964558965974));
#3492=CARTESIAN_POINT('Ctrl Pts',(6.11282315287152,-9.38625927916423E-5,
63.6147410325605));
#3493=CARTESIAN_POINT('Origin',(-1.85163164803816E-16,-3.2071200913046E-16,
54.1352589674395));
#3494=CARTESIAN_POINT('',(6.11330820583957,-0.000157092455959906,60.1147410325605));
#3495=CARTESIAN_POINT('',(6.11299505327964,-0.000141808031757187,60.2602589674395));
#3496=CARTESIAN_POINT('',(6.11325,3.52433953707607E-14,54.1352589674395));
#3497=CARTESIAN_POINT('Ctrl Pts',(6.11299505327964,-0.000141808031757333,
60.2602589674395));
#3498=CARTESIAN_POINT('Ctrl Pts',(6.11240198092998,0.69423718167566,60.2918917833225));
#3499=CARTESIAN_POINT('Ctrl Pts',(5.82125394225399,2.40615326898393,60.3698569794112));
#3500=CARTESIAN_POINT('Ctrl Pts',(4.25471251534383,4.74456340758051,60.4941545557055));
#3501=CARTESIAN_POINT('Ctrl Pts',(1.46506352618458,6.20218101813871,60.6331516963223));
#3502=CARTESIAN_POINT('Ctrl Pts',(-1.68195657484415,6.14690837717903,60.7721488369391));
#3503=CARTESIAN_POINT('Ctrl Pts',(-4.4186991141658,4.592228070964,60.9111459775558));
#3504=CARTESIAN_POINT('Ctrl Pts',(-6.07759391021436,1.91737132025758,61.0501431181726));
#3505=CARTESIAN_POINT('Ctrl Pts',(-6.25398883211386,-1.22518741628502,61.1891402587894));
#3506=CARTESIAN_POINT('Ctrl Pts',(-4.90485608738908,-4.06888772015617,61.3281373994062));
#3507=CARTESIAN_POINT('Ctrl Pts',(-2.35928793751934,-5.92006933617364,61.467134540023));
#3508=CARTESIAN_POINT('Ctrl Pts',(0.761778365423072,-6.32717585018828,61.6061316806397));
#3509=CARTESIAN_POINT('Ctrl Pts',(3.69702502533681,-5.19090227988002,61.7451288212565));
#3510=CARTESIAN_POINT('Ctrl Pts',(5.6677297445848,-2.86253475214453,61.8798379168564));
#3511=CARTESIAN_POINT('Ctrl Pts',(6.11298960645223,-0.922540563073568,61.9682146322507));
#3512=CARTESIAN_POINT('Ctrl Pts',(6.11366447409589,9.28436477106928E-5,
62.0102589674394));
#3513=CARTESIAN_POINT('Ctrl Pts',(6.11330820583957,-0.000157092455960184,
60.1147410325605));
#3514=CARTESIAN_POINT('Ctrl Pts',(6.11248163814462,0.798846517665016,60.1511454383298));
#3515=CARTESIAN_POINT('Ctrl Pts',(5.75462520079337,2.61547139163499,60.2338822243048));
#3516=CARTESIAN_POINT('Ctrl Pts',(4.00535185341246,4.95687576286958,60.3629513904853));
#3517=CARTESIAN_POINT('Ctrl Pts',(1.14450429142987,6.26925599737325,60.501948531102));
#3518=CARTESIAN_POINT('Ctrl Pts',(-1.99552077181704,6.05238446140103,60.6409456717188));
#3519=CARTESIAN_POINT('Ctrl Pts',(-4.64878095026758,4.35916236216477,60.7799428123356));
#3520=CARTESIAN_POINT('Ctrl Pts',(-6.16806981170544,1.60261524427763,60.9189399529524));
#3521=CARTESIAN_POINT('Ctrl Pts',(-6.18278912536547,-1.5448558035138,61.0579370935692));
#3522=CARTESIAN_POINT('Ctrl Pts',(-4.68934842785107,-4.31549210928915,61.1969342341859));
#3523=CARTESIAN_POINT('Ctrl Pts',(-2.05204083873965,-6.03345582720644,61.3359313748028));
#3524=CARTESIAN_POINT('Ctrl Pts',(1.08581850324681,-6.27968621834697,61.4749285154195));
#3525=CARTESIAN_POINT('Ctrl Pts',(3.95881549705459,-4.99412061159043,61.6139256560363));
#3526=CARTESIAN_POINT('Ctrl Pts',(5.74182666485557,-2.65353790368904,61.74386316175));
#3527=CARTESIAN_POINT('Ctrl Pts',(6.11252685135455,-0.817885671837682,61.827468287258));
#3528=CARTESIAN_POINT('Ctrl Pts',(6.11336871566713,0.000152921505783936,
61.8647410325606));
#3529=CARTESIAN_POINT('Origin',(-1.85163164803816E-16,-3.2071200913046E-16,
54.1352589674395));
#3530=CARTESIAN_POINT('',(6.11286622175765,0.000123441889245679,58.3647410325605));
#3531=CARTESIAN_POINT('',(6.11312241940697,0.000156207872830566,58.5102589674395));
#3532=CARTESIAN_POINT('',(6.11325,3.52433953707607E-14,54.1352589674395));
#3533=CARTESIAN_POINT('',(1.5788818818754,-5.90584097022478,58.));
#3534=CARTESIAN_POINT('Ctrl Pts',(1.57888188187538,-5.90584097022479,58.));
#3535=CARTESIAN_POINT('Ctrl Pts',(2.56132672982542,-5.64319177628432,58.0463323802056));
#3536=CARTESIAN_POINT('Ctrl Pts',(4.39157587649353,-4.61821705929348,58.1389971406168));
#3537=CARTESIAN_POINT('Ctrl Pts',(5.85648040117345,-2.28679854641861,58.2605774848036));
#3538=CARTESIAN_POINT('Ctrl Pts',(6.1124775557406,-0.634632688115661,58.3358254487849));
#3539=CARTESIAN_POINT('Ctrl Pts',(6.11286622175765,0.000123441889245263,
58.3647410325605));
#3540=CARTESIAN_POINT('',(-1.57906403116262,-5.90630251546431,58.));
#3541=CARTESIAN_POINT('Origin',(-1.85163164803816E-16,-3.2071200913046E-16,
58.));
#3542=CARTESIAN_POINT('Ctrl Pts',(-1.57906403116262,-5.90630251546431,58.));
#3543=CARTESIAN_POINT('Ctrl Pts',(-0.651811666346096,-6.15370375210973,
58.0437343884067));
#3544=CARTESIAN_POINT('Ctrl Pts',(1.38020634747701,-6.20698120063618,58.1338011570191));
#3545=CARTESIAN_POINT('Ctrl Pts',(4.14869256276765,-4.83754849364264,58.270200305837));
#3546=CARTESIAN_POINT('Ctrl Pts',(5.79333036191185,-2.49629694092997,58.3965522399101));
#3547=CARTESIAN_POINT('Ctrl Pts',(6.11240437256976,-0.739273664069648,58.4765717937776));
#3548=CARTESIAN_POINT('Ctrl Pts',(6.11312241940697,0.000156207872830556,
58.5102589674395));
#3549=CARTESIAN_POINT('Origin',(-1.85163164803816E-16,-3.2071200913046E-16,
54.1352589674395));
#3550=CARTESIAN_POINT('Ctrl Pts',(6.11312241940697,0.000156207872830556,
58.5102589674395));
#3551=CARTESIAN_POINT('Ctrl Pts',(6.11339195376019,0.277717143947321,58.5229041739832));
#3552=CARTESIAN_POINT('Ctrl Pts',(6.02684474948782,1.57210217133384,58.5818817607325));
#3553=CARTESIAN_POINT('Ctrl Pts',(5.12964144568956,3.78156641849982,58.6871917276874));
#3554=CARTESIAN_POINT('Ctrl Pts',(2.69416846263099,5.77537122900266,58.8261888683041));
#3555=CARTESIAN_POINT('Ctrl Pts',(-0.398489672279777,6.36039846225069,58.9651860089209));
#3556=CARTESIAN_POINT('Ctrl Pts',(-3.3939447147924,5.39394094668554,59.1041831495377));
#3557=CARTESIAN_POINT('Ctrl Pts',(-5.56151907443361,3.1117465094587,59.2431802901545));
#3558=CARTESIAN_POINT('Ctrl Pts',(-6.3724790473058,0.0705074789598496,59.3821774307712));
#3559=CARTESIAN_POINT('Ctrl Pts',(-5.62900818429425,-2.98793027494653,59.521174571388));
#3560=CARTESIAN_POINT('Ctrl Pts',(-3.51246040140008,-5.31752597446208,59.6601717120048));
#3561=CARTESIAN_POINT('Ctrl Pts',(-0.539122550079261,-6.35002420219522,
59.7991688526216));
#3562=CARTESIAN_POINT('Ctrl Pts',(2.56572279003497,-5.83356898414917,59.9381659932384));
#3563=CARTESIAN_POINT('Ctrl Pts',(5.0447145819014,-3.89413858265036,60.0771631338551));
#3564=CARTESIAN_POINT('Ctrl Pts',(6.00903666346621,-1.66236471654101,60.1845274585889));
#3565=CARTESIAN_POINT('Ctrl Pts',(6.11327065015296,-0.322815219754809,60.245559403117));
#3566=CARTESIAN_POINT('Ctrl Pts',(6.11299505327964,-0.000141808031757333,
60.2602589674395));
#3567=CARTESIAN_POINT('Ctrl Pts',(6.11286622175765,0.000123441889245263,
58.3647410325605));
#3568=CARTESIAN_POINT('Ctrl Pts',(6.11310032793896,0.382457700976597,58.3821578289905));
#3569=CARTESIAN_POINT('Ctrl Pts',(5.98384082081075,1.78171939389815,58.445907005626));
#3570=CARTESIAN_POINT('Ctrl Pts',(4.92861376423614,4.04012173138078,58.5559885624671));
#3571=CARTESIAN_POINT('Ctrl Pts',(2.39390498891217,5.90614135858709,58.6949857030839));
#3572=CARTESIAN_POINT('Ctrl Pts',(-0.724712563803956,6.33153356385031,58.8339828437007));
#3573=CARTESIAN_POINT('Ctrl Pts',(-3.66656786449974,5.21245875737757,58.9729799843175));
#3574=CARTESIAN_POINT('Ctrl Pts',(-5.71403423231996,2.82192684595467,59.1119771249342));
#3575=CARTESIAN_POINT('Ctrl Pts',(-6.367687021323,-0.256959604748929,59.2509742655511));
#3576=CARTESIAN_POINT('Ctrl Pts',(-5.46807615052329,-3.27316361681722,59.3899714061677));
#3577=CARTESIAN_POINT('Ctrl Pts',(-3.2346451382114,-5.49095016805263,59.5289685467846));
#3578=CARTESIAN_POINT('Ctrl Pts',(-0.212190791297626,-6.36933552575489,
59.6679656874013));
#3579=CARTESIAN_POINT('Ctrl Pts',(2.86202280101043,-5.69405712524496,59.8069628280182));
#3580=CARTESIAN_POINT('Ctrl Pts',(5.23810684440073,-3.62983436335574,59.9459599686349));
#3581=CARTESIAN_POINT('Ctrl Pts',(6.0487974031221,-1.4527247660225,60.0485527034824));
#3582=CARTESIAN_POINT('Ctrl Pts',(6.11353362204324,-0.218056196922745,60.1048130581243));
#3583=CARTESIAN_POINT('Ctrl Pts',(6.11330820583957,-0.000157092455960184,
60.1147410325605));
#3584=CARTESIAN_POINT('Ctrl Pts',(-3.87994761181451,3.36633437021264,58.));
#3585=CARTESIAN_POINT('Ctrl Pts',(-4.43994200976164,2.72089969617363,58.0463323802056));
#3586=CARTESIAN_POINT('Ctrl Pts',(-5.23092508719775,1.14571197544656,58.1389971406168));
#3587=CARTESIAN_POINT('Ctrl Pts',(-5.14118313011089,-1.49782314438312,58.2779942812336));
#3588=CARTESIAN_POINT('Ctrl Pts',(-3.79734690001525,-3.77554131984655,58.4169914218503));
#3589=CARTESIAN_POINT('Ctrl Pts',(-1.52722474222351,-5.13252160700001,58.5559885624671));
#3590=CARTESIAN_POINT('Ctrl Pts',(1.11543081803896,-5.2374261469131,58.6949857030839));
#3591=CARTESIAN_POINT('Ctrl Pts',(3.48600114861927,-4.06482267610826,58.8339828437007));
#3592=CARTESIAN_POINT('Ctrl Pts',(5.00623539891306,-1.90066786898939,58.9729799843175));
#3593=CARTESIAN_POINT('Ctrl Pts',(5.30530500476993,0.727102906069241,59.1119771249343));
#3594=CARTESIAN_POINT('Ctrl Pts',(4.31025815992244,3.17751789968167,59.250974265551));
#3595=CARTESIAN_POINT('Ctrl Pts',(2.26381545829464,4.85284229510971,59.3899714061678));
#3596=CARTESIAN_POINT('Ctrl Pts',(-0.334836923744839,5.34442020217826,59.5289685467845));
#3597=CARTESIAN_POINT('Ctrl Pts',(-2.85181294952928,4.53233977964044,59.6679656874013));
#3598=CARTESIAN_POINT('Ctrl Pts',(-4.67314981484429,2.61469167504388,59.8069628280181));
#3599=CARTESIAN_POINT('Ctrl Pts',(-5.35457109495736,0.0592449666784442,
59.9459599686349));
#3600=CARTESIAN_POINT('Ctrl Pts',(-4.72985855161714,-2.51065322697936,60.0849571092517));
#3601=CARTESIAN_POINT('Ctrl Pts',(-2.95139753271858,-4.46813095314572,60.2239542498685));
#3602=CARTESIAN_POINT('Ctrl Pts',(-0.453005808550221,-5.33570307457184,
60.3629513904853));
#3603=CARTESIAN_POINT('Ctrl Pts',(2.15588705544712,-4.90174383173079,60.501948531102));
#3604=CARTESIAN_POINT('Ctrl Pts',(4.23889708887777,-3.27210834898446,60.6409456717188));
#3605=CARTESIAN_POINT('Ctrl Pts',(5.28791826198732,-0.844311574547598,60.7799428123356));
#3606=CARTESIAN_POINT('Ctrl Pts',(5.04706415324101,1.78943706607023,60.9189399529524));
#3607=CARTESIAN_POINT('Ctrl Pts',(3.57508600387558,3.98669056293938,61.0579370935692));
#3608=CARTESIAN_POINT('Ctrl Pts',(1.23104160113338,5.21147562179266,61.1969342341859));
#3609=CARTESIAN_POINT('Ctrl Pts',(-1.41328923826618,5.16503195623839,61.3359313748027));
#3610=CARTESIAN_POINT('Ctrl Pts',(-3.71287820303295,3.85868851159765,61.4749285154195));
#3611=CARTESIAN_POINT('Ctrl Pts',(-5.10678943578189,1.61110000888776,61.6139256560363));
#3612=CARTESIAN_POINT('Ctrl Pts',(-5.25500791450715,-1.02948210209006,61.7529227966531));
#3613=CARTESIAN_POINT('Ctrl Pts',(-4.12137889124375,-3.4189439326892,61.8919199372698));
#3614=CARTESIAN_POINT('Ctrl Pts',(-1.98242707447797,-4.97442704986544,62.0309170778867));
#3615=CARTESIAN_POINT('Ctrl Pts',(0.640095696820343,-5.31650440411478,62.1699142185034));
#3616=CARTESIAN_POINT('Ctrl Pts',(3.10648072611113,-4.36173349465075,62.3089113591202));
#3617=CARTESIAN_POINT('Ctrl Pts',(4.81510580079776,-2.34301039416867,62.447908499737));
#3618=CARTESIAN_POINT('Ctrl Pts',(5.34918814539177,0.247240298614042,62.5869056403537));
#3619=CARTESIAN_POINT('Ctrl Pts',(4.57844972217904,2.77718197486899,62.7259027809706));
#3620=CARTESIAN_POINT('Ctrl Pts',(2.69089578986804,4.62968912867041,62.8648999215873));
#3621=CARTESIAN_POINT('Ctrl Pts',(0.146955016191536,5.3528820090933,63.0038970622041));
#3622=CARTESIAN_POINT('Ctrl Pts',(-2.43283231061571,4.77035308216099,63.1428942028209));
#3623=CARTESIAN_POINT('Ctrl Pts',(-4.41918189748903,3.02419789976844,63.2818913434376));
#3624=CARTESIAN_POINT('Ctrl Pts',(-5.32756597635779,0.540353909593948,63.4208884840544));
#3625=CARTESIAN_POINT('Ctrl Pts',(-4.93640355604409,-2.07529793329388,63.5598856246712));
#3626=CARTESIAN_POINT('Ctrl Pts',(-3.34111039604979,-4.18472494932064,63.698882765288));
#3627=CARTESIAN_POINT('Ctrl Pts',(-0.930824359789495,-5.27337724719947,
63.8378799059048));
#3628=CARTESIAN_POINT('Ctrl Pts',(1.7065164972813,-5.07570123476208,63.9768770465216));
#3629=CARTESIAN_POINT('Ctrl Pts',(3.92758892151049,-3.63991577425726,64.1158741871383));
#3630=CARTESIAN_POINT('Ctrl Pts',(5.19060949695399,-1.31625021564641,64.2548713277551));
#3631=CARTESIAN_POINT('Ctrl Pts',(5.18749119578423,1.32848661029039,64.3938684683719));
#3632=CARTESIAN_POINT('Ctrl Pts',(3.91899466130119,3.64916736047405,64.5328656089886));
#3633=CARTESIAN_POINT('Ctrl Pts',(1.69454266516743,5.07971128470793,64.6718627496055));
#3634=CARTESIAN_POINT('Ctrl Pts',(-0.943257001932101,5.27116759441043,64.8108598902222));
#3635=CARTESIAN_POINT('Ctrl Pts',(-3.35096916938327,4.17683459163689,64.949857030839));
#3636=CARTESIAN_POINT('Ctrl Pts',(-4.94128362233966,2.06365155578425,65.0888541714558));
#3637=CARTESIAN_POINT('Ctrl Pts',(-5.32627694713532,-0.552915420636522,
65.2278513120726));
#3638=CARTESIAN_POINT('Ctrl Pts',(-4.41203820407049,-3.03461043069496,65.3668484526894));
#3639=CARTESIAN_POINT('Ctrl Pts',(-2.42157650511527,-4.77607671730792,65.5058455933061));
#3640=CARTESIAN_POINT('Ctrl Pts',(0.15957731906466,-5.3525205893669,65.6448427339229));
#3641=CARTESIAN_POINT('Ctrl Pts',(2.70180564791981,-4.62333081460139,65.7838398745397));
#3642=CARTESIAN_POINT('Ctrl Pts',(4.58498590667128,-2.76637774232225,65.9228370151565));
#3643=CARTESIAN_POINT('Ctrl Pts',(5.34975629453509,-0.234625609935424,66.0618341557733));
#3644=CARTESIAN_POINT('Ctrl Pts',(4.80956732351641,2.3543584525596,66.20083129639));
#3645=CARTESIAN_POINT('Ctrl Pts',(3.09618662286913,4.36904680759574,66.3398284370068));
#3646=CARTESIAN_POINT('Ctrl Pts',(0.627556981434845,5.31799903906535,66.4788255776236));
#3647=CARTESIAN_POINT('Ctrl Pts',(-1.9941518197377,4.96973843344561,66.6178227182404));
#3648=CARTESIAN_POINT('Ctrl Pts',(-4.12942972495972,3.40921573006786,66.7568198588571));
#3649=CARTESIAN_POINT('Ctrl Pts',(-5.25742087905324,1.01708735008801,66.895816999474));
#3650=CARTESIAN_POINT('Ctrl Pts',(-5.10297620757375,-1.62313797561706,67.0348141400907));
#3651=CARTESIAN_POINT('Ctrl Pts',(-3.70376837689517,-3.86743307385284,67.1738112807075));
#3652=CARTESIAN_POINT('Ctrl Pts',(-1.40110613839621,-5.16835051026184,67.3128084213242));
#3653=CARTESIAN_POINT('Ctrl Pts',(1.2433286297358,-5.20855774165273,67.4518055619411));
#3654=CARTESIAN_POINT('Ctrl Pts',(3.58447464075963,-3.978249962897,67.5908027025578));
#3655=CARTESIAN_POINT('Ctrl Pts',(5.05127505333061,-1.7775285460376,67.7297998431747));
#3656=CARTESIAN_POINT('Ctrl Pts',(5.28590161375073,0.856774581758554,67.8687969837914));
#3657=CARTESIAN_POINT('Ctrl Pts',(4.2311923062336,3.28210376546069,68.0077941244082));
#3658=CARTESIAN_POINT('Ctrl Pts',(2.14427436157021,4.90679561416987,68.1467912650249));
#3659=CARTESIAN_POINT('Ctrl Pts',(-0.465482450957945,5.334656899655,68.2857884056418));
#3660=CARTESIAN_POINT('Ctrl Pts',(-2.96211435411018,4.4610662124352,68.4247855462585));
#3661=CARTESIAN_POINT('Ctrl Pts',(-4.14398393618934,3.15337554745525,68.5174503066697));
#3662=CARTESIAN_POINT('Ctrl Pts',(-4.54283932417245,2.397667916383,68.5637826868753));
#3663=CARTESIAN_POINT('Ctrl Pts',(-4.12580792186378,3.57964859370107,57.8120724873788));
#3664=CARTESIAN_POINT('Ctrl Pts',(-4.72128743715784,2.89331471561287,57.8584048675844));
#3665=CARTESIAN_POINT('Ctrl Pts',(-5.56239267193185,1.21831220866948,57.9510696279955));
#3666=CARTESIAN_POINT('Ctrl Pts',(-5.46696404388927,-1.59273557607567,58.0900667686124));
#3667=CARTESIAN_POINT('Ctrl Pts',(-4.03797305779107,-4.01478572527995,58.2290639092291));
#3668=CARTESIAN_POINT('Ctrl Pts',(-1.62400026246369,-5.45775366678071,58.368061049846));
#3669=CARTESIAN_POINT('Ctrl Pts',(1.18611222773802,-5.5693056837448,58.5070581904627));
#3670=CARTESIAN_POINT('Ctrl Pts',(3.70689828666873,-4.32239794861972,58.6460553310795));
#3671=CARTESIAN_POINT('Ctrl Pts',(5.32346509129564,-2.02110732805515,58.7850524716963));
#3672=CARTESIAN_POINT('Ctrl Pts',(5.64148581540947,0.773177174025739,58.924049612313));
#3673=CARTESIAN_POINT('Ctrl Pts',(4.58338592184481,3.37886740595438,59.0630467529298));
#3674=CARTESIAN_POINT('Ctrl Pts',(2.4072664597401,5.1603519397407,59.2020438935465));
#3675=CARTESIAN_POINT('Ctrl Pts',(-0.356054506589819,5.6830796222024,59.3410410341634));
#3676=CARTESIAN_POINT('Ctrl Pts',(-3.03252353795032,4.81954016865547,59.4800381747801));
#3677=CARTESIAN_POINT('Ctrl Pts',(-4.96927290137406,2.78037661984882,59.6190353153969));
#3678=CARTESIAN_POINT('Ctrl Pts',(-5.69387374574017,0.0629991374389127,
59.7580324560137));
#3679=CARTESIAN_POINT('Ctrl Pts',(-5.02957509584284,-2.66974557630175,59.8970295966304));
#3680=CARTESIAN_POINT('Ctrl Pts',(-3.13841848894575,-4.75126262691784,60.0360267372473));
#3681=CARTESIAN_POINT('Ctrl Pts',(-0.481711389059904,-5.67381011711297,
60.175023877864));
#3682=CARTESIAN_POINT('Ctrl Pts',(2.29249896697641,-5.21235221587025,60.3140210184809));
#3683=CARTESIAN_POINT('Ctrl Pts',(4.50750291988564,-3.47945176020643,60.4530181590976));
#3684=CARTESIAN_POINT('Ctrl Pts',(5.62299732837695,-0.897812994222535,60.5920152997144));
#3685=CARTESIAN_POINT('Ctrl Pts',(5.36688103782366,1.90282817231559,60.7310124403311));
#3686=CARTESIAN_POINT('Ctrl Pts',(3.801628174365,4.23931484448643,60.870009580948));
#3687=CARTESIAN_POINT('Ctrl Pts',(1.30904890948378,5.54171075390801,61.0090067215647));
#3688=CARTESIAN_POINT('Ctrl Pts',(-1.5028450171255,5.49232409655194,61.1480038621815));
#3689=CARTESIAN_POINT('Ctrl Pts',(-3.94815184007723,4.1032016980531,61.2870010027983));
#3690=CARTESIAN_POINT('Ctrl Pts',(-5.43039092725938,1.71319044601103,61.4259981434151));
#3691=CARTESIAN_POINT('Ctrl Pts',(-5.58800155370939,-1.09471720682172,61.5649952840318));
#3692=CARTESIAN_POINT('Ctrl Pts',(-4.38253795662553,-3.63559186184486,61.7039924246486));
#3693=CARTESIAN_POINT('Ctrl Pts',(-2.10804736215843,-5.28964114530151,61.8429895652654));
#3694=CARTESIAN_POINT('Ctrl Pts',(0.680656586354584,-5.65339488613928,61.9819867058822));
#3695=CARTESIAN_POINT('Ctrl Pts',(3.30332882585303,-4.63812308972717,62.1209838464989));
#3696=CARTESIAN_POINT('Ctrl Pts',(5.12022420020588,-2.49147973437442,62.2599809871157));
#3697=CARTESIAN_POINT('Ctrl Pts',(5.68814969526766,0.262907153570752,62.3989781277325));
#3698=CARTESIAN_POINT('Ctrl Pts',(4.86857195599795,2.95316342867146,62.5379752683493));
#3699=CARTESIAN_POINT('Ctrl Pts',(2.86140955433041,4.92305824559887,62.6769724089661));
#3700=CARTESIAN_POINT('Ctrl Pts',(0.156267102193454,5.69207762771594,62.8159695495828));
#3701=CARTESIAN_POINT('Ctrl Pts',(-2.58699338855515,5.07263563985669,62.9549666901996));
#3702=CARTESIAN_POINT('Ctrl Pts',(-4.69921182061799,3.21583199065755,63.0939638308164));
#3703=CARTESIAN_POINT('Ctrl Pts',(-5.66515739608903,0.574594469787226,63.2329609714332));
#3704=CARTESIAN_POINT('Ctrl Pts',(-5.24920821998381,-2.20680316077957,63.37195811205));
#3705=CARTESIAN_POINT('Ctrl Pts',(-3.55282625411456,-4.44989805897244,63.5109552526668));
#3706=CARTESIAN_POINT('Ctrl Pts',(-0.989807827762725,-5.60753489434279,
63.6499523932835));
#3707=CARTESIAN_POINT('Ctrl Pts',(1.81465318290257,-5.39733276285184,63.7889495339004));
#3708=CARTESIAN_POINT('Ctrl Pts',(4.17646811437595,-3.87056600728801,63.9279466745171));
#3709=CARTESIAN_POINT('Ctrl Pts',(5.51952240711285,-1.39965693101954,64.0669438151339));
#3710=CARTESIAN_POINT('Ctrl Pts',(5.5162065088183,1.41266870824134,64.2059409557507));
#3711=CARTESIAN_POINT('Ctrl Pts',(4.16732926241153,3.88040383798109,64.3449380963674));
#3712=CARTESIAN_POINT('Ctrl Pts',(1.80192060598838,5.40159691729126,64.4839352369843));
#3713=CARTESIAN_POINT('Ctrl Pts',(-1.00302828808169,5.60518522267355,64.622932377601));
#3714=CARTESIAN_POINT('Ctrl Pts',(-3.56330974749866,4.44150771366498,64.7619295182178));
#3715=CARTESIAN_POINT('Ctrl Pts',(-5.25439752102493,2.19441878825766,64.9009266588345));
#3716=CARTESIAN_POINT('Ctrl Pts',(-5.66378668506155,-0.587951965030777,
65.0399237994514));
#3717=CARTESIAN_POINT('Ctrl Pts',(-4.69161545338669,-3.22690433154495,65.1789209400681));
#3718=CARTESIAN_POINT('Ctrl Pts',(-2.57502433738567,-5.07872196410477,65.3179180806849));
#3719=CARTESIAN_POINT('Ctrl Pts',(0.169689241458299,-5.6916933059365,65.4569152213017));
#3720=CARTESIAN_POINT('Ctrl Pts',(2.87301073642867,-4.91629702478346,65.5959123619185));
#3721=CARTESIAN_POINT('Ctrl Pts',(4.87552231833654,-2.94167456524061,65.7349095025352));
#3722=CARTESIAN_POINT('Ctrl Pts',(5.68875384626939,-0.249493110988423,65.8739066431521));
#3723=CARTESIAN_POINT('Ctrl Pts',(5.11433476670609,2.50354688421544,66.0129037837688));
#3724=CARTESIAN_POINT('Ctrl Pts',(3.29238241704714,4.64589982475102,66.1519009243856));
#3725=CARTESIAN_POINT('Ctrl Pts',(0.667323331258576,5.65498423149554,66.2908980650024));
#3726=CARTESIAN_POINT('Ctrl Pts',(-2.120515068353,5.28465542572409,66.4298952056191));
#3727=CARTESIAN_POINT('Ctrl Pts',(-4.39109894683627,3.62524721303609,66.5688923462359));
#3728=CARTESIAN_POINT('Ctrl Pts',(-5.59056742037447,1.08153703762461,66.7078894868527));
#3729=CARTESIAN_POINT('Ctrl Pts',(-5.42633606654397,-1.72599122155337,66.8468866274695));
#3730=CARTESIAN_POINT('Ctrl Pts',(-3.93846475236204,-4.11250037624036,66.9858837680863));
#3731=CARTESIAN_POINT('Ctrl Pts',(-1.48988991180313,-5.4958529371057,67.124880908703));
#3732=CARTESIAN_POINT('Ctrl Pts',(1.32211452918176,-5.53860797670563,67.2638780493199));
#3733=CARTESIAN_POINT('Ctrl Pts',(3.8116117402033,-4.23033938965964,67.4028751899366));
#3734=CARTESIAN_POINT('Ctrl Pts',(5.37135876966081,-1.89016504610773,67.5418723305534));
#3735=CARTESIAN_POINT('Ctrl Pts',(5.6208528913632,0.911065743750554,67.6808694711702));
#3736=CARTESIAN_POINT('Ctrl Pts',(4.49930990893552,3.49008055538767,67.819866611787));
#3737=CARTESIAN_POINT('Ctrl Pts',(2.28015041251509,5.21772411417713,67.9588637524037));
#3738=CARTESIAN_POINT('Ctrl Pts',(-0.494978637805039,5.67269764931923,68.0978608930205));
#3739=CARTESIAN_POINT('Ctrl Pts',(-3.14981440224623,4.74375021538408,68.2368580336372));
#3740=CARTESIAN_POINT('Ctrl Pts',(-4.40657541353,3.35319522734948,68.3295227940485));
#3741=CARTESIAN_POINT('Ctrl Pts',(-4.8307050369321,2.54960073514635,68.3758551742541));
#3742=CARTESIAN_POINT('Ctrl Pts',(-4.37166823191306,3.7929628171895,57.6241449747576));
#3743=CARTESIAN_POINT('Ctrl Pts',(-5.00263286455403,3.06572973505211,57.6704773549632));
#3744=CARTESIAN_POINT('Ctrl Pts',(-5.89386025666595,1.29091244189241,57.7631421153743));
#3745=CARTESIAN_POINT('Ctrl Pts',(-5.79274495766765,-1.68764800776823,57.9021392559912));
#3746=CARTESIAN_POINT('Ctrl Pts',(-4.27859921556689,-4.25403013071336,58.0411363966079));
#3747=CARTESIAN_POINT('Ctrl Pts',(-1.72077578270387,-5.78298572656141,58.1801335372247));
#3748=CARTESIAN_POINT('Ctrl Pts',(1.25679363743709,-5.90118522057649,58.3191306778414));
#3749=CARTESIAN_POINT('Ctrl Pts',(3.92779542471819,-4.57997322113118,58.4581278184582));
#3750=CARTESIAN_POINT('Ctrl Pts',(5.64069478367821,-2.14154678712091,58.5971249590751));
#3751=CARTESIAN_POINT('Ctrl Pts',(5.977666626049,0.819251441982237,58.7361220996917));
#3752=CARTESIAN_POINT('Ctrl Pts',(4.85651368376719,3.5802169122271,58.8751192403086));
#3753=CARTESIAN_POINT('Ctrl Pts',(2.55071746118554,5.46786158437168,59.0141163809253));
#3754=CARTESIAN_POINT('Ctrl Pts',(-0.377272089434799,6.02173904222655,59.1531135215421));
#3755=CARTESIAN_POINT('Ctrl Pts',(-3.21323412637136,5.1067405576705,59.2921106621589));
#3756=CARTESIAN_POINT('Ctrl Pts',(-5.26539598790384,2.94606156465376,59.4311078027757));
#3757=CARTESIAN_POINT('Ctrl Pts',(-6.03317639652298,0.0667533081993802,
59.5701049433925));
#3758=CARTESIAN_POINT('Ctrl Pts',(-5.32929164006855,-2.82883792562414,59.7091020840093));
#3759=CARTESIAN_POINT('Ctrl Pts',(-3.32543944517292,-5.03439430068996,59.848099224626));
#3760=CARTESIAN_POINT('Ctrl Pts',(-0.510416969569582,-6.01191715965409,
59.9870963652428));
#3761=CARTESIAN_POINT('Ctrl Pts',(2.42911087850569,-5.52296060000971,60.1260935058596));
#3762=CARTESIAN_POINT('Ctrl Pts',(4.77610875089352,-3.68679517142839,60.2650906464764));
#3763=CARTESIAN_POINT('Ctrl Pts',(5.95807639476656,-0.951314413897477,60.4040877870931));
#3764=CARTESIAN_POINT('Ctrl Pts',(5.68669792240632,2.01621927856095,60.54308492771));
#3765=CARTESIAN_POINT('Ctrl Pts',(4.02817034485441,4.49193912603346,60.6820820683267));
#3766=CARTESIAN_POINT('Ctrl Pts',(1.38705621783418,5.87194588602336,60.8210792089435));
#3767=CARTESIAN_POINT('Ctrl Pts',(-1.59240079598483,5.81961623686548,60.9600763495602));
#3768=CARTESIAN_POINT('Ctrl Pts',(-4.18342547712151,4.34771488450855,61.0990734901771));
#3769=CARTESIAN_POINT('Ctrl Pts',(-5.75399241873687,1.81528088313431,61.2380706307938));
#3770=CARTESIAN_POINT('Ctrl Pts',(-5.92099519291162,-1.15995231155337,61.3770677714106));
#3771=CARTESIAN_POINT('Ctrl Pts',(-4.6436970220073,-3.85223979100052,61.5160649120274));
#3772=CARTESIAN_POINT('Ctrl Pts',(-2.23366764983888,-5.60485524073757,61.6550620526441));
#3773=CARTESIAN_POINT('Ctrl Pts',(0.721217475888828,-5.99028536816378,61.794059193261));
#3774=CARTESIAN_POINT('Ctrl Pts',(3.50017692559492,-4.91451268480359,61.9330563338777));
#3775=CARTESIAN_POINT('Ctrl Pts',(5.42534259961401,-2.63994907458018,62.0720534744946));
#3776=CARTESIAN_POINT('Ctrl Pts',(6.02711124514356,0.27857400852746,62.2110506151113));
#3777=CARTESIAN_POINT('Ctrl Pts',(5.15869418981686,3.12914488247393,62.350047755728));
#3778=CARTESIAN_POINT('Ctrl Pts',(3.03192331879277,5.21642736252732,62.4890448963449));
#3779=CARTESIAN_POINT('Ctrl Pts',(0.165579188195369,6.03127324633859,62.6280420369616));
#3780=CARTESIAN_POINT('Ctrl Pts',(-2.74115446649458,5.37491819755239,62.7670391775784));
#3781=CARTESIAN_POINT('Ctrl Pts',(-4.97924174374695,3.40746608154665,62.9060363181952));
#3782=CARTESIAN_POINT('Ctrl Pts',(-6.00274881582027,0.608835029980507,63.045033458812));
#3783=CARTESIAN_POINT('Ctrl Pts',(-5.56201288392352,-2.33830838826527,63.1840305994288));
#3784=CARTESIAN_POINT('Ctrl Pts',(-3.76454211217933,-4.71507116862424,63.3230277400455));
#3785=CARTESIAN_POINT('Ctrl Pts',(-1.04879129573595,-5.9416925414861,63.4620248806623));
#3786=CARTESIAN_POINT('Ctrl Pts',(1.92278986852384,-5.71896429094159,63.6010220212791));
#3787=CARTESIAN_POINT('Ctrl Pts',(4.42534730724142,-4.10121624031877,63.7400191618959));
#3788=CARTESIAN_POINT('Ctrl Pts',(5.84843531727171,-1.48306364639266,63.8790163025127));
#3789=CARTESIAN_POINT('Ctrl Pts',(5.84492182185237,1.49685080619229,64.0180134431294));
#3790=CARTESIAN_POINT('Ctrl Pts',(4.41566386352187,4.11164031548813,64.1570105837462));
#3791=CARTESIAN_POINT('Ctrl Pts',(1.90929854680932,5.7234825498746,64.296007724363));
#3792=CARTESIAN_POINT('Ctrl Pts',(-1.06279957423128,5.93920285093667,64.4350048649798));
#3793=CARTESIAN_POINT('Ctrl Pts',(-3.77565032561405,4.70618083569307,64.5740020055965));
#3794=CARTESIAN_POINT('Ctrl Pts',(-5.5675114197102,2.32518602073106,64.7129991462134));
#3795=CARTESIAN_POINT('Ctrl Pts',(-6.00129642298777,-0.622988509425031,
64.8519962868301));
#3796=CARTESIAN_POINT('Ctrl Pts',(-4.97119270270289,-3.41919823239494,64.9909934274469));
#3797=CARTESIAN_POINT('Ctrl Pts',(-2.72847216965608,-5.38136721090162,65.1299905680637));
#3798=CARTESIAN_POINT('Ctrl Pts',(0.179801163851945,-6.03086602250611,65.2689877086805));
#3799=CARTESIAN_POINT('Ctrl Pts',(3.04421582493753,-5.20926323496553,65.4079848492972));
#3800=CARTESIAN_POINT('Ctrl Pts',(5.1660587300018,-3.11697138815897,65.546981989914));
#3801=CARTESIAN_POINT('Ctrl Pts',(6.02775139800369,-0.264360612041417,65.6859791305308));
#3802=CARTESIAN_POINT('Ctrl Pts',(5.41910220989577,2.65273531587129,65.8249762711476));
#3803=CARTESIAN_POINT('Ctrl Pts',(3.48857821122515,4.9227528419063,65.9639734117644));
#3804=CARTESIAN_POINT('Ctrl Pts',(0.707089681082304,5.99196942392573,66.1029705523811));
#3805=CARTESIAN_POINT('Ctrl Pts',(-2.24687831696829,5.59957241800259,66.2419676929979));
#3806=CARTESIAN_POINT('Ctrl Pts',(-4.65276816871282,3.84127869600433,66.3809648336147));
#3807=CARTESIAN_POINT('Ctrl Pts',(-5.9237139616957,1.14598672516121,66.5199619742314));
#3808=CARTESIAN_POINT('Ctrl Pts',(-5.74969592551418,-1.82884446748968,66.6589591148483));
#3809=CARTESIAN_POINT('Ctrl Pts',(-4.17316112782889,-4.35756767862788,66.797956255465));
#3810=CARTESIAN_POINT('Ctrl Pts',(-1.57867368521004,-5.82335536394957,66.9369533960819));
#3811=CARTESIAN_POINT('Ctrl Pts',(1.40090042862771,-5.86865821175852,67.0759505366986));
#3812=CARTESIAN_POINT('Ctrl Pts',(4.03874883964697,-4.48242881642227,67.2149476773154));
#3813=CARTESIAN_POINT('Ctrl Pts',(5.691442485991,-2.00280154617786,67.3539448179321));
#3814=CARTESIAN_POINT('Ctrl Pts',(5.95580416897567,0.965356905742556,67.492941958549));
#3815=CARTESIAN_POINT('Ctrl Pts',(4.76742751163743,3.69805734531466,67.6319390991657));
#3816=CARTESIAN_POINT('Ctrl Pts',(2.41602646345997,5.52865261418439,67.7709362397825));
#3817=CARTESIAN_POINT('Ctrl Pts',(-0.524474824652133,6.01073839898346,67.9099333803993));
#3818=CARTESIAN_POINT('Ctrl Pts',(-3.33751445038228,5.02643421833296,68.0489305210161));
#3819=CARTESIAN_POINT('Ctrl Pts',(-4.66916689087066,3.55301490724371,68.1415952814273));
#3820=CARTESIAN_POINT('Ctrl Pts',(-5.11857074969175,2.70153355390971,68.1879276616328));
#3821=CARTESIAN_POINT('Ctrl Pts',(-4.61752854196234,4.00627704067794,57.4362174621363));
#3822=CARTESIAN_POINT('Ctrl Pts',(-5.28397829195023,3.23814475449135,57.4825498423419));
#3823=CARTESIAN_POINT('Ctrl Pts',(-6.22532784140004,1.36351267511533,57.5752146027531));
#3824=CARTESIAN_POINT('Ctrl Pts',(-6.11852587144603,-1.78256043946078,57.7142117433699));
#3825=CARTESIAN_POINT('Ctrl Pts',(-4.51922537334272,-4.49327453614676,57.8532088839867));
#3826=CARTESIAN_POINT('Ctrl Pts',(-1.81755130294405,-6.10821778634211,57.9922060246034));
#3827=CARTESIAN_POINT('Ctrl Pts',(1.32747504713616,-6.23306475740819,58.1312031652202));
#3828=CARTESIAN_POINT('Ctrl Pts',(4.14869256276765,-4.83754849364264,58.270200305837));
#3829=CARTESIAN_POINT('Ctrl Pts',(5.95792447606079,-2.26198624618667,58.4091974464538));
#3830=CARTESIAN_POINT('Ctrl Pts',(6.31384743668853,0.865325709938734,58.5481945870706));
#3831=CARTESIAN_POINT('Ctrl Pts',(5.12964144568956,3.78156641849982,58.6871917276874));
#3832=CARTESIAN_POINT('Ctrl Pts',(2.69416846263099,5.77537122900266,58.8261888683041));
#3833=CARTESIAN_POINT('Ctrl Pts',(-0.398489672279777,6.36039846225069,58.9651860089209));
#3834=CARTESIAN_POINT('Ctrl Pts',(-3.3939447147924,5.39394094668554,59.1041831495377));
#3835=CARTESIAN_POINT('Ctrl Pts',(-5.56151907443361,3.1117465094587,59.2431802901545));
#3836=CARTESIAN_POINT('Ctrl Pts',(-6.3724790473058,0.0705074789598496,59.3821774307712));
#3837=CARTESIAN_POINT('Ctrl Pts',(-5.62900818429425,-2.98793027494653,59.521174571388));
#3838=CARTESIAN_POINT('Ctrl Pts',(-3.51246040140008,-5.31752597446208,59.6601717120048));
#3839=CARTESIAN_POINT('Ctrl Pts',(-0.539122550079261,-6.35002420219522,
59.7991688526216));
#3840=CARTESIAN_POINT('Ctrl Pts',(2.56572279003497,-5.83356898414917,59.9381659932384));
#3841=CARTESIAN_POINT('Ctrl Pts',(5.0447145819014,-3.89413858265036,60.0771631338551));
#3842=CARTESIAN_POINT('Ctrl Pts',(6.29315546115618,-1.00481583357242,60.216160274472));
#3843=CARTESIAN_POINT('Ctrl Pts',(6.00651480698898,2.12961038480631,60.3551574150886));
#3844=CARTESIAN_POINT('Ctrl Pts',(4.25471251534383,4.74456340758051,60.4941545557055));
#3845=CARTESIAN_POINT('Ctrl Pts',(1.46506352618458,6.20218101813871,60.6331516963223));
#3846=CARTESIAN_POINT('Ctrl Pts',(-1.68195657484415,6.14690837717903,60.7721488369391));
#3847=CARTESIAN_POINT('Ctrl Pts',(-4.4186991141658,4.592228070964,60.9111459775558));
#3848=CARTESIAN_POINT('Ctrl Pts',(-6.07759391021436,1.91737132025758,61.0501431181726));
#3849=CARTESIAN_POINT('Ctrl Pts',(-6.25398883211386,-1.22518741628502,61.1891402587894));
#3850=CARTESIAN_POINT('Ctrl Pts',(-4.90485608738908,-4.06888772015617,61.3281373994062));
#3851=CARTESIAN_POINT('Ctrl Pts',(-2.35928793751934,-5.92006933617364,61.467134540023));
#3852=CARTESIAN_POINT('Ctrl Pts',(0.761778365423072,-6.32717585018828,61.6061316806397));
#3853=CARTESIAN_POINT('Ctrl Pts',(3.69702502533681,-5.19090227988002,61.7451288212565));
#3854=CARTESIAN_POINT('Ctrl Pts',(5.73046099902213,-2.78841841478593,61.8841259618733));
#3855=CARTESIAN_POINT('Ctrl Pts',(6.36607279501947,0.294240863484168,62.02312310249));
#3856=CARTESIAN_POINT('Ctrl Pts',(5.44881642363577,3.3051263362764,62.1621202431069));
#3857=CARTESIAN_POINT('Ctrl Pts',(3.20243708325514,5.50979647945577,62.3011173837236));
#3858=CARTESIAN_POINT('Ctrl Pts',(0.174891274197285,6.37046886496123,62.4401145243405));
#3859=CARTESIAN_POINT('Ctrl Pts',(-2.89531554443402,5.67720075524809,62.5791116649572));
#3860=CARTESIAN_POINT('Ctrl Pts',(-5.25927166687591,3.59910017243577,62.718108805574));
#3861=CARTESIAN_POINT('Ctrl Pts',(-6.34034023555151,0.643075590173785,62.8571059461908));
#3862=CARTESIAN_POINT('Ctrl Pts',(-5.87481754786325,-2.46981361575097,62.9961030868075));
#3863=CARTESIAN_POINT('Ctrl Pts',(-3.9762579702441,-4.98024427827603,63.1351002274244));
#3864=CARTESIAN_POINT('Ctrl Pts',(-1.10777476370918,-6.27585018862941,63.2740973680411));
#3865=CARTESIAN_POINT('Ctrl Pts',(2.03092655414512,-6.04059581903135,63.4130945086579));
#3866=CARTESIAN_POINT('Ctrl Pts',(4.67422650010688,-4.33186647334952,63.5520916492747));
#3867=CARTESIAN_POINT('Ctrl Pts',(6.17734822743057,-1.56647036176579,63.6910887898915));
#3868=CARTESIAN_POINT('Ctrl Pts',(6.17363713488644,1.58103290414323,63.8300859305082));
#3869=CARTESIAN_POINT('Ctrl Pts',(4.66399846463221,4.34287679299517,63.969083071125));
#3870=CARTESIAN_POINT('Ctrl Pts',(2.01667648763027,6.04536818245793,64.1080802117418));
#3871=CARTESIAN_POINT('Ctrl Pts',(-1.12257086038087,6.2732204791998,64.2470773523586));
#3872=CARTESIAN_POINT('Ctrl Pts',(-3.98799090372945,4.97085395772116,64.3860744929753));
#3873=CARTESIAN_POINT('Ctrl Pts',(-5.88062531839547,2.45595325320447,64.5250716335921));
#3874=CARTESIAN_POINT('Ctrl Pts',(-6.338806160914,-0.658025053819286,64.6640687742089));
#3875=CARTESIAN_POINT('Ctrl Pts',(-5.25076995201908,-3.61149213324494,64.8030659148257));
#3876=CARTESIAN_POINT('Ctrl Pts',(-2.88192000192649,-5.68401245769848,64.9420630554425));
#3877=CARTESIAN_POINT('Ctrl Pts',(0.189913086245588,-6.37003873907571,65.0810601960592));
#3878=CARTESIAN_POINT('Ctrl Pts',(3.21542091344639,-5.5022294451476,65.220057336676));
#3879=CARTESIAN_POINT('Ctrl Pts',(5.45659514166706,-3.29226821107733,65.3590544772928));
#3880=CARTESIAN_POINT('Ctrl Pts',(6.36674894973798,-0.279228113094413,65.4980516179096));
#3881=CARTESIAN_POINT('Ctrl Pts',(5.72386965308546,2.80192374752712,65.6370487585264));
#3882=CARTESIAN_POINT('Ctrl Pts',(3.68477400540316,5.1996058590616,65.7760458991432));
#3883=CARTESIAN_POINT('Ctrl Pts',(0.746856030906035,6.32895461635592,65.9150430397599));
#3884=CARTESIAN_POINT('Ctrl Pts',(-2.37324156558359,5.91448941028109,66.0540401803767));
#3885=CARTESIAN_POINT('Ctrl Pts',(-4.91443739058938,4.05731017897256,66.1930373209935));
#3886=CARTESIAN_POINT('Ctrl Pts',(-6.25686050301693,1.21043641269782,66.3320344616103));
#3887=CARTESIAN_POINT('Ctrl Pts',(-6.0730557844844,-1.931697713426,66.471031602227));
#3888=CARTESIAN_POINT('Ctrl Pts',(-4.40785750329575,-4.6026349810154,66.6100287428439));
#3889=CARTESIAN_POINT('Ctrl Pts',(-1.66745745861696,-6.15085779079343,66.7490258834606));
#3890=CARTESIAN_POINT('Ctrl Pts',(1.47968632807367,-6.19870844681142,66.8880230240774));
#3891=CARTESIAN_POINT('Ctrl Pts',(4.26588593909063,-4.73451824318491,67.0270201646942));
#3892=CARTESIAN_POINT('Ctrl Pts',(6.01152620232119,-2.11543804624799,67.1660173053109));
#3893=CARTESIAN_POINT('Ctrl Pts',(6.29075544658814,1.01964806773456,67.3050144459277));
#3894=CARTESIAN_POINT('Ctrl Pts',(5.03554511433934,3.90603413524165,67.4440115865445));
#3895=CARTESIAN_POINT('Ctrl Pts',(2.55190251440484,5.83958111419165,67.5830087271613));
#3896=CARTESIAN_POINT('Ctrl Pts',(-0.553971011499227,6.34877914864768,67.7220058677781));
#3897=CARTESIAN_POINT('Ctrl Pts',(-3.52521449851833,5.30911822128184,67.8610030083948));
#3898=CARTESIAN_POINT('Ctrl Pts',(-4.93175836821132,3.75283458713794,67.953667768806));
#3899=CARTESIAN_POINT('Ctrl Pts',(-5.4064364624514,2.85346637267306,68.0000001490116));
#3900=CARTESIAN_POINT('Ctrl Pts',(-5.4064364624514,2.85346637267306,68.0000001490116));
#3901=CARTESIAN_POINT('Ctrl Pts',(-5.31626542084575,2.99590087307462,68.0000001490116));
#3902=CARTESIAN_POINT('Ctrl Pts',(-5.2202709754327,3.13420995667456,68.0000001490116));
#3903=CARTESIAN_POINT('Ctrl Pts',(-5.11881244635197,3.26812811149439,68.0000001490116));
#3904=CARTESIAN_POINT('Ctrl Pts',(-5.016545414491,3.40311343337724,68.0000001490116));
#3905=CARTESIAN_POINT('Ctrl Pts',(-4.90872630525062,3.53363808151381,68.0000001490116));
#3906=CARTESIAN_POINT('Ctrl Pts',(-4.79568304642796,3.65939559459628,68.0000001490116));
#3907=CARTESIAN_POINT('Ctrl Pts',(-4.68339064925796,3.78431779476321,68.0000001490116));
#3908=CARTESIAN_POINT('Ctrl Pts',(-4.56594265093077,3.90453639243523,68.0000001490116));
#3909=CARTESIAN_POINT('Ctrl Pts',(-4.44363012535679,4.01971021478906,68.0000001490116));
#3910=CARTESIAN_POINT('Ctrl Pts',(-4.32278341703509,4.13350377150757,68.0000001490116));
#3911=CARTESIAN_POINT('Ctrl Pts',(-4.1971874907599,4.24237308738976,68.0000001490116));
#3912=CARTESIAN_POINT('Ctrl Pts',(-4.06710231871596,4.34594362175347,68.0000001490116));
#3913=CARTESIAN_POINT('Ctrl Pts',(-4.0028437201091,4.39710469792076,68.0000001490116));
#3914=CARTESIAN_POINT('Ctrl Pts',(-3.93748943590602,4.44697208501855,68.0000001490116));
#3915=CARTESIAN_POINT('Ctrl Pts',(-3.87106955594757,4.49549607364553,68.0000001490116));
#3916=CARTESIAN_POINT('Ctrl Pts',(-3.85149952293779,4.50979323979202,68.0000001490116));
#3917=CARTESIAN_POINT('Ctrl Pts',(-3.83183697778036,4.52397375988302,68.0000001490116));
#3918=CARTESIAN_POINT('Ctrl Pts',(-3.81208268073068,4.5380363089793,68.0000001490116));
#3919=CARTESIAN_POINT('Ctrl Pts',(-3.79505551789536,4.5501574850829,68.0000001490116));
#3920=CARTESIAN_POINT('Ctrl Pts',(-3.77796719595874,4.5621860102456,68.0000001490116));
#3921=CARTESIAN_POINT('Ctrl Pts',(-3.76082110442665,4.57411937745988,68.0000001490116));
#3922=CARTESIAN_POINT('Ctrl Pts',(-3.62527052153595,4.66846011270662,68.0000001490116));
#3923=CARTESIAN_POINT('Ctrl Pts',(-3.48605591933427,4.75689689580858,68.0000001490116));
#3924=CARTESIAN_POINT('Ctrl Pts',(-3.34347455378771,4.83913641169183,68.0000001490116));
#3925=CARTESIAN_POINT('Ctrl Pts',(-3.31196930130526,4.85730832849179,68.0000001490116));
#3926=CARTESIAN_POINT('Ctrl Pts',(-3.28029956673731,4.87517749032255,68.0000001490116));
#3927=CARTESIAN_POINT('Ctrl Pts',(-3.24846839692601,4.89274042747319,68.0000001490116));
#3928=CARTESIAN_POINT('Ctrl Pts',(-3.10387275925132,4.97252147579128,68.0000001490116));
#3929=CARTESIAN_POINT('Ctrl Pts',(-2.9559471077093,5.04598754892865,68.0000001490116));
#3930=CARTESIAN_POINT('Ctrl Pts',(-2.80513244389843,5.11302315480781,68.0000001490116));
#3931=CARTESIAN_POINT('Ctrl Pts',(-2.65461244112057,5.1799277868123,68.0000001490116));
#3932=CARTESIAN_POINT('Ctrl Pts',(-2.5012139299816,5.24042716711167,68.0000001490116));
#3933=CARTESIAN_POINT('Ctrl Pts',(-2.34536687400148,5.29435550133353,68.0000001490116));
#3934=CARTESIAN_POINT('Ctrl Pts',(-2.1964811507702,5.34587497979134,68.0000001490116));
#3935=CARTESIAN_POINT('Ctrl Pts',(-2.04536011118974,5.39139709239595,68.0000001490116));
#3936=CARTESIAN_POINT('Ctrl Pts',(-1.89238106984324,5.43073221065798,68.0000001490116));
#3937=CARTESIAN_POINT('Ctrl Pts',(-1.84871552649022,5.44195982260173,68.0000001490116));
#3938=CARTESIAN_POINT('Ctrl Pts',(-1.80489865297675,5.45268308096624,68.0000001490116));
#3939=CARTESIAN_POINT('Ctrl Pts',(-1.76093936735583,5.4628968981172,68.0000001490116));
#3940=CARTESIAN_POINT('Ctrl Pts',(-1.74096079901529,5.46753886263246,68.0000001490116));
#3941=CARTESIAN_POINT('Ctrl Pts',(-1.72096123212629,5.47207363033503,68.0000001490116));
#3942=CARTESIAN_POINT('Ctrl Pts',(-1.70094468289579,5.47650031877015,68.0000001490116));
#3943=CARTESIAN_POINT('Ctrl Pts',(-1.54314540159827,5.51139785508107,68.0000001490116));
#3944=CARTESIAN_POINT('Ctrl Pts',(-1.38422776227295,5.53959743391355,68.0000001490116));
#3945=CARTESIAN_POINT('Ctrl Pts',(-1.22460648034815,5.56099781498277,68.0000001490116));
#3946=CARTESIAN_POINT('Ctrl Pts',(-1.06631941332577,5.58221931822947,68.0000001490116));
#3947=CARTESIAN_POINT('Ctrl Pts',(-0.907339687819027,5.59675483458771,68.0000001490116));
#3948=CARTESIAN_POINT('Ctrl Pts',(-0.748070130349483,5.60445482126011,68.0000001490116));
#3949=CARTESIAN_POINT('Ctrl Pts',(-0.661998978581075,5.60861598508843,68.0000001490116));
#3950=CARTESIAN_POINT('Ctrl Pts',(-0.575843220810162,5.61077998697093,68.0000001490116));
#3951=CARTESIAN_POINT('Ctrl Pts',(-0.489667363054396,5.61091692497745,68.0000001490116));
#3952=CARTESIAN_POINT('Ctrl Pts',(-0.329047398693863,5.61117215861597,68.0000001490116));
#3953=CARTESIAN_POINT('Ctrl Pts',(-0.168356240714318,5.60438807954555,68.0000001490116));
#3954=CARTESIAN_POINT('Ctrl Pts',(-0.00804769631142604,5.59062249549533,
68.0000001490116));
#3955=CARTESIAN_POINT('Ctrl Pts',(0.0866017332350508,5.58249501431471,68.0000001490116));
#3956=CARTESIAN_POINT('Ctrl Pts',(0.181117434271216,5.57193289535581,68.0000001490116));
#3957=CARTESIAN_POINT('Ctrl Pts',(0.275401840577711,5.55894053204054,68.0000001490116));
#3958=CARTESIAN_POINT('Ctrl Pts',(0.313658464931702,5.55366878051456,68.0000001490116));
#3959=CARTESIAN_POINT('Ctrl Pts',(0.351876967237286,5.54799685351146,68.0000001490116));
#3960=CARTESIAN_POINT('Ctrl Pts',(0.390050645778232,5.54192479585663,68.0000001490116));
#3961=CARTESIAN_POINT('Ctrl Pts',(0.41150277147819,5.53851253513019,68.0000001490116));
#3962=CARTESIAN_POINT('Ctrl Pts',(0.432942957199993,5.53497348455283,68.0000001490116));
#3963=CARTESIAN_POINT('Ctrl Pts',(0.454351748511325,5.53131089433224,68.0000001490116));
#3964=CARTESIAN_POINT('Ctrl Pts',(0.609762326651139,5.50472343988924,68.0000001490116));
#3965=CARTESIAN_POINT('Ctrl Pts',(0.763715433224188,5.47160051283741,68.0000001490116));
#3966=CARTESIAN_POINT('Ctrl Pts',(0.915801776175372,5.43206952356969,68.0000001490116));
#3967=CARTESIAN_POINT('Ctrl Pts',(1.06748604269245,5.39264304387787,68.0000001490116));
#3968=CARTESIAN_POINT('Ctrl Pts',(1.2173141150452,5.34684203584656,68.0000001490116));
#3969=CARTESIAN_POINT('Ctrl Pts',(1.3648617481142,5.29474457594232,68.0000001490116));
#3970=CARTESIAN_POINT('Ctrl Pts',(1.50985885663154,5.24354767843819,68.0000001490116));
#3971=CARTESIAN_POINT('Ctrl Pts',(1.65265426603961,5.1862697563132,68.0000001490116));
#3972=CARTESIAN_POINT('Ctrl Pts',(1.79281829443425,5.12294335305276,68.0000001490116));
#3973=CARTESIAN_POINT('Ctrl Pts',(1.91703831174226,5.06682048758462,68.0000001490116));
#3974=CARTESIAN_POINT('Ctrl Pts',(2.03919146361627,5.00594625045693,68.0000001490116));
#3975=CARTESIAN_POINT('Ctrl Pts',(2.15895491969106,4.94031855675033,68.0000001490116));
#3976=CARTESIAN_POINT('Ctrl Pts',(2.20716942061165,4.91389808925266,68.0000001490116));
#3977=CARTESIAN_POINT('Ctrl Pts',(2.25499633091728,4.88670695824167,68.0000001490116));
#3978=CARTESIAN_POINT('Ctrl Pts',(2.30241843771739,4.85875573198712,68.0000001490116));
#3979=CARTESIAN_POINT('Ctrl Pts',(2.32588435313359,4.8449246064778,68.0000001490116));
#3980=CARTESIAN_POINT('Ctrl Pts',(2.34925113880586,4.83090735975679,68.0000001490116));
#3981=CARTESIAN_POINT('Ctrl Pts',(2.37251664517156,4.81670523754885,68.0000001490116));
#3982=CARTESIAN_POINT('Ctrl Pts',(2.3918236707414,4.80491951785272,68.0000001490116));
#3983=CARTESIAN_POINT('Ctrl Pts',(2.41106100501589,4.793006372857,68.0000001490116));
#3984=CARTESIAN_POINT('Ctrl Pts',(2.43021501315945,4.78097450032769,68.0000001490116));
#3985=CARTESIAN_POINT('Ctrl Pts',(2.56098881445935,4.69882700954558,68.0000001490116));
#3986=CARTESIAN_POINT('Ctrl Pts',(2.68802792747334,4.61105958343404,68.0000001490116));
#3987=CARTESIAN_POINT('Ctrl Pts',(2.81100592895902,4.5179740124205,68.0000001490116));
#3988=CARTESIAN_POINT('Ctrl Pts',(2.93482155594887,4.42425441867598,68.0000001490116));
#3989=CARTESIAN_POINT('Ctrl Pts',(3.05452114512869,4.32514340309028,68.0000001490116));
#3990=CARTESIAN_POINT('Ctrl Pts',(3.16973008166149,4.22091544535516,68.0000001490116));
#3991=CARTESIAN_POINT('Ctrl Pts',(3.21293343286128,4.18182996120449,68.0000001490116));
#3992=CARTESIAN_POINT('Ctrl Pts',(3.25550482533202,4.14202461641719,68.0000001490116));
#3993=CARTESIAN_POINT('Ctrl Pts',(3.29742275681436,4.10151294055501,68.0000001490116));
#3994=CARTESIAN_POINT('Ctrl Pts',(3.32589703824295,4.07399390946614,68.0000001490116));
#3995=CARTESIAN_POINT('Ctrl Pts',(3.35406977275736,4.04614894607853,68.0000001490116));
#3996=CARTESIAN_POINT('Ctrl Pts',(3.38193394768244,4.01798218070831,68.0000001490116));
#3997=CARTESIAN_POINT('Ctrl Pts',(3.40001206454741,3.99970774489815,68.0000001490116));
#3998=CARTESIAN_POINT('Ctrl Pts',(3.41795406677506,3.9813041189407,68.0000001490116));
#3999=CARTESIAN_POINT('Ctrl Pts',(3.43575577614066,3.96277535135094,68.0000001490116));
#4000=CARTESIAN_POINT('Ctrl Pts',(3.54054681781257,3.85370442918552,68.0000001490116));
#4001=CARTESIAN_POINT('Ctrl Pts',(3.64050957262968,3.74026951243936,68.0000001490116));
#4002=CARTESIAN_POINT('Ctrl Pts',(3.7353048289182,3.62273610569826,68.0000001490116));
#4003=CARTESIAN_POINT('Ctrl Pts',(3.82862872606508,3.50702698699886,68.0000001490116));
#4004=CARTESIAN_POINT('Ctrl Pts',(3.91694462904437,3.38734501674185,68.0000001490116));
#4005=CARTESIAN_POINT('Ctrl Pts',(3.99988310340153,3.26392256187299,68.0000001490116));
#4006=CARTESIAN_POINT('Ctrl Pts',(4.02364185076443,3.22856667973425,68.0000001490116));
#4007=CARTESIAN_POINT('Ctrl Pts',(4.04695901434688,3.19290374842814,68.0000001490116));
#4008=CARTESIAN_POINT('Ctrl Pts',(4.06982514349355,3.15693901096443,68.0000001490116));
#4009=CARTESIAN_POINT('Ctrl Pts',(4.09566406714045,3.11629854666263,68.0000001490116));
#4010=CARTESIAN_POINT('Ctrl Pts',(4.12092706224319,3.07527269613293,68.0000001490116));
#4011=CARTESIAN_POINT('Ctrl Pts',(4.14560736222746,3.03387467362188,68.0000001490116));
#4012=CARTESIAN_POINT('Ctrl Pts',(-3.87994761181451,3.36633437021264,58.));
#4013=CARTESIAN_POINT('Ctrl Pts',(-3.98672220852732,3.26433692395008,58.));
#4014=CARTESIAN_POINT('Ctrl Pts',(-4.08877151389258,3.15784624815592,58.));
#4015=CARTESIAN_POINT('Ctrl Pts',(-4.18597367704696,3.04730277666528,58.));
#4016=CARTESIAN_POINT('Ctrl Pts',(-4.28490013873336,2.9347983411443,58.));
#4017=CARTESIAN_POINT('Ctrl Pts',(-4.37880645676409,2.81809564833343,58.));
#4018=CARTESIAN_POINT('Ctrl Pts',(-4.46754103990411,2.6976099895618,58.));
#4019=CARTESIAN_POINT('Ctrl Pts',(-4.55757638800724,2.57535812512444,58.));
#4020=CARTESIAN_POINT('Ctrl Pts',(-4.64228780965245,2.44921108859939,58.));
#4021=CARTESIAN_POINT('Ctrl Pts',(-4.7214854211303,2.31955947014212,58.));
#4022=CARTESIAN_POINT('Ctrl Pts',(-4.80056211566734,2.19010580054696,58.));
#4023=CARTESIAN_POINT('Ctrl Pts',(-4.87414230635547,2.05715762713919,58.));
#4024=CARTESIAN_POINT('Ctrl Pts',(-4.94199816032259,1.92106941921201,58.));
#4025=CARTESIAN_POINT('Ctrl Pts',(-4.96154293654554,1.88187142206045,58.));
#4026=CARTESIAN_POINT('Ctrl Pts',(-4.98061253012531,1.8424127312945,58.));
#4027=CARTESIAN_POINT('Ctrl Pts',(-4.99920080925657,1.80270140015515,58.));
#4028=CARTESIAN_POINT('Ctrl Pts',(-5.01065092881465,1.77823977645423,58.));
#4029=CARTESIAN_POINT('Ctrl Pts',(-5.02191841271082,1.75368228788589,58.));
#4030=CARTESIAN_POINT('Ctrl Pts',(-5.03300176501998,1.72903078714056,58.));
#4031=CARTESIAN_POINT('Ctrl Pts',(-5.04014325611037,1.71314674158949,58.));
#4032=CARTESIAN_POINT('Ctrl Pts',(-5.04720754606646,1.69722526319853,58.));
#4033=CARTESIAN_POINT('Ctrl Pts',(-5.05419063269992,1.68127540375212,58.));
#4034=CARTESIAN_POINT('Ctrl Pts',(-5.11666003848876,1.53859090127734,58.));
#4035=CARTESIAN_POINT('Ctrl Pts',(-5.17271900804995,1.39344961665776,58.));
#4036=CARTESIAN_POINT('Ctrl Pts',(-5.22220517106526,1.24628210556545,58.));
#4037=CARTESIAN_POINT('Ctrl Pts',(-5.23291797825501,1.21442315601548,58.));
#4038=CARTESIAN_POINT('Ctrl Pts',(-5.24332262986123,1.18246910308025,58.));
#4039=CARTESIAN_POINT('Ctrl Pts',(-5.25341725856079,1.15042408319873,58.));
#4040=CARTESIAN_POINT('Ctrl Pts',(-5.29956309197908,1.00393586720282,58.));
#4041=CARTESIAN_POINT('Ctrl Pts',(-5.33923394755464,0.855549033770467,58.));
#4042=CARTESIAN_POINT('Ctrl Pts',(-5.3724970936114,0.705704913096011,58.));
#4043=CARTESIAN_POINT('Ctrl Pts',(-5.40614956841688,0.554106940759231,58.));
#4044=CARTESIAN_POINT('Ctrl Pts',(-5.43324367284138,0.401016697436429,58.));
#4045=CARTESIAN_POINT('Ctrl Pts',(-5.45380144101648,0.246867031684822,58.));
#4046=CARTESIAN_POINT('Ctrl Pts',(-5.47391104561996,0.0960778603302279,
58.));
#4047=CARTESIAN_POINT('Ctrl Pts',(-5.48776614843294,-0.0557257812640689,
58.));
#4048=CARTESIAN_POINT('Ctrl Pts',(-5.4953412363166,-0.208151110586018,58.));
#4049=CARTESIAN_POINT('Ctrl Pts',(-5.49696751193705,-0.240874902154322,
58.));
#4050=CARTESIAN_POINT('Ctrl Pts',(-5.49830416638093,-0.273627371048049,
58.));
#4051=CARTESIAN_POINT('Ctrl Pts',(-5.49935066431154,-0.306404657365399,
58.));
#4052=CARTESIAN_POINT('Ctrl Pts',(-5.49992529619229,-0.324402661118354,
58.));
#4053=CARTESIAN_POINT('Ctrl Pts',(-5.50041232979844,-0.342405538803578,
58.));
#4054=CARTESIAN_POINT('Ctrl Pts',(-5.50081163258558,-0.360404046889331,
58.));
#4055=CARTESIAN_POINT('Ctrl Pts',(-5.5043381170124,-0.51935975797989,58.));
#4056=CARTESIAN_POINT('Ctrl Pts',(-5.50103215642018,-0.678165955632181,
58.));
#4057=CARTESIAN_POINT('Ctrl Pts',(-5.49097198967598,-0.836360334891116,
58.));
#4058=CARTESIAN_POINT('Ctrl Pts',(-5.48079920372148,-0.996325631722314,
58.));
#4059=CARTESIAN_POINT('Ctrl Pts',(-5.46372033871503,-1.15566607380509,58.));
#4060=CARTESIAN_POINT('Ctrl Pts',(-5.43976657173036,-1.31392226838684,58.));
#4061=CARTESIAN_POINT('Ctrl Pts',(-5.42671652043732,-1.40014050112051,58.));
#4062=CARTESIAN_POINT('Ctrl Pts',(-5.41162505915755,-1.48603717659872,58.));
#4063=CARTESIAN_POINT('Ctrl Pts',(-5.39449081180341,-1.57153907719199,58.));
#4064=CARTESIAN_POINT('Ctrl Pts',(-5.36319985463085,-1.72768461742718,58.));
#4065=CARTESIAN_POINT('Ctrl Pts',(-5.32509913519733,-1.88251399441912,58.));
#4066=CARTESIAN_POINT('Ctrl Pts',(-5.28041257463885,-2.03566198187647,58.));
#4067=CARTESIAN_POINT('Ctrl Pts',(-5.25246534180975,-2.13144161694542,58.));
#4068=CARTESIAN_POINT('Ctrl Pts',(-5.22194111267416,-2.22656356292392,58.));
#4069=CARTESIAN_POINT('Ctrl Pts',(-5.18888451852929,-2.32093658525557,58.));
#4070=CARTESIAN_POINT('Ctrl Pts',(-5.17858096615551,-2.35035211953609,58.));
#4071=CARTESIAN_POINT('Ctrl Pts',(-5.16803133072925,-2.37969487742835,58.));
#4072=CARTESIAN_POINT('Ctrl Pts',(-5.15723681509262,-2.40896204775678,58.));
#4073=CARTESIAN_POINT('Ctrl Pts',(-5.14764242322608,-2.43497532249818,58.));
#4074=CARTESIAN_POINT('Ctrl Pts',(-5.13785276673147,-2.46093336277728,58.));
#4075=CARTESIAN_POINT('Ctrl Pts',(-5.12787964662036,-2.4868062611857,58.));
#4076=CARTESIAN_POINT('Ctrl Pts',(-5.06933897280673,-2.6386761764644,58.));
#4077=CARTESIAN_POINT('Ctrl Pts',(-5.00442244155259,-2.78777919241642,58.));
#4078=CARTESIAN_POINT('Ctrl Pts',(-4.9334357210842,-2.93374780849122,58.));
#4079=CARTESIAN_POINT('Ctrl Pts',(-4.86176032394544,-3.08113253704218,58.));
#4080=CARTESIAN_POINT('Ctrl Pts',(-4.78389620326358,-3.22532245469074,58.));
#4081=CARTESIAN_POINT('Ctrl Pts',(-4.70010421565286,-3.36593666497493,58.));
#4082=CARTESIAN_POINT('Ctrl Pts',(-4.61620160640642,-3.50673651322272,58.));
#4083=CARTESIAN_POINT('Ctrl Pts',(-4.526355208401,-3.64395192922714,58.));
#4084=CARTESIAN_POINT('Ctrl Pts',(-4.43077668655868,-3.77718719782585,58.));
#4085=CARTESIAN_POINT('Ctrl Pts',(-4.34363548826281,-3.89866094252466,58.));
#4086=CARTESIAN_POINT('Ctrl Pts',(-4.25172878257776,-4.01682648560255,58.));
#4087=CARTESIAN_POINT('Ctrl Pts',(-4.15518342866657,-4.13136657158438,58.));
#4088=CARTESIAN_POINT('Ctrl Pts',(-4.1150433240755,-4.17898824207315,58.));
#4089=CARTESIAN_POINT('Ctrl Pts',(-4.07410101409332,-4.22598297336339,58.));
#4090=CARTESIAN_POINT('Ctrl Pts',(-4.03237522037114,-4.27233782161872,58.));
#4091=CARTESIAN_POINT('Ctrl Pts',(-4.01144153338195,-4.29559388932278,58.));
#4092=CARTESIAN_POINT('Ctrl Pts',(-3.99031063100855,-4.31868888769901,58.));
#4093=CARTESIAN_POINT('Ctrl Pts',(-3.96898480170275,-4.34162111243078,58.));
#4094=CARTESIAN_POINT('Ctrl Pts',(-3.95351532108721,-4.35825585150108,58.));
#4095=CARTESIAN_POINT('Ctrl Pts',(-3.93794913032778,-4.37479862196949,58.));
#4096=CARTESIAN_POINT('Ctrl Pts',(-3.92228955403171,-4.39124665979231,58.));
#4097=CARTESIAN_POINT('Ctrl Pts',(-3.80818643600565,-4.51109488336561,58.));
#4098=CARTESIAN_POINT('Ctrl Pts',(-3.68909216399567,-4.6259551708484,58.));
#4099=CARTESIAN_POINT('Ctrl Pts',(-3.56543436890235,-4.73563942225216,58.));
#4100=CARTESIAN_POINT('Ctrl Pts',(-3.44029153778609,-4.8466408980522,58.));
#4101=CARTESIAN_POINT('Ctrl Pts',(-3.31047446061185,-4.95234179969323,58.));
#4102=CARTESIAN_POINT('Ctrl Pts',(-3.17638140389417,-5.05251874797643,58.));
#4103=CARTESIAN_POINT('Ctrl Pts',(-3.12142214121883,-5.09357718418094,58.));
#4104=CARTESIAN_POINT('Ctrl Pts',(-3.06574410026608,-5.13370730822079,58.));
#4105=CARTESIAN_POINT('Ctrl Pts',(-3.00937283822885,-5.17289206289766,58.));
#4106=CARTESIAN_POINT('Ctrl Pts',(-2.96767866163321,-5.20187449157338,58.));
#4107=CARTESIAN_POINT('Ctrl Pts',(-2.92560522922792,-5.23033972564107,58.));
#4108=CARTESIAN_POINT('Ctrl Pts',(-2.8831625469981,-5.25828047901804,58.));
#4109=CARTESIAN_POINT('Ctrl Pts',(-2.85982760771868,-5.27364227401351,58.));
#4110=CARTESIAN_POINT('Ctrl Pts',(-2.83638833265375,-5.28884070228379,58.));
#4111=CARTESIAN_POINT('Ctrl Pts',(-2.8128504386205,-5.30387240437503,58.));
#4112=CARTESIAN_POINT('Ctrl Pts',(-2.66937801338606,-5.39549635133415,58.));
#4113=CARTESIAN_POINT('Ctrl Pts',(-2.52220007198807,-5.48095798756254,58.));
#4114=CARTESIAN_POINT('Ctrl Pts',(-2.37173671856245,-5.56003819704784,58.));
#4115=CARTESIAN_POINT('Ctrl Pts',(-2.22098001351933,-5.63927258565274,58.));
#4116=CARTESIAN_POINT('Ctrl Pts',(-2.06692449563062,-5.71210114935536,58.));
#4117=CARTESIAN_POINT('Ctrl Pts',(-1.90995672921994,-5.77826602219574,58.));
#4118=CARTESIAN_POINT('Ctrl Pts',(-1.85361066028453,-5.80201695253906,58.));
#4119=CARTESIAN_POINT('Ctrl Pts',(-1.79688903518559,-5.82490883585102,58.));
#4120=CARTESIAN_POINT('Ctrl Pts',(-1.73980882731869,-5.84692837406083,58.));
#4121=CARTESIAN_POINT('Ctrl Pts',(-1.68653404484744,-5.86747991288809,58.));
#4122=CARTESIAN_POINT('Ctrl Pts',(-1.6329468911727,-5.88727153896754,58.));
#4123=CARTESIAN_POINT('Ctrl Pts',(-1.57906403116262,-5.90630251546431,58.));
#4124=CARTESIAN_POINT('Ctrl Pts',(5.13653577719448,-0.000119156325562031,
60.8240415053031));
#4125=CARTESIAN_POINT('Ctrl Pts',(5.13676735160073,-0.271250330033222,60.8093419409806));
#4126=CARTESIAN_POINT('Ctrl Pts',(5.11567267471003,-0.542345821168264,60.7946423766581));
#4127=CARTESIAN_POINT('Ctrl Pts',(5.07293904834468,-0.809986263517437,60.7799428123356));
#4128=CARTESIAN_POINT('Ctrl Pts',(4.93824453761747,-1.65357716602655,60.73361043213));
#4129=CARTESIAN_POINT('Ctrl Pts',(4.58857081324762,-2.4628427575055,60.6872780519244));
#4130=CARTESIAN_POINT('Ctrl Pts',(4.06656561215759,-3.13908146703603,60.6409456717188));
#4131=CARTESIAN_POINT('Ctrl Pts',(3.54456041106756,-3.81532017656657,60.5946132915132));
#4132=CARTESIAN_POINT('Ctrl Pts',(2.85022373325735,-4.35853200414868,60.5482809113076));
#4133=CARTESIAN_POINT('Ctrl Pts',(2.06823991701935,-4.70246445841324,60.501948531102));
#4134=CARTESIAN_POINT('Ctrl Pts',(1.28625610078135,-5.04639691267781,60.4556161508964));
#4135=CARTESIAN_POINT('Ctrl Pts',(0.416625146115563,-5.19104999362483,60.4092837706909));
#4136=CARTESIAN_POINT('Ctrl Pts',(-0.434588951912057,-5.11878118052731,
60.3629513904853));
#4137=CARTESIAN_POINT('Ctrl Pts',(-1.28580304993968,-5.0465123674298,60.3166190102797));
#4138=CARTESIAN_POINT('Ctrl Pts',(-2.11860029132913,-4.75732166028776,60.2702866300741));
#4139=CARTESIAN_POINT('Ctrl Pts',(-2.83140908184029,-4.28648001902234,60.2239542498685));
#4140=CARTESIAN_POINT('Ctrl Pts',(-3.54421787235144,-3.81563837775693,60.1776218696629));
#4141=CARTESIAN_POINT('Ctrl Pts',(-4.13703821198429,-3.16314580236815,60.1312894894573));
#4142=CARTESIAN_POINT('Ctrl Pts',(-4.53756713902408,-2.40858314906413,60.0849571092517));
#4143=CARTESIAN_POINT('Ctrl Pts',(-4.93809606606388,-1.6540204957601,60.0386247290461));
#4144=CARTESIAN_POINT('Ctrl Pts',(-5.14633358051062,-0.797387764540826,
59.9922923488405));
#4145=CARTESIAN_POINT('Ctrl Pts',(-5.13688212438181,0.056836385796383,59.9459599686349));
#4146=CARTESIAN_POINT('Ctrl Pts',(-5.127430668253,0.911060536133592,59.8996275884293));
#4147=CARTESIAN_POINT('Ctrl Pts',(-4.90029024154864,1.76287610558874,59.8532952082237));
#4148=CARTESIAN_POINT('Ctrl Pts',(-4.48316388397729,2.50839190774907,59.8069628280181));
#4149=CARTESIAN_POINT('Ctrl Pts',(-4.06603752640595,3.2539077099094,59.7606304478125));
#4150=CARTESIAN_POINT('Ctrl Pts',(-3.45892523796762,3.89312374477492,59.7142980676069));
#4151=CARTESIAN_POINT('Ctrl Pts',(-2.73587308945104,4.34807849929731,59.6679656874013));
#4152=CARTESIAN_POINT('Ctrl Pts',(-2.01282094093447,4.80303325381971,59.6216333071958));
#4153=CARTESIAN_POINT('Ctrl Pts',(-1.17382893233965,5.07372672799899,59.5753009269902));
#4154=CARTESIAN_POINT('Ctrl Pts',(-0.321224197702332,5.12714381391053,59.5289685467846));
#4155=CARTESIAN_POINT('Ctrl Pts',(0.531380536934989,5.18056089982208,59.482636166579));
#4156=CARTESIAN_POINT('Ctrl Pts',(1.39759799761482,5.01670159746589,59.4363037863734));
#4157=CARTESIAN_POINT('Ctrl Pts',(2.17178051155937,4.65555121371646,59.3899714061678));
#4158=CARTESIAN_POINT('Ctrl Pts',(2.94596302550391,4.29440082996703,59.3436390259622));
#4159=CARTESIAN_POINT('Ctrl Pts',(3.62811059271318,3.73595936482435,59.2973066457566));
#4160=CARTESIAN_POINT('Ctrl Pts',(4.13502551712572,3.04833613331761,59.250974265551));
#4161=CARTESIAN_POINT('Ctrl Pts',(4.64194044153827,2.36071290181086,59.2046418853454));
#4162=CARTESIAN_POINT('Ctrl Pts',(4.9736227231541,1.54390790394005,59.1583095051399));
#4163=CARTESIAN_POINT('Ctrl Pts',(5.08961892965254,0.697543609161537,59.1119771249343));
#4164=CARTESIAN_POINT('Ctrl Pts',(5.12127704829333,0.46655069942539,59.0993319183906));
#4165=CARTESIAN_POINT('Ctrl Pts',(5.13686927877604,0.233355995447811,59.0866867118469));
#4166=CARTESIAN_POINT('Ctrl Pts',(5.13664279849324,0.000131256007958047,
59.0740415053032));
#4167=CARTESIAN_POINT('Ctrl Pts',(1.57888188187538,-5.90584097022479,58.));
#4168=CARTESIAN_POINT('Ctrl Pts',(2.56132672982542,-5.64319177628432,58.0463323802056));
#4169=CARTESIAN_POINT('Ctrl Pts',(4.39157587649353,-4.61821705929348,58.1389971406168));
#4170=CARTESIAN_POINT('Ctrl Pts',(6.0663329399722,-1.95281494155803,58.2779942812335));
#4171=CARTESIAN_POINT('Ctrl Pts',(6.26102173314803,1.18849538923692,58.4169914218503));
#4172=CARTESIAN_POINT('Ctrl Pts',(4.92861376423614,4.04012173138078,58.5559885624671));
#4173=CARTESIAN_POINT('Ctrl Pts',(2.39390498891217,5.90614135858709,58.6949857030839));
#4174=CARTESIAN_POINT('Ctrl Pts',(-0.724712563803956,6.33153356385031,58.8339828437007));
#4175=CARTESIAN_POINT('Ctrl Pts',(-3.66656786449974,5.21245875737757,58.9729799843175));
#4176=CARTESIAN_POINT('Ctrl Pts',(-5.71403423231996,2.82192684595467,59.1119771249342));
#4177=CARTESIAN_POINT('Ctrl Pts',(-6.367687021323,-0.256959604748929,59.2509742655511));
#4178=CARTESIAN_POINT('Ctrl Pts',(-5.46807615052329,-3.27316361681722,59.3899714061677));
#4179=CARTESIAN_POINT('Ctrl Pts',(-3.2346451382114,-5.49095016805263,59.5289685467846));
#4180=CARTESIAN_POINT('Ctrl Pts',(-0.212190791297626,-6.36933552575489,
59.6679656874013));
#4181=CARTESIAN_POINT('Ctrl Pts',(2.86202280101043,-5.69405712524496,59.8069628280182));
#4182=CARTESIAN_POINT('Ctrl Pts',(5.23810684440073,-3.62983436335574,59.9459599686349));
#4183=CARTESIAN_POINT('Ctrl Pts',(6.33646599970372,-0.680190713748561,60.0849571092517));
#4184=CARTESIAN_POINT('Ctrl Pts',(5.88917895664999,2.43537103590705,60.2239542498685));
#4185=CARTESIAN_POINT('Ctrl Pts',(4.00535185341246,4.95687576286958,60.3629513904853));
#4186=CARTESIAN_POINT('Ctrl Pts',(1.14450429142987,6.26925599737325,60.501948531102));
#4187=CARTESIAN_POINT('Ctrl Pts',(-1.99552077181704,6.05238446140103,60.6409456717188));
#4188=CARTESIAN_POINT('Ctrl Pts',(-4.64878095026758,4.35916236216477,60.7799428123356));
#4189=CARTESIAN_POINT('Ctrl Pts',(-6.16806981170544,1.60261524427763,60.9189399529524));
#4190=CARTESIAN_POINT('Ctrl Pts',(-6.18278912536547,-1.5448558035138,61.0579370935692));
#4191=CARTESIAN_POINT('Ctrl Pts',(-4.68934842785107,-4.31549210928915,61.1969342341859));
#4192=CARTESIAN_POINT('Ctrl Pts',(-2.05204083873965,-6.03345582720644,61.3359313748028));
#4193=CARTESIAN_POINT('Ctrl Pts',(1.08581850324681,-6.27968621834697,61.4749285154195));
#4194=CARTESIAN_POINT('Ctrl Pts',(3.95881549705459,-4.99412061159043,61.6139256560363));
#4195=CARTESIAN_POINT('Ctrl Pts',(5.86614358258999,-2.49034541605721,61.7529227966531));
#4196=CARTESIAN_POINT('Ctrl Pts',(6.34255060768778,0.620896619225516,61.8919199372698));
#4197=CARTESIAN_POINT('Ctrl Pts',(5.27182720311223,3.58068411946159,62.0309170778866));
#4198=CARTESIAN_POINT('Ctrl Pts',(2.91515358853485,5.66703982499645,62.1699142185034));
#4199=CARTESIAN_POINT('Ctrl Pts',(-0.152609791495088,6.37104160042774,62.3089113591202));
#4200=CARTESIAN_POINT('Ctrl Pts',(-3.1831472561334,5.5209631739953,62.4479084997369));
#4201=CARTESIAN_POINT('Ctrl Pts',(-5.43722359547598,3.32416311206911,62.5869056403538));
#4202=CARTESIAN_POINT('Ctrl Pts',(-6.36500478988186,0.316504103642564,62.7259027809705));
#4203=CARTESIAN_POINT('Ctrl Pts',(-5.74017833406295,-2.76835935456293,62.8648999215873));
#4204=CARTESIAN_POINT('Ctrl Pts',(-3.71515736318439,-5.17794038104133,63.0038970622041));
#4205=CARTESIAN_POINT('Ctrl Pts',(-0.783902707605631,-6.32447289249075,
63.1428942028209));
#4206=CARTESIAN_POINT('Ctrl Pts',(2.33856835409356,-5.92828464870521,63.2818913434376));
#4207=CARTESIAN_POINT('Ctrl Pts',(4.89059536476686,-4.08601735201438,63.4208884840545));
#4208=CARTESIAN_POINT('Ctrl Pts',(6.24966557051183,-1.24705295781725,63.5598856246712));
#4209=CARTESIAN_POINT('Ctrl Pts',(6.08426267742297,1.89610350322959,63.698882765288));
#4210=CARTESIAN_POINT('Ctrl Pts',(4.43473320614821,4.57674581041247,63.8378799059048));
#4211=CARTESIAN_POINT('Ctrl Pts',(1.70344481561592,6.1409882415612,63.9768770465216));
#4212=CARTESIAN_POINT('Ctrl Pts',(-1.44336273629481,6.20726709867696,64.1158741871383));
#4213=CARTESIAN_POINT('Ctrl Pts',(-4.23809262284637,4.75941506311608,64.2548713277551));
#4214=CARTESIAN_POINT('Ctrl Pts',(-5.99902988145662,2.15060486938766,64.3938684683719));
#4215=CARTESIAN_POINT('Ctrl Pts',(-6.29663129109995,-0.982799677848677,
64.5328656089886));
#4216=CARTESIAN_POINT('Ctrl Pts',(-5.05830331248262,-3.87647113000649,64.6718627496055));
#4217=CARTESIAN_POINT('Ctrl Pts',(-2.5861097391971,-5.82455983226791,64.8108598902222));
#4218=CARTESIAN_POINT('Ctrl Pts',(0.516910345287421,-6.35187094624621,64.949857030839));
#4219=CARTESIAN_POINT('Ctrl Pts',(3.49384113636208,-5.32977813203834,65.0888541714559));
#4220=CARTESIAN_POINT('Ctrl Pts',(5.61852363286369,-3.00759921027701,65.2278513120725));
#4221=CARTESIAN_POINT('Ctrl Pts',(6.37268669331928,0.0482196217072038,65.3668484526894));
#4222=CARTESIAN_POINT('Ctrl Pts',(5.57236826636452,3.09227630175596,65.5058455933061));
#4223=CARTESIAN_POINT('Ctrl Pts',(3.41278902428988,5.38203789460362,65.6448427339229));
#4224=CARTESIAN_POINT('Ctrl Pts',(0.420732427470172,6.35896572154306,65.7838398745397));
#4225=CARTESIAN_POINT('Ctrl Pts',(-2.67395290278867,5.78475900042775,65.9228370151565));
#4226=CARTESIAN_POINT('Ctrl Pts',(-5.11638425078308,3.79948325855513,66.0618341557732));
#4227=CARTESIAN_POINT('Ctrl Pts',(-6.31078238963159,0.887404320968959,66.2008312963901));
#4228=CARTESIAN_POINT('Ctrl Pts',(-5.96579928866301,-2.24113803978515,66.3398284370068));
#4229=CARTESIAN_POINT('Ctrl Pts',(-4.16558621845691,-4.82300240815542,66.4788255776236));
#4230=CARTESIAN_POINT('Ctrl Pts',(-1.34926695274447,-6.22839782841362,66.6178227182403));
#4231=CARTESIAN_POINT('Ctrl Pts',(1.79617738703953,-6.11450798129697,66.7568198588572));
#4232=CARTESIAN_POINT('Ctrl Pts',(4.50348226739163,-4.50911381968165,66.8958169994739));
#4233=CARTESIAN_POINT('Ctrl Pts',(6.11225868711916,-1.80381724682083,67.0348141400907));
#4234=CARTESIAN_POINT('Ctrl Pts',(6.23007880329614,1.34148237226497,67.1738112807075));
#4235=CARTESIAN_POINT('Ctrl Pts',(4.82820505002339,4.15955553333848,67.3128084213242));
#4236=CARTESIAN_POINT('Ctrl Pts',(2.24859023682209,5.96299423770579,67.451805561941));
#4237=CARTESIAN_POINT('Ctrl Pts',(-0.879513994307382,6.31188571951059,67.5908027025578));
#4238=CARTESIAN_POINT('Ctrl Pts',(-3.7930928548491,5.12112996952732,67.7297998431746));
#4239=CARTESIAN_POINT('Ctrl Pts',(-5.78139929508418,2.68117680027849,67.8687969837914));
#4240=CARTESIAN_POINT('Ctrl Pts',(-6.35951500227051,-0.412778605658701,
68.0077941244081));
#4241=CARTESIAN_POINT('Ctrl Pts',(-5.38623926466015,-3.40607413557348,68.146791265025));
#4242=CARTESIAN_POINT('Ctrl Pts',(-3.09936498846273,-5.56846641391106,68.2857884056417));
#4243=CARTESIAN_POINT('Ctrl Pts',(-0.0559360802701582,-6.3726555407203,
68.4247855462585));
#4244=CARTESIAN_POINT('Ctrl Pts',(1.98116506191601,-5.87205185929795,68.5174503066697));
#4245=CARTESIAN_POINT('Ctrl Pts',(2.87833743259867,-5.39323642969611,68.5637826868753));
#4246=CARTESIAN_POINT('Ctrl Pts',(1.49481431510641,-5.5913844641424,57.8120724873788));
#4247=CARTESIAN_POINT('Ctrl Pts',(2.4249488865247,-5.3427200266944,57.8584048675844));
#4248=CARTESIAN_POINT('Ctrl Pts',(4.15774641625574,-4.37232008913848,57.9510696279956));
#4249=CARTESIAN_POINT('Ctrl Pts',(5.74333103886216,-1.84883730879687,58.0900667686123));
#4250=CARTESIAN_POINT('Ctrl Pts',(5.92765362712591,1.12521395150795,58.2290639092291));
#4251=CARTESIAN_POINT('Ctrl Pts',(4.66618972133607,3.82500544731511,58.3680610498459));
#4252=CARTESIAN_POINT('Ctrl Pts',(2.26644151630907,5.59166885832616,58.5070581904627));
#4253=CARTESIAN_POINT('Ctrl Pts',(-0.686125242899659,5.9944110553592,58.6460553310795));
#4254=CARTESIAN_POINT('Ctrl Pts',(-3.4713414563053,4.93492138764356,58.7850524716963));
#4255=CARTESIAN_POINT('Ctrl Pts',(-5.40979047611497,2.67167334931079,58.924049612313));
#4256=CARTESIAN_POINT('Ctrl Pts',(-6.02863952196658,-0.243277790436448,
59.0630467529298));
#4257=CARTESIAN_POINT('Ctrl Pts',(-5.17692843253444,-3.09888401803195,59.2020438935466));
#4258=CARTESIAN_POINT('Ctrl Pts',(-3.06241645584314,-5.19858452298639,59.3410410341634));
#4259=CARTESIAN_POINT('Ctrl Pts',(-0.200892692484821,-6.03020025177898,
59.4800381747801));
#4260=CARTESIAN_POINT('Ctrl Pts',(2.709634395215,-5.39087705011843,59.6190353153969));
#4261=CARTESIAN_POINT('Ctrl Pts',(4.95920384225744,-3.43656383045225,59.7580324560137));
#4262=CARTESIAN_POINT('Ctrl Pts',(5.99908086366258,-0.643973958777774,59.8970295966305));
#4263=CARTESIAN_POINT('Ctrl Pts',(5.57560961949061,2.30569970360627,60.0360267372472));
#4264=CARTESIAN_POINT('Ctrl Pts',(3.79208689152054,4.69294690983493,60.175023877864));
#4265=CARTESIAN_POINT('Ctrl Pts',(1.08356515973062,5.93544945794741,60.3140210184808));
#4266=CARTESIAN_POINT('Ctrl Pts',(-1.88926926709755,5.73012524704107,60.4530181590976));
#4267=CARTESIAN_POINT('Ctrl Pts',(-4.40125660571891,4.1270587595173,60.5920152997144));
#4268=CARTESIAN_POINT('Ctrl Pts',(-5.83965093079755,1.51728399461299,60.7310124403311));
#4269=CARTESIAN_POINT('Ctrl Pts',(-5.85358651459273,-1.46259995530807,60.870009580948));
#4270=CARTESIAN_POINT('Ctrl Pts',(-4.43966406793359,-4.08571372928283,61.0090067215647));
#4271=CARTESIAN_POINT('Ctrl Pts',(-1.94277992302219,-5.71220446798578,61.1480038621815));
#4272=CARTESIAN_POINT('Ctrl Pts',(1.02800409637537,-5.94532432179899,61.2870010027983));
#4273=CARTESIAN_POINT('Ctrl Pts',(3.7480283634855,-4.72820865656279,61.4259981434151));
#4274=CARTESIAN_POINT('Ctrl Pts',(5.55380076393656,-2.35774697285161,61.5649952840318));
#4275=CARTESIAN_POINT('Ctrl Pts',(6.00484149669079,0.587836978353984,61.7039924246486));
#4276=CARTESIAN_POINT('Ctrl Pts',(4.99112876044866,3.39003059132438,61.8429895652654));
#4277=CARTESIAN_POINT('Ctrl Pts',(2.75993623392509,5.36529828603823,61.9819867058822));
#4278=CARTESIAN_POINT('Ctrl Pts',(-0.144484083053318,6.03181548650483,62.120983846499));
#4279=CARTESIAN_POINT('Ctrl Pts',(-3.01366057852797,5.22699948640925,62.2599809871158));
#4280=CARTESIAN_POINT('Ctrl Pts',(-5.14771862179955,3.14716804512787,62.3989781277325));
#4281=CARTESIAN_POINT('Ctrl Pts',(-6.02610010594017,0.299651842449965,62.5379752683493));
#4282=CARTESIAN_POINT('Ctrl Pts',(-5.43454253514462,-2.62095805903105,62.6769724089661));
#4283=CARTESIAN_POINT('Ctrl Pts',(-3.51734380710268,-4.90224094227652,62.8159695495828));
#4284=CARTESIAN_POINT('Ctrl Pts',(-0.742163807458306,-5.98772632945051,
62.9549666901997));
#4285=CARTESIAN_POINT('Ctrl Pts',(2.21405128064531,-5.61263312894836,63.0939638308164));
#4286=CARTESIAN_POINT('Ctrl Pts',(4.63019561156986,-3.86845735559992,63.2329609714332));
#4287=CARTESIAN_POINT('Ctrl Pts',(5.91690212337624,-1.1806536223133,63.37195811205));
#4288=CARTESIAN_POINT('Ctrl Pts',(5.76030610743137,1.79514547103702,63.5109552526668));
#4289=CARTESIAN_POINT('Ctrl Pts',(4.19860583386649,4.33305697692958,63.6499523932835));
#4290=CARTESIAN_POINT('Ctrl Pts',(1.61274489536352,5.81401131887226,63.7889495339004));
#4291=CARTESIAN_POINT('Ctrl Pts',(-1.3665108865154,5.87676115820023,63.927946674517));
#4292=CARTESIAN_POINT('Ctrl Pts',(-4.01243537854318,4.50600000516094,64.0669438151339));
#4293=CARTESIAN_POINT('Ctrl Pts',(-5.67961153173853,2.03609591179788,64.2059409557507));
#4294=CARTESIAN_POINT('Ctrl Pts',(-5.96136715414285,-0.930470508398753,
64.3449380963674));
#4295=CARTESIAN_POINT('Ctrl Pts',(-4.78897394950661,-3.67006842231138,64.4839352369843));
#4296=CARTESIAN_POINT('Ctrl Pts',(-2.44841232454718,-5.51443114042589,64.622932377601));
#4297=CARTESIAN_POINT('Ctrl Pts',(0.48938745363551,-6.01366557381695,64.7619295182178));
#4298=CARTESIAN_POINT('Ctrl Pts',(3.30781156291329,-5.04599409212856,64.9009266588346));
#4299=CARTESIAN_POINT('Ctrl Pts',(5.31936533858534,-2.84745958848088,65.0399237994513));
#4300=CARTESIAN_POINT('Ctrl Pts',(6.03337298642436,0.045652167919823,65.1789209400682));
#4301=CARTESIAN_POINT('Ctrl Pts',(5.27566751460372,2.92762804817209,65.3179180806849));
#4302=CARTESIAN_POINT('Ctrl Pts',(3.2310750705981,5.095471283604,65.4569152213017));
#4303=CARTESIAN_POINT('Ctrl Pts',(0.398330529111436,6.02038258779878,65.5959123619185));
#4304=CARTESIAN_POINT('Ctrl Pts',(-2.53157827883943,5.47674950390148,65.7349095025352));
#4305=CARTESIAN_POINT('Ctrl Pts',(-4.84396236821163,3.59717977012267,65.873906643152));
#4306=CARTESIAN_POINT('Ctrl Pts',(-5.97476477742449,0.840154477354614,66.0129037837687));
#4307=CARTESIAN_POINT('Ctrl Pts',(-5.64815030187859,-2.12180864348203,66.1519009243856));
#4308=CARTESIAN_POINT('Ctrl Pts',(-3.94378957769992,-4.56620164197465,66.2908980650023));
#4309=CARTESIAN_POINT('Ctrl Pts',(-1.27742523301791,-5.8967667822191,66.4298952056191));
#4310=CARTESIAN_POINT('Ctrl Pts',(1.70053992096479,-5.78894100008204,66.5688923462359));
#4311=CARTESIAN_POINT('Ctrl Pts',(4.26369435130183,-4.26902605158671,66.7078894868527));
#4312=CARTESIAN_POINT('Ctrl Pts',(5.78681146957411,-1.70777299640736,66.8468866274695));
#4313=CARTESIAN_POINT('Ctrl Pts',(5.89835825359297,1.27005514253083,66.9858837680863));
#4314=CARTESIAN_POINT('Ctrl Pts',(4.57112726917317,3.93807999641431,67.124880908703));
#4315=CARTESIAN_POINT('Ctrl Pts',(2.12886404828316,5.64549460586132,67.2638780493198));
#4316=CARTESIAN_POINT('Ctrl Pts',(-0.832684271140975,5.9758093605034,67.4028751899366));
#4317=CARTESIAN_POINT('Ctrl Pts',(-3.59112962346589,4.84845540115843,67.5418723305533));
#4318=CARTESIAN_POINT('Ctrl Pts',(-5.473568686071,2.53841753990297,67.6808694711702));
#4319=CARTESIAN_POINT('Ctrl Pts',(-6.02090262207355,-0.390800208547196,
67.8198666117869));
#4320=CARTESIAN_POINT('Ctrl Pts',(-5.09944895170929,-3.22471771613551,67.9588637524037));
#4321=CARTESIAN_POINT('Ctrl Pts',(-2.93433929775081,-5.27197341628655,68.0978608930205));
#4322=CARTESIAN_POINT('Ctrl Pts',(-0.0529577636418607,-6.03334349254553,
68.2368580336373));
#4323=CARTESIAN_POINT('Ctrl Pts',(1.875677926979,-5.55939445444758,68.3295227940485));
#4324=CARTESIAN_POINT('Ctrl Pts',(2.72508035423432,-5.10607355268862,68.3758551742541));
#4325=CARTESIAN_POINT('Ctrl Pts',(1.41074674833743,-5.27692795806001,57.6241449747576));
#4326=CARTESIAN_POINT('Ctrl Pts',(2.28857104322397,-5.04224827710449,57.6704773549631));
#4327=CARTESIAN_POINT('Ctrl Pts',(3.92391695601795,-4.12642311898349,57.7631421153744));
#4328=CARTESIAN_POINT('Ctrl Pts',(5.42032913775212,-1.74485967603571,57.9021392559911));
#4329=CARTESIAN_POINT('Ctrl Pts',(5.5942855211038,1.06193251377898,58.0411363966079));
#4330=CARTESIAN_POINT('Ctrl Pts',(4.403765678436,3.60988916324945,58.1801335372247));
#4331=CARTESIAN_POINT('Ctrl Pts',(2.13897804370596,5.27719635806524,58.3191306778414));
#4332=CARTESIAN_POINT('Ctrl Pts',(-0.647537921995363,5.65728854686809,58.4581278184582));
#4333=CARTESIAN_POINT('Ctrl Pts',(-3.27611504811086,4.65738401790956,58.597124959075));
#4334=CARTESIAN_POINT('Ctrl Pts',(-5.10554671990998,2.5214198526669,58.7361220996918));
#4335=CARTESIAN_POINT('Ctrl Pts',(-5.68959202261016,-0.229595976123969,
58.8751192403086));
#4336=CARTESIAN_POINT('Ctrl Pts',(-4.88578071454559,-2.92460441924669,59.0141163809253));
#4337=CARTESIAN_POINT('Ctrl Pts',(-2.89018777347487,-4.90621887792017,59.1531135215421));
#4338=CARTESIAN_POINT('Ctrl Pts',(-0.189594593672019,-5.69106497780308,
59.2921106621589));
#4339=CARTESIAN_POINT('Ctrl Pts',(2.55724598941958,-5.08769697499191,59.4311078027757));
#4340=CARTESIAN_POINT('Ctrl Pts',(4.68030084011415,-3.24329329754875,59.5701049433925));
#4341=CARTESIAN_POINT('Ctrl Pts',(5.66169572762143,-0.607757203806988,59.7091020840092));
#4342=CARTESIAN_POINT('Ctrl Pts',(5.26204028233123,2.17602837130549,59.8480992246261));
#4343=CARTESIAN_POINT('Ctrl Pts',(3.57882192962863,4.42901805680029,59.9870963652428));
#4344=CARTESIAN_POINT('Ctrl Pts',(1.02262602803137,5.60164291852158,60.1260935058596));
#4345=CARTESIAN_POINT('Ctrl Pts',(-1.78301776237805,5.4078660326811,60.2650906464764));
#4346=CARTESIAN_POINT('Ctrl Pts',(-4.15373226117026,3.89495515686984,60.4040877870931));
#4347=CARTESIAN_POINT('Ctrl Pts',(-5.51123204988967,1.43195274494834,60.5430849277099));
#4348=CARTESIAN_POINT('Ctrl Pts',(-5.52438390381999,-1.38034410710233,60.6820820683267));
#4349=CARTESIAN_POINT('Ctrl Pts',(-4.18997970801612,-3.85593534927651,60.8210792089435));
#4350=CARTESIAN_POINT('Ctrl Pts',(-1.83351900730473,-5.39095310876512,60.9600763495603));
#4351=CARTESIAN_POINT('Ctrl Pts',(0.970189689503928,-5.61096242525101,61.099073490177));
#4352=CARTESIAN_POINT('Ctrl Pts',(3.5372412299164,-4.46229670153516,61.2380706307939));
#4353=CARTESIAN_POINT('Ctrl Pts',(5.24145794528314,-2.22514852964601,61.3770677714105));
#4354=CARTESIAN_POINT('Ctrl Pts',(5.66713238569379,0.554777337482448,61.5160649120275));
#4355=CARTESIAN_POINT('Ctrl Pts',(4.7104303177851,3.19937706318719,61.6550620526441));
#4356=CARTESIAN_POINT('Ctrl Pts',(2.60471887931534,5.06355674708,61.794059193261));
#4357=CARTESIAN_POINT('Ctrl Pts',(-0.136358374611546,5.69258937258192,61.9330563338777));
#4358=CARTESIAN_POINT('Ctrl Pts',(-2.84417390092253,4.93303579882318,62.0720534744945));
#4359=CARTESIAN_POINT('Ctrl Pts',(-4.85821364812312,2.97017297818664,62.2110506151113));
#4360=CARTESIAN_POINT('Ctrl Pts',(-5.68719542199848,0.282799581257364,62.3500477557281));
#4361=CARTESIAN_POINT('Ctrl Pts',(-5.12890673622629,-2.47355676349918,62.4890448963449));
#4362=CARTESIAN_POINT('Ctrl Pts',(-3.31953025102097,-4.62654150351172,62.6280420369616));
#4363=CARTESIAN_POINT('Ctrl Pts',(-0.70042490731098,-5.65097976641027,62.7670391775784));
#4364=CARTESIAN_POINT('Ctrl Pts',(2.08953420719707,-5.29698160919151,62.9060363181952));
#4365=CARTESIAN_POINT('Ctrl Pts',(4.36979585837285,-3.65089735918546,63.045033458812));
#4366=CARTESIAN_POINT('Ctrl Pts',(5.58413867624066,-1.11425428680936,63.1840305994288));
#4367=CARTESIAN_POINT('Ctrl Pts',(5.43634953743977,1.69418743884445,63.3230277400455));
#4368=CARTESIAN_POINT('Ctrl Pts',(3.96247846158477,4.08936814344669,63.4620248806623));
#4369=CARTESIAN_POINT('Ctrl Pts',(1.52204497511112,5.48703439618332,63.6010220212791));
#4370=CARTESIAN_POINT('Ctrl Pts',(-1.28965903673599,5.5462552177235,63.7400191618959));
#4371=CARTESIAN_POINT('Ctrl Pts',(-3.78677813423999,4.25258494720579,63.8790163025126));
#4372=CARTESIAN_POINT('Ctrl Pts',(-5.36019318202043,1.92158695420811,64.0180134431295));
#4373=CARTESIAN_POINT('Ctrl Pts',(-5.62610301718574,-0.87814133894883,64.1570105837462));
#4374=CARTESIAN_POINT('Ctrl Pts',(-4.5196445865306,-3.46366571461627,64.296007724363));
#4375=CARTESIAN_POINT('Ctrl Pts',(-2.31071490989726,-5.20430244858387,64.4350048649798));
#4376=CARTESIAN_POINT('Ctrl Pts',(0.461864561983597,-5.6754602013877,64.5740020055966));
#4377=CARTESIAN_POINT('Ctrl Pts',(3.12178198946449,-4.76221005221878,64.7129991462133));
#4378=CARTESIAN_POINT('Ctrl Pts',(5.02020704430699,-2.68731996668476,64.8519962868301));
#4379=CARTESIAN_POINT('Ctrl Pts',(5.69405927952942,0.0430847141324464,64.9909934274469));
#4380=CARTESIAN_POINT('Ctrl Pts',(4.97896676284294,2.76297979458823,65.1299905680637));
#4381=CARTESIAN_POINT('Ctrl Pts',(3.0493611169063,4.80890467260437,65.2689877086805));
#4382=CARTESIAN_POINT('Ctrl Pts',(0.375928630752699,5.68179945405448,65.4079848492972));
#4383=CARTESIAN_POINT('Ctrl Pts',(-2.38920365489018,5.16874000737521,65.546981989914));
#4384=CARTESIAN_POINT('Ctrl Pts',(-4.57154048564019,3.39487628169022,65.6859791305308));
#4385=CARTESIAN_POINT('Ctrl Pts',(-5.63874716521738,0.79290463374027,65.8249762711476));
#4386=CARTESIAN_POINT('Ctrl Pts',(-5.33050131509417,-2.0024792471789,65.9639734117643));
#4387=CARTESIAN_POINT('Ctrl Pts',(-3.72199293694292,-4.30940087579389,66.1029705523811));
#4388=CARTESIAN_POINT('Ctrl Pts',(-1.20558351329137,-5.56513573602459,66.2419676929979));
#4389=CARTESIAN_POINT('Ctrl Pts',(1.60490245489006,-5.46337401886711,66.3809648336148));
#4390=CARTESIAN_POINT('Ctrl Pts',(4.02390643521203,-4.02893828349178,66.5199619742314));
#4391=CARTESIAN_POINT('Ctrl Pts',(5.46136425202905,-1.61172874599388,66.6589591148483));
#4392=CARTESIAN_POINT('Ctrl Pts',(5.5666377038898,1.19862791279669,66.797956255465));
#4393=CARTESIAN_POINT('Ctrl Pts',(4.31404948832295,3.71660445949014,66.9369533960818));
#4394=CARTESIAN_POINT('Ctrl Pts',(2.00913785974424,5.32799497401684,67.0759505366986));
#4395=CARTESIAN_POINT('Ctrl Pts',(-0.785854547974565,5.63973300149621,67.2149476773154));
#4396=CARTESIAN_POINT('Ctrl Pts',(-3.38916639208269,4.57578083278954,67.3539448179321));
#4397=CARTESIAN_POINT('Ctrl Pts',(-5.1657380770578,2.39565827952745,67.492941958549));
#4398=CARTESIAN_POINT('Ctrl Pts',(-5.68229024187659,-0.368821811435691,
67.6319390991657));
#4399=CARTESIAN_POINT('Ctrl Pts',(-4.81265863875842,-3.04336129669754,67.7709362397824));
#4400=CARTESIAN_POINT('Ctrl Pts',(-2.76931360703889,-4.97548041866204,67.9099333803993));
#4401=CARTESIAN_POINT('Ctrl Pts',(-0.0499794470135652,-5.69403144437075,
68.048930521016));
#4402=CARTESIAN_POINT('Ctrl Pts',(1.77019079204199,-5.24673704959722,68.1415952814273));
#4403=CARTESIAN_POINT('Ctrl Pts',(2.57182327586997,-4.81891067568112,68.1879276616328));
#4404=CARTESIAN_POINT('Ctrl Pts',(1.32667918156846,-4.96247145197762,57.4362174621363));
#4405=CARTESIAN_POINT('Ctrl Pts',(2.15219319992324,-4.74177652751457,57.4825498423419));
#4406=CARTESIAN_POINT('Ctrl Pts',(3.69008749578017,-3.88052614882849,57.5752146027531));
#4407=CARTESIAN_POINT('Ctrl Pts',(5.09732723664208,-1.64088204327456,57.7142117433699));
#4408=CARTESIAN_POINT('Ctrl Pts',(5.26091741508169,0.998651076050012,57.8532088839867));
#4409=CARTESIAN_POINT('Ctrl Pts',(4.14134163553592,3.39477287918378,57.9922060246034));
#4410=CARTESIAN_POINT('Ctrl Pts',(2.01151457110286,4.96272385780432,58.1312031652202));
#4411=CARTESIAN_POINT('Ctrl Pts',(-0.608950601091068,5.32016603837698,58.270200305837));
#4412=CARTESIAN_POINT('Ctrl Pts',(-3.08088863991642,4.37984664817555,58.4091974464538));
#4413=CARTESIAN_POINT('Ctrl Pts',(-4.80130296370499,2.37116635602301,58.5481945870706));
#4414=CARTESIAN_POINT('Ctrl Pts',(-5.35054452325374,-0.215914161811486,
58.6871917276873));
#4415=CARTESIAN_POINT('Ctrl Pts',(-4.59463299655674,-2.75032482046143,58.8261888683042));
#4416=CARTESIAN_POINT('Ctrl Pts',(-2.7179590911066,-4.61385323285394,58.9651860089209));
#4417=CARTESIAN_POINT('Ctrl Pts',(-0.178296494859213,-5.35192970382717,
59.1041831495377));
#4418=CARTESIAN_POINT('Ctrl Pts',(2.40485758362415,-4.78451689986539,59.2431802901545));
#4419=CARTESIAN_POINT('Ctrl Pts',(4.40139783797087,-3.05002276464526,59.3821774307713));
#4420=CARTESIAN_POINT('Ctrl Pts',(5.32431059158028,-0.571540448836203,59.521174571388));
#4421=CARTESIAN_POINT('Ctrl Pts',(4.94847094517185,2.04635703900471,59.6601717120048));
#4422=CARTESIAN_POINT('Ctrl Pts',(3.36555696773671,4.16508920376564,59.7991688526216));
#4423=CARTESIAN_POINT('Ctrl Pts',(0.961686896332125,5.26783637909574,59.9381659932384));
#4424=CARTESIAN_POINT('Ctrl Pts',(-1.67676625765856,5.08560681832114,60.0771631338552));
#4425=CARTESIAN_POINT('Ctrl Pts',(-3.90620791662159,3.66285155422237,60.216160274472));
#4426=CARTESIAN_POINT('Ctrl Pts',(-5.18281316898179,1.3466214952837,60.3551574150887));
#4427=CARTESIAN_POINT('Ctrl Pts',(-5.19518129304724,-1.29808825889659,60.4941545557055));
#4428=CARTESIAN_POINT('Ctrl Pts',(-3.94029534809864,-3.62615696927019,60.6331516963223));
#4429=CARTESIAN_POINT('Ctrl Pts',(-1.72425809158727,-5.06970174954447,60.7721488369391));
#4430=CARTESIAN_POINT('Ctrl Pts',(0.912375282632485,-5.27660052870303,60.9111459775558));
#4431=CARTESIAN_POINT('Ctrl Pts',(3.32645409634731,-4.19638474650753,61.0501431181727));
#4432=CARTESIAN_POINT('Ctrl Pts',(4.92911512662972,-2.09255008644041,61.1891402587894));
#4433=CARTESIAN_POINT('Ctrl Pts',(5.3294232746968,0.521717696610912,61.3281373994062));
#4434=CARTESIAN_POINT('Ctrl Pts',(4.42973187512154,3.00872353504999,61.4671345400229));
#4435=CARTESIAN_POINT('Ctrl Pts',(2.44950152470558,4.76181520812178,61.6061316806397));
#4436=CARTESIAN_POINT('Ctrl Pts',(-0.128232666169778,5.35336325865901,61.7451288212565));
#4437=CARTESIAN_POINT('Ctrl Pts',(-2.6746872233171,4.63907211123713,61.8841259618733));
#4438=CARTESIAN_POINT('Ctrl Pts',(-4.56870867444669,2.79317791124541,62.0231231024901));
#4439=CARTESIAN_POINT('Ctrl Pts',(-5.34829073805679,0.265947320064766,62.1621202431069));
#4440=CARTESIAN_POINT('Ctrl Pts',(-4.82327093730795,-2.3261554679673,62.3011173837236));
#4441=CARTESIAN_POINT('Ctrl Pts',(-3.12171669493926,-4.35084206474691,62.4401145243404));
#4442=CARTESIAN_POINT('Ctrl Pts',(-0.658686007163656,-5.31423320337003,
62.5791116649572));
#4443=CARTESIAN_POINT('Ctrl Pts',(1.96501713374883,-4.98133008943467,62.718108805574));
#4444=CARTESIAN_POINT('Ctrl Pts',(4.10939610517584,-3.43333736277101,62.8571059461908));
#4445=CARTESIAN_POINT('Ctrl Pts',(5.25137522910508,-1.04785495130541,62.9961030868075));
#4446=CARTESIAN_POINT('Ctrl Pts',(5.11239296744816,1.59322940665188,63.1351002274243));
#4447=CARTESIAN_POINT('Ctrl Pts',(3.72635108930304,3.84567930996381,63.2740973680411));
#4448=CARTESIAN_POINT('Ctrl Pts',(1.43134505485872,5.16005747349438,63.4130945086579));
#4449=CARTESIAN_POINT('Ctrl Pts',(-1.21280718695659,5.21574927724678,63.5520916492746));
#4450=CARTESIAN_POINT('Ctrl Pts',(-3.5611208899368,3.99916988925065,63.6910887898915));
#4451=CARTESIAN_POINT('Ctrl Pts',(-5.04077483230234,1.80707799661834,63.8300859305082));
#4452=CARTESIAN_POINT('Ctrl Pts',(-5.29083888022863,-0.825812169498907,
63.969083071125));
#4453=CARTESIAN_POINT('Ctrl Pts',(-4.25031522355459,-3.25726300692116,64.1080802117418));
#4454=CARTESIAN_POINT('Ctrl Pts',(-2.17301749524733,-4.89417375674186,64.2470773523585));
#4455=CARTESIAN_POINT('Ctrl Pts',(0.434341670331683,-5.33725482895844,64.3860744929754));
#4456=CARTESIAN_POINT('Ctrl Pts',(2.93575241601569,-4.478426012309,64.5250716335921));
#4457=CARTESIAN_POINT('Ctrl Pts',(4.72104875002864,-2.52718034488863,64.6640687742089));
#4458=CARTESIAN_POINT('Ctrl Pts',(5.3547455726345,0.0405172603450653,64.8030659148257));
#4459=CARTESIAN_POINT('Ctrl Pts',(4.68226601108215,2.59833154100436,64.9420630554424));
#4460=CARTESIAN_POINT('Ctrl Pts',(2.86764716321451,4.52233806160474,65.0810601960593));
#4461=CARTESIAN_POINT('Ctrl Pts',(0.353526732393964,5.3432163203102,65.2200573366759));
#4462=CARTESIAN_POINT('Ctrl Pts',(-2.24682903094094,4.86073051084893,65.3590544772928));
#4463=CARTESIAN_POINT('Ctrl Pts',(-4.29911860306874,3.19257279325777,65.4980516179095));
#4464=CARTESIAN_POINT('Ctrl Pts',(-5.30272955301028,0.745654790125924,65.6370487585264));
#4465=CARTESIAN_POINT('Ctrl Pts',(-5.01285232830976,-1.88314985087578,65.7760458991431));
#4466=CARTESIAN_POINT('Ctrl Pts',(-3.50019629618591,-4.05260010961312,65.9150430397599));
#4467=CARTESIAN_POINT('Ctrl Pts',(-1.13374179356482,-5.23350468983007,66.0540401803767));
#4468=CARTESIAN_POINT('Ctrl Pts',(1.50926498881533,-5.13780703765218,66.1930373209935));
#4469=CARTESIAN_POINT('Ctrl Pts',(3.78411851912223,-3.78885051539684,66.3320344616102));
#4470=CARTESIAN_POINT('Ctrl Pts',(5.135917034484,-1.5156844955804,66.471031602227));
#4471=CARTESIAN_POINT('Ctrl Pts',(5.23491715418663,1.12720068306254,66.6100287428438));
#4472=CARTESIAN_POINT('Ctrl Pts',(4.05697170747273,3.49512892256597,66.7490258834606));
#4473=CARTESIAN_POINT('Ctrl Pts',(1.88941167120531,5.01049534217236,66.8880230240774));
#4474=CARTESIAN_POINT('Ctrl Pts',(-0.739024824808155,5.30365664248902,67.0270201646941));
#4475=CARTESIAN_POINT('Ctrl Pts',(-3.18720316069949,4.30310626442064,67.1660173053109));
#4476=CARTESIAN_POINT('Ctrl Pts',(-4.85790746804461,2.25289901915193,67.3050144459277));
#4477=CARTESIAN_POINT('Ctrl Pts',(-5.34367786167964,-0.346843414324186,
67.4440115865444));
#4478=CARTESIAN_POINT('Ctrl Pts',(-4.52586832580755,-2.86200487725957,67.5830087271613));
#4479=CARTESIAN_POINT('Ctrl Pts',(-2.60428791632698,-4.67898742103752,67.7220058677781));
#4480=CARTESIAN_POINT('Ctrl Pts',(-0.0470011303852661,-5.35471939619597,
67.8610030083948));
#4481=CARTESIAN_POINT('Ctrl Pts',(1.66470365710498,-4.93407964474686,67.953667768806));
#4482=CARTESIAN_POINT('Ctrl Pts',(2.41856619750562,-4.53174779867362,68.0000001490116));
#4483=CARTESIAN_POINT('Ctrl Pts',(2.41856619750559,-4.53174779867364,68.0000001490116));
#4484=CARTESIAN_POINT('Ctrl Pts',(2.29536655801993,-4.61314879438423,68.0000001490116));
#4485=CARTESIAN_POINT('Ctrl Pts',(2.16883781638528,-4.68894313508887,68.0000001490116));
#4486=CARTESIAN_POINT('Ctrl Pts',(2.03943647875425,-4.75911003249388,68.0000001490116));
#4487=CARTESIAN_POINT('Ctrl Pts',(1.90773963827916,-4.83052164896826,68.0000001490116));
#4488=CARTESIAN_POINT('Ctrl Pts',(1.77306688297095,-4.8961047888661,68.0000001490116));
#4489=CARTESIAN_POINT('Ctrl Pts',(1.63585682487336,-4.95580407451823,68.0000001490116));
#4490=CARTESIAN_POINT('Ctrl Pts',(1.49663535944065,-5.01637851161863,68.0000001490116));
#4491=CARTESIAN_POINT('Ctrl Pts',(1.35480106263758,-5.07089574726866,68.0000001490116));
#4492=CARTESIAN_POINT('Ctrl Pts',(1.21077698588201,-5.1192575748929,68.0000001490116));
#4493=CARTESIAN_POINT('Ctrl Pts',(1.06697277605539,-5.1675455734272,68.0000001490116));
#4494=CARTESIAN_POINT('Ctrl Pts',(0.920984759935384,-5.20969727676175,68.0000001490116));
#4495=CARTESIAN_POINT('Ctrl Pts',(0.773209218356555,-5.24556944290685,68.0000001490116));
#4496=CARTESIAN_POINT('Ctrl Pts',(0.730644988032586,-5.2559018099935,68.0000001490116));
#4497=CARTESIAN_POINT('Ctrl Pts',(0.687932338861667,-5.26571290140399,68.0000001490116));
#4498=CARTESIAN_POINT('Ctrl Pts',(0.645080486584096,-5.27499853116197,68.0000001490116));
#4499=CARTESIAN_POINT('Ctrl Pts',(0.618685485256133,-5.2807181021202,68.0000001490116));
#4500=CARTESIAN_POINT('Ctrl Pts',(0.592237667602535,-5.28623830288865,68.0000001490116));
#4501=CARTESIAN_POINT('Ctrl Pts',(0.565739172450518,-5.29155808746603,68.0000001490116));
#4502=CARTESIAN_POINT('Ctrl Pts',(0.548664682654374,-5.29498592768725,68.0000001490116));
#4503=CARTESIAN_POINT('Ctrl Pts',(0.531570876404656,-5.29833017749902,68.0000001490116));
#4504=CARTESIAN_POINT('Ctrl Pts',(0.514467470920403,-5.30158894887999,68.0000001490116));
#4505=CARTESIAN_POINT('Ctrl Pts',(0.361459688800276,-5.33074205420155,68.0000001490116));
#4506=CARTESIAN_POINT('Ctrl Pts',(0.207483170424029,-5.35309876886026,68.0000001490116));
#4507=CARTESIAN_POINT('Ctrl Pts',(0.0529938085506261,-5.3685966035489,68.0000001490116));
#4508=CARTESIAN_POINT('Ctrl Pts',(0.0195478638712548,-5.37195178422517,
68.0000001490116));
#4509=CARTESIAN_POINT('Ctrl Pts',(-0.0139222317794065,-5.37498533582569,
68.0000001490116));
#4510=CARTESIAN_POINT('Ctrl Pts',(-0.0474120293631121,-5.37769635815347,
68.0000001490116));
#4511=CARTESIAN_POINT('Ctrl Pts',(-0.200495937345614,-5.39008860661444,
68.0000001490116));
#4512=CARTESIAN_POINT('Ctrl Pts',(-0.353990042880934,-5.39574573798888,
68.0000001490116));
#4513=CARTESIAN_POINT('Ctrl Pts',(-0.507479049892874,-5.3948315376511,68.0000001490116));
#4514=CARTESIAN_POINT('Ctrl Pts',(-0.662764550328918,-5.39390663716661,
68.0000001490116));
#4515=CARTESIAN_POINT('Ctrl Pts',(-0.818045533698516,-5.38625573859598,
68.0000001490116));
#4516=CARTESIAN_POINT('Ctrl Pts',(-0.972904907539852,-5.37199663979168,
68.0000001490116));
#4517=CARTESIAN_POINT('Ctrl Pts',(-1.12438826880008,-5.35804839654468,68.0000001490116));
#4518=CARTESIAN_POINT('Ctrl Pts',(-1.27546890963125,-5.33777672801759,68.0000001490116));
#4519=CARTESIAN_POINT('Ctrl Pts',(-1.42575821914113,-5.31124416141545,68.0000001490116));
#4520=CARTESIAN_POINT('Ctrl Pts',(-1.45802350195255,-5.30554794278271,68.0000001490116));
#4521=CARTESIAN_POINT('Ctrl Pts',(-1.49025229628797,-5.2995629819703,68.0000001490116));
#4522=CARTESIAN_POINT('Ctrl Pts',(-1.52244071988264,-5.29328961595831,68.0000001490116));
#4523=CARTESIAN_POINT('Ctrl Pts',(-1.5401154357565,-5.28984490045342,68.0000001490116));
#4524=CARTESIAN_POINT('Ctrl Pts',(-1.5577754106115,-5.2863136975394,68.0000001490116));
#4525=CARTESIAN_POINT('Ctrl Pts',(-1.57541160331606,-5.28269793484313,68.0000001490116));
#4526=CARTESIAN_POINT('Ctrl Pts',(-1.73116672341859,-5.25076510430226,68.0000001490116));
#4527=CARTESIAN_POINT('Ctrl Pts',(-1.88525571835974,-5.2122043988197,68.0000001490116));
#4528=CARTESIAN_POINT('Ctrl Pts',(-2.03724528444016,-5.16719496644083,68.0000001490116));
#4529=CARTESIAN_POINT('Ctrl Pts',(-2.19093627794202,-5.12168168182758,68.0000001490116));
#4530=CARTESIAN_POINT('Ctrl Pts',(-2.34248133906385,-5.06957450850459,68.0000001490116));
#4531=CARTESIAN_POINT('Ctrl Pts',(-2.49143953132966,-5.01100606449148,68.0000001490116));
#4532=CARTESIAN_POINT('Ctrl Pts',(-2.57259194319799,-4.97909798062753,68.0000001490116));
#4533=CARTESIAN_POINT('Ctrl Pts',(-2.65297660943133,-4.94527123304629,68.0000001490116));
#4534=CARTESIAN_POINT('Ctrl Pts',(-2.73252184271296,-4.90954077217845,68.0000001490116));
#4535=CARTESIAN_POINT('Ctrl Pts',(-2.87778961407345,-4.84428878653682,68.0000001490116));
#4536=CARTESIAN_POINT('Ctrl Pts',(-3.02025891232716,-4.77269064354085,68.0000001490116));
#4537=CARTESIAN_POINT('Ctrl Pts',(-3.15962349472287,-4.69504592118586,68.0000001490116));
#4538=CARTESIAN_POINT('Ctrl Pts',(-3.24678291629886,-4.64648645957406,68.0000001490116));
#4539=CARTESIAN_POINT('Ctrl Pts',(-3.33272770464115,-4.59556096018673,68.0000001490116));
#4540=CARTESIAN_POINT('Ctrl Pts',(-3.41737884387665,-4.54233323706362,68.0000001490116));
#4541=CARTESIAN_POINT('Ctrl Pts',(-3.44376403344756,-4.52574251450849,68.0000001490116));
#4542=CARTESIAN_POINT('Ctrl Pts',(-3.47002351366802,-4.50892807434177,68.0000001490116));
#4543=CARTESIAN_POINT('Ctrl Pts',(-3.4961548115225,-4.49189171477941,68.0000001490116));
#4544=CARTESIAN_POINT('Ctrl Pts',(-3.51938103537389,-4.47674932487548,68.0000001490116));
#4545=CARTESIAN_POINT('Ctrl Pts',(-3.5425099584711,-4.46142885518184,68.0000001490116));
#4546=CARTESIAN_POINT('Ctrl Pts',(-3.56551504896622,-4.44594846601189,68.0000001490116));
#4547=CARTESIAN_POINT('Ctrl Pts',(-3.70055077729267,-4.35508137610479,68.0000001490116));
#4548=CARTESIAN_POINT('Ctrl Pts',(-3.83147022145931,-4.25861397495581,68.0000001490116));
#4549=CARTESIAN_POINT('Ctrl Pts',(-3.95798311187269,-4.15692604414403,68.0000001490116));
#4550=CARTESIAN_POINT('Ctrl Pts',(-4.08572337147816,-4.05425158434633,68.0000001490116));
#4551=CARTESIAN_POINT('Ctrl Pts',(-4.20897180421795,-3.94625447461824,68.0000001490116));
#4552=CARTESIAN_POINT('Ctrl Pts',(-4.32741510891711,-3.83327378936696,68.0000001490116));
#4553=CARTESIAN_POINT('Ctrl Pts',(-4.44601478842085,-3.72014394133589,68.0000001490116));
#4554=CARTESIAN_POINT('Ctrl Pts',(-4.55979729027884,-3.60201693604017,68.0000001490116));
#4555=CARTESIAN_POINT('Ctrl Pts',(-4.66842391994976,-3.47918718703787,68.0000001490116));
#4556=CARTESIAN_POINT('Ctrl Pts',(-4.76746140253377,-3.36720038265604,68.0000001490116));
#4557=CARTESIAN_POINT('Ctrl Pts',(-4.86221320229031,-3.25130369305509,68.0000001490116));
#4558=CARTESIAN_POINT('Ctrl Pts',(-4.95239824619921,-3.13169139329875,68.0000001490116));
#4559=CARTESIAN_POINT('Ctrl Pts',(-4.98989395554237,-3.08196088554336,68.0000001490116));
#4560=CARTESIAN_POINT('Ctrl Pts',(-5.02659993708214,-3.03158779220404,68.0000001490116));
#4561=CARTESIAN_POINT('Ctrl Pts',(-5.06250773747192,-2.9805932457946,68.0000001490116));
#4562=CARTESIAN_POINT('Ctrl Pts',(-5.08052255706535,-2.95500945776408,68.0000001490116));
#4563=CARTESIAN_POINT('Ctrl Pts',(-5.09833646118194,-2.92926924018217,68.0000001490116));
#4564=CARTESIAN_POINT('Ctrl Pts',(-5.11594829746445,-2.90337520336793,68.0000001490116));
#4565=CARTESIAN_POINT('Ctrl Pts',(-5.12872369584049,-2.88459200378788,68.0000001490116));
#4566=CARTESIAN_POINT('Ctrl Pts',(-5.14138791145103,-2.86573498368645,68.0000001490116));
#4567=CARTESIAN_POINT('Ctrl Pts',(-5.15393898934561,-2.84680799937235,68.0000001490116));
#4568=CARTESIAN_POINT('Ctrl Pts',(-5.24539211051396,-2.70889699249562,68.0000001490116));
#4569=CARTESIAN_POINT('Ctrl Pts',(-5.33087171842395,-2.56722988816726,68.0000001490116));
#4570=CARTESIAN_POINT('Ctrl Pts',(-5.41028958597137,-2.4222654515265,68.0000001490116));
#4571=CARTESIAN_POINT('Ctrl Pts',(-5.4906612007201,-2.27556010405541,68.0000001490116));
#4572=CARTESIAN_POINT('Ctrl Pts',(-5.56482502145058,-2.12547718969962,68.0000001490116));
#4573=CARTESIAN_POINT('Ctrl Pts',(-5.6326518921963,-1.97245469576138,68.0000001490116));
#4574=CARTESIAN_POINT('Ctrl Pts',(-5.66045135383877,-1.90973703086099,68.0000001490116));
#4575=CARTESIAN_POINT('Ctrl Pts',(-5.68718583505493,-1.84652517734046,68.0000001490116));
#4576=CARTESIAN_POINT('Ctrl Pts',(-5.71284439331815,-1.78284784717615,68.0000001490116));
#4577=CARTESIAN_POINT('Ctrl Pts',(-5.73182236884942,-1.73574984574684,68.0000001490116));
#4578=CARTESIAN_POINT('Ctrl Pts',(-5.75021172472042,-1.68839718359194,68.0000001490116));
#4579=CARTESIAN_POINT('Ctrl Pts',(-5.76800758406814,-1.64080123711901,68.0000001490116));
#4580=CARTESIAN_POINT('Ctrl Pts',(-5.77779172791065,-1.61463303824128,68.0000001490116));
#4581=CARTESIAN_POINT('Ctrl Pts',(-5.78739338411025,-1.58839947191737,68.0000001490116));
#4582=CARTESIAN_POINT('Ctrl Pts',(-5.79681054955129,-1.56210685917728,68.0000001490116));
#4583=CARTESIAN_POINT('Ctrl Pts',(-5.85421175834068,-1.40184337405942,68.0000001490116));
#4584=CARTESIAN_POINT('Ctrl Pts',(-5.90478060463539,-1.23933851736764,68.0000001490116));
#4585=CARTESIAN_POINT('Ctrl Pts',(-5.94839694809231,-1.07505061785799,68.0000001490116));
#4586=CARTESIAN_POINT('Ctrl Pts',(-5.99209832843974,-0.910442413366005,
68.0000001490116));
#4587=CARTESIAN_POINT('Ctrl Pts',(-6.02882043752209,-0.74404353030525,68.0000001490116));
#4588=CARTESIAN_POINT('Ctrl Pts',(-6.05839789329127,-0.576288221186963,
68.0000001490116));
#4589=CARTESIAN_POINT('Ctrl Pts',(-6.06901518998872,-0.516069793226808,
68.0000001490116));
#4590=CARTESIAN_POINT('Ctrl Pts',(-6.07871140881496,-0.455676380463534,
68.0000001490116));
#4591=CARTESIAN_POINT('Ctrl Pts',(-6.0874773620469,-0.395127489813069,68.0000001490116));
#4592=CARTESIAN_POINT('Ctrl Pts',(-6.09565890644423,-0.338615274431698,
68.0000001490116));
#4593=CARTESIAN_POINT('Ctrl Pts',(-6.10303008169526,-0.281967615628156,
68.0000001490116));
#4594=CARTESIAN_POINT('Ctrl Pts',(-6.10959387770682,-0.225200924416658,
68.0000001490116));
#4595=CARTESIAN_POINT('Ctrl Pts',(5.13679890832968,-0.000131999292272805,
59.5509584946969));
#4596=CARTESIAN_POINT('Ctrl Pts',(5.13610437242701,0.671242767695669,59.5873629004662));
#4597=CARTESIAN_POINT('Ctrl Pts',(5.00379810807147,1.34288319587784,59.6237673062355));
#4598=CARTESIAN_POINT('Ctrl Pts',(4.74729189000073,1.96316281849138,59.6601717120048));
#4599=CARTESIAN_POINT('Ctrl Pts',(4.42083295269347,2.75260109392502,59.7065040922104));
#4600=CARTESIAN_POINT('Ctrl Pts',(3.89319496021509,3.45884514884533,59.752836472416));
#4601=CARTESIAN_POINT('Ctrl Pts',(3.22873095207513,3.99575837219384,59.7991688526216));
#4602=CARTESIAN_POINT('Ctrl Pts',(2.56426694393518,4.53267159554234,59.8455012328272));
#4603=CARTESIAN_POINT('Ctrl Pts',(1.76297692013366,4.90025398731904,59.8918336130328));
#4604=CARTESIAN_POINT('Ctrl Pts',(0.922589715901115,5.05367358974496,59.9381659932384));
#4605=CARTESIAN_POINT('Ctrl Pts',(0.0822025116685739,5.20709319217087,59.984498373444));
#4606=CARTESIAN_POINT('Ctrl Pts',(-0.797281872994983,5.14635000524601,60.0308307536496));
#4607=CARTESIAN_POINT('Ctrl Pts',(-1.60859767515393,4.87885253443379,60.0771631338552));
#4608=CARTESIAN_POINT('Ctrl Pts',(-2.41991347731289,4.61135506362156,60.1234955140608));
#4609=CARTESIAN_POINT('Ctrl Pts',(-3.16306069696725,4.13710330892196,60.1698278942664));
#4610=CARTESIAN_POINT('Ctrl Pts',(-3.74740184885446,3.51393908841572,60.2161602744719));
#4611=CARTESIAN_POINT('Ctrl Pts',(-4.33174300074166,2.89077486790948,60.2624926546775));
#4612=CARTESIAN_POINT('Ctrl Pts',(-4.75727808486172,2.11869818159659,60.3088250348831));
#4613=CARTESIAN_POINT('Ctrl Pts',(-4.97210698093266,1.29187487941011,60.3551574150887));
#4614=CARTESIAN_POINT('Ctrl Pts',(-5.18693587700361,0.465051577223611,60.4014897952943));
#4615=CARTESIAN_POINT('Ctrl Pts',(-5.19105858502543,-0.416518340836487,
60.4478221754999));
#4616=CARTESIAN_POINT('Ctrl Pts',(-4.9839722815449,-1.24531475159547,60.4941545557055));
#4617=CARTESIAN_POINT('Ctrl Pts',(-4.77688597806438,-2.07411116235446,60.5404869359111));
#4618=CARTESIAN_POINT('Ctrl Pts',(-4.35859066308151,-2.85013406581233,60.5868193161167));
#4619=CARTESIAN_POINT('Ctrl Pts',(-3.78010346283817,-3.47873631425364,60.6331516963223));
#4620=CARTESIAN_POINT('Ctrl Pts',(-3.20161626259484,-4.10733856269495,60.6794840765279));
#4621=CARTESIAN_POINT('Ctrl Pts',(-2.46293717709106,-4.58852015611971,60.7258164567335));
#4622=CARTESIAN_POINT('Ctrl Pts',(-1.65415873863587,-4.86359408269185,60.7721488369391));
#4623=CARTESIAN_POINT('Ctrl Pts',(-0.845380300180687,-5.13866800926399,
60.8184812171446));
#4624=CARTESIAN_POINT('Ctrl Pts',(0.0334974912258962,-5.20763426898351,
60.8648135973502));
#4625=CARTESIAN_POINT('Ctrl Pts',(0.875282855881656,-5.06208143514402,60.9111459775558));
#4626=CARTESIAN_POINT('Ctrl Pts',(1.71706822053742,-4.91652860130453,60.9574783577614));
#4627=CARTESIAN_POINT('Ctrl Pts',(2.52176115844238,-4.55645667390602,61.003810737967));
#4628=CARTESIAN_POINT('Ctrl Pts',(3.19121779910859,-4.02578160019558,61.0501431181726));
#4629=CARTESIAN_POINT('Ctrl Pts',(3.86067443977479,-3.49510652648514,61.0964754983782));
#4630=CARTESIAN_POINT('Ctrl Pts',(4.39489478320225,-2.79382830646278,61.1428078785838));
#4631=CARTESIAN_POINT('Ctrl Pts',(4.72872297959383,-2.00747789927637,61.1891402587894));
#4632=CARTESIAN_POINT('Ctrl Pts',(4.99727584227176,-1.37488707800807,61.2264130040919));
#4633=CARTESIAN_POINT('Ctrl Pts',(5.13614236350476,-0.687240702541599,61.2636857493944));
#4634=CARTESIAN_POINT('Ctrl Pts',(5.13684975261982,0.000128494588721495,
61.3009584946969));
#4635=CARTESIAN_POINT('Ctrl Pts',(1.57888188187538,-5.90584097022479,58.));
#4636=CARTESIAN_POINT('Ctrl Pts',(1.73781012580056,-5.84962529224436,58.));
#4637=CARTESIAN_POINT('Ctrl Pts',(1.89401221128528,-5.78681422109856,58.));
#4638=CARTESIAN_POINT('Ctrl Pts',(2.04714932797381,-5.71769898842844,58.));
#4639=CARTESIAN_POINT('Ctrl Pts',(2.20150679313628,-5.64803297701481,58.));
#4640=CARTESIAN_POINT('Ctrl Pts',(2.35275087240276,-5.5719614943955,58.));
#4641=CARTESIAN_POINT('Ctrl Pts',(2.50050981802804,-5.48973605507046,58.));
#4642=CARTESIAN_POINT('Ctrl Pts',(2.6472873473563,-5.40805675788145,58.));
#4643=CARTESIAN_POINT('Ctrl Pts',(2.79062642762252,-5.32030446813411,58.));
#4644=CARTESIAN_POINT('Ctrl Pts',(2.93012967030043,-5.22668704653117,58.));
#4645=CARTESIAN_POINT('Ctrl Pts',(3.06796108836133,-5.13419154802488,58.));
#4646=CARTESIAN_POINT('Ctrl Pts',(3.2020485221205,-5.0359701565684,58.));
#4647=CARTESIAN_POINT('Ctrl Pts',(3.33196897244169,-4.93219298585874,58.));
#4648=CARTESIAN_POINT('Ctrl Pts',(3.39614618365088,-4.88092985224997,58.));
#4649=CARTESIAN_POINT('Ctrl Pts',(3.45930595374724,-4.82831063246722,58.));
#4650=CARTESIAN_POINT('Ctrl Pts',(3.52139312410899,-4.77435360087012,58.));
#4651=CARTESIAN_POINT('Ctrl Pts',(3.53968659072016,-4.75845561179753,58.));
#4652=CARTESIAN_POINT('Ctrl Pts',(3.55788692139938,-4.74244147363222,58.));
#4653=CARTESIAN_POINT('Ctrl Pts',(3.57599265524902,-4.72631163275195,58.));
#4654=CARTESIAN_POINT('Ctrl Pts',(3.59159878874171,-4.71240860887655,58.));
#4655=CARTESIAN_POINT('Ctrl Pts',(3.60712820363636,-4.69842534299496,58.));
#4656=CARTESIAN_POINT('Ctrl Pts',(3.6225777016599,-4.68436458167714,58.));
#4657=CARTESIAN_POINT('Ctrl Pts',(3.74471591121897,-4.57320522816422,58.));
#4658=CARTESIAN_POINT('Ctrl Pts',(3.86191351113452,-4.45715997243841,58.));
#4659=CARTESIAN_POINT('Ctrl Pts',(3.9738183951662,-4.33645335146099,58.));
#4660=CARTESIAN_POINT('Ctrl Pts',(3.99854524941155,-4.30978163780718,58.));
#4661=CARTESIAN_POINT('Ctrl Pts',(4.02301354041331,-4.28288219743438,58.));
#4662=CARTESIAN_POINT('Ctrl Pts',(4.04721920748273,-4.25575722873311,58.));
#4663=CARTESIAN_POINT('Ctrl Pts',(4.15717547528944,-4.13253978902322,58.));
#4664=CARTESIAN_POINT('Ctrl Pts',(4.26171609366047,-4.00467062077811,58.));
#4665=CARTESIAN_POINT('Ctrl Pts',(4.36063033383639,-3.87255396770834,58.));
#4666=CARTESIAN_POINT('Ctrl Pts',(4.45935130735487,-3.74069545486072,58.));
#4667=CARTESIAN_POINT('Ctrl Pts',(4.5524681496512,-3.60460530942644,58.));
#4668=CARTESIAN_POINT('Ctrl Pts',(4.63972354710736,-3.46466582041558,58.));
#4669=CARTESIAN_POINT('Ctrl Pts',(4.72308144598502,-3.33097710757899,58.));
#4670=CARTESIAN_POINT('Ctrl Pts',(4.80108974903262,-3.19377458877734,58.));
#4671=CARTESIAN_POINT('Ctrl Pts',(4.87347962158353,-3.05338392074856,58.));
#4672=CARTESIAN_POINT('Ctrl Pts',(4.8941422118445,-3.01331153565211,58.));
#4673=CARTESIAN_POINT('Ctrl Pts',(4.91434676770738,-2.97297938565855,58.));
#4674=CARTESIAN_POINT('Ctrl Pts',(4.93408634463704,-2.93239503308817,58.));
#4675=CARTESIAN_POINT('Ctrl Pts',(4.9430575639527,-2.91395030506841,58.));
#4676=CARTESIAN_POINT('Ctrl Pts',(4.95192894673575,-2.89546125153707,58.));
#4677=CARTESIAN_POINT('Ctrl Pts',(4.96069873897561,-2.87693159162177,58.));
#4678=CARTESIAN_POINT('Ctrl Pts',(5.02983489190509,-2.7308540829879,58.));
#4679=CARTESIAN_POINT('Ctrl Pts',(5.09268987587857,-2.58219582396691,58.));
#4680=CARTESIAN_POINT('Ctrl Pts',(5.14907270587161,-2.43133860247137,58.));
#4681=CARTESIAN_POINT('Ctrl Pts',(5.20498424952252,-2.28174234904204,58.));
#4682=CARTESIAN_POINT('Ctrl Pts',(5.2545315682028,-2.12998303386523,58.));
#4683=CARTESIAN_POINT('Ctrl Pts',(5.29747923098772,-1.97642010570092,58.));
#4684=CARTESIAN_POINT('Ctrl Pts',(5.32068865834322,-1.89343287439157,58.));
#4685=CARTESIAN_POINT('Ctrl Pts',(5.3419698226791,-1.80991874808105,58.));
#4686=CARTESIAN_POINT('Ctrl Pts',(5.36127921779188,-1.72593396143778,58.));
#4687=CARTESIAN_POINT('Ctrl Pts',(5.39726927612241,-1.56939786320622,58.));
#4688=CARTESIAN_POINT('Ctrl Pts',(5.42641235243317,-1.41122596158638,58.));
#4689=CARTESIAN_POINT('Ctrl Pts',(5.44866382390201,-1.2518735502551,58.));
#4690=CARTESIAN_POINT('Ctrl Pts',(5.46180154591539,-1.15778864062728,58.));
#4691=CARTESIAN_POINT('Ctrl Pts',(5.47253591375169,-1.06329234900415,58.));
#4692=CARTESIAN_POINT('Ctrl Pts',(5.48084950023987,-0.968480773245436,58.));
#4693=CARTESIAN_POINT('Ctrl Pts',(5.48422280181615,-0.930010248110375,58.));
#4694=CARTESIAN_POINT('Ctrl Pts',(5.48719747818228,-0.8914878418789,58.));
#4695=CARTESIAN_POINT('Ctrl Pts',(5.48977208177367,-0.852920098228348,58.));
#4696=CARTESIAN_POINT('Ctrl Pts',(5.49121890935831,-0.831246518816775,58.));
#4697=CARTESIAN_POINT('Ctrl Pts',(5.49253946902816,-0.809556366647152,58.));
#4698=CARTESIAN_POINT('Ctrl Pts',(5.4937326004934,-0.787869331637355,58.));
#4699=CARTESIAN_POINT('Ctrl Pts',(5.50239377243594,-0.630438952324511,58.));
#4700=CARTESIAN_POINT('Ctrl Pts',(5.50435901136289,-0.472975224785345,58.));
#4701=CARTESIAN_POINT('Ctrl Pts',(5.499661457566,-0.315905531640263,58.));
#4702=CARTESIAN_POINT('Ctrl Pts',(5.49497632286987,-0.159251089587291,58.));
#4703=CARTESIAN_POINT('Ctrl Pts',(5.48366344048589,-0.00298783944489145,
58.));
#4704=CARTESIAN_POINT('Ctrl Pts',(5.46570452631373,0.152453235826661,58.));
#4705=CARTESIAN_POINT('Ctrl Pts',(5.4480560525596,0.305207333927705,58.));
#4706=CARTESIAN_POINT('Ctrl Pts',(5.42398909486205,0.457168086252016,58.));
#4707=CARTESIAN_POINT('Ctrl Pts',(5.39343976794715,0.607909341468708,58.));
#4708=CARTESIAN_POINT('Ctrl Pts',(5.36636550096985,0.741503413757083,58.));
#4709=CARTESIAN_POINT('Ctrl Pts',(5.33419906818628,0.874139717570102,58.));
#4710=CARTESIAN_POINT('Ctrl Pts',(5.29686660070078,1.00550397979508,58.));
#4711=CARTESIAN_POINT('Ctrl Pts',(5.28183725675015,1.0583887423832,58.));
#4712=CARTESIAN_POINT('Ctrl Pts',(5.26597032453218,1.11106712019636,58.));
#4713=CARTESIAN_POINT('Ctrl Pts',(5.24927227712822,1.1635199802664,58.));
#4714=CARTESIAN_POINT('Ctrl Pts',(5.24100957038954,1.18947526652704,58.));
#4715=CARTESIAN_POINT('Ctrl Pts',(5.2325433504837,1.21537532415172,58.));
#4716=CARTESIAN_POINT('Ctrl Pts',(5.22387435358093,1.24121778027452,58.));
#4717=CARTESIAN_POINT('Ctrl Pts',(5.2166803322756,1.26266330413552,58.));
#4718=CARTESIAN_POINT('Ctrl Pts',(5.20934657273918,1.28406923870296,58.));
#4719=CARTESIAN_POINT('Ctrl Pts',(5.20187852063844,1.30542035556347,58.));
#4720=CARTESIAN_POINT('Ctrl Pts',(5.15089046943777,1.4511948928846,58.));
#4721=CARTESIAN_POINT('Ctrl Pts',(5.09359234160681,1.59457892710067,58.));
#4722=CARTESIAN_POINT('Ctrl Pts',(5.03020572521611,1.73518706492038,58.));
#4723=CARTESIAN_POINT('Ctrl Pts',(4.96638737030313,1.8767529120027,58.));
#4724=CARTESIAN_POINT('Ctrl Pts',(4.89639686472422,2.01550561905378,58.));
#4725=CARTESIAN_POINT('Ctrl Pts',(4.82041844694179,2.15101888663519,58.));
#4726=CARTESIAN_POINT('Ctrl Pts',(4.79192654027338,2.20183636197821,58.));
#4727=CARTESIAN_POINT('Ctrl Pts',(4.76259219757631,2.25219790667074,58.));
#4728=CARTESIAN_POINT('Ctrl Pts',(4.73242382450604,2.30207954697519,58.));
#4729=CARTESIAN_POINT('Ctrl Pts',(4.71193085872473,2.33596346724806,58.));
#4730=CARTESIAN_POINT('Ctrl Pts',(4.69105303207378,2.36962592755978,58.));
#4731=CARTESIAN_POINT('Ctrl Pts',(4.66979281085015,2.40305917198402,58.));
#4732=CARTESIAN_POINT('Ctrl Pts',(4.65599930042737,2.42475047051674,58.));
#4733=CARTESIAN_POINT('Ctrl Pts',(4.64204955060628,2.44633781450671,58.));
#4734=CARTESIAN_POINT('Ctrl Pts',(4.62794657865939,2.46781622960669,58.));
#4735=CARTESIAN_POINT('Ctrl Pts',(4.5449284238331,2.59425045899524,58.));
#4736=CARTESIAN_POINT('Ctrl Pts',(4.45658129584408,2.7169485339031,58.));
#4737=CARTESIAN_POINT('Ctrl Pts',(4.36308856100645,2.8355206675368,58.));
#4738=CARTESIAN_POINT('Ctrl Pts',(4.27104696543804,2.95225239421643,58.));
#4739=CARTESIAN_POINT('Ctrl Pts',(4.1740177441268,3.06498572752248,58.));
#4740=CARTESIAN_POINT('Ctrl Pts',(4.07214523139909,3.17330878937568,58.));
#4741=CARTESIAN_POINT('Ctrl Pts',(4.04296260288905,3.20433925665767,58.));
#4742=CARTESIAN_POINT('Ctrl Pts',(4.01338236229348,3.23500753644496,58.));
#4743=CARTESIAN_POINT('Ctrl Pts',(3.9834075182032,3.2653032483673,58.));
#4744=CARTESIAN_POINT('Ctrl Pts',(3.94953567824761,3.29953767182197,58.));
#4745=CARTESIAN_POINT('Ctrl Pts',(3.91515995859193,3.33329636278141,58.));
#4746=CARTESIAN_POINT('Ctrl Pts',(3.88029173647482,3.36656978387603,58.));
#4747=CARTESIAN_POINT('Origin',(0.,0.,68.0000001490116));
#4748=CARTESIAN_POINT('',(-6.11953309245309,-6.59934217512319,68.0000001490116));
#4749=CARTESIAN_POINT('',(-8.77496451814928,-2.00000002980232,68.0000001490116));
#4750=CARTESIAN_POINT('Origin',(0.,0.,68.0000001490116));
#4751=CARTESIAN_POINT('',(-6.63103039194529,-7.48528148577796,68.0000001490116));
#4752=CARTESIAN_POINT('',(-1.73205083337845,1.00000001490116,68.0000001490116));
#4753=CARTESIAN_POINT('',(-5.00000007450581,-8.66025416689223,68.0000001490116));
#4754=CARTESIAN_POINT('Origin',(0.,0.,68.0000001490116));
#4755=CARTESIAN_POINT('',(-3.16692872518839,-9.48528151558028,68.0000001490116));
#4756=CARTESIAN_POINT('Origin',(0.,0.,68.0000001490116));
#4757=CARTESIAN_POINT('',(-2.65543142569619,-8.59934220492551,68.0000001490116));
#4758=CARTESIAN_POINT('',(1.73205083337845,-1.00000001490116,68.0000001490116));
#4759=CARTESIAN_POINT('',(2.6554314256962,-8.59934220492551,68.0000001490116));
#4760=CARTESIAN_POINT('Origin',(0.,0.,68.0000001490116));
#4761=CARTESIAN_POINT('',(3.1669287251884,-9.48528151558028,68.0000001490116));
#4762=CARTESIAN_POINT('',(-1.73205083337845,-1.00000001490116,68.0000001490116));
#4763=CARTESIAN_POINT('',(6.63103039194529,-7.48528148577796,68.0000001490116));
#4764=CARTESIAN_POINT('Origin',(0.,0.,68.0000001490116));
#4765=CARTESIAN_POINT('',(6.11953309245309,-6.59934217512319,68.0000001490116));
#4766=CARTESIAN_POINT('',(1.73205083337845,1.00000001490116,68.0000001490116));
#4767=CARTESIAN_POINT('',(8.77496451814928,-2.00000002980232,68.0000001490116));
#4768=CARTESIAN_POINT('Origin',(0.,0.,68.0000001490116));
#4769=CARTESIAN_POINT('',(9.79795911713368,-2.00000002980232,68.0000001490116));
#4770=CARTESIAN_POINT('',(0.,-2.00000002980232,68.0000001490116));
#4771=CARTESIAN_POINT('',(9.79795911713368,2.00000002980232,68.0000001490116));
#4772=CARTESIAN_POINT('Origin',(0.,0.,68.0000001490116));
#4773=CARTESIAN_POINT('',(8.77496451814928,2.00000002980232,68.0000001490116));
#4774=CARTESIAN_POINT('',(0.,2.00000002980232,68.0000001490116));
#4775=CARTESIAN_POINT('',(6.11953309245309,6.59934217512319,68.0000001490116));
#4776=CARTESIAN_POINT('Origin',(0.,0.,68.0000001490116));
#4777=CARTESIAN_POINT('',(6.63103039194529,7.48528148577796,68.0000001490116));
#4778=CARTESIAN_POINT('',(1.73205083337845,-1.00000001490116,68.0000001490116));
#4779=CARTESIAN_POINT('',(3.16692872518839,9.48528151558028,68.0000001490116));
#4780=CARTESIAN_POINT('Origin',(0.,0.,68.0000001490116));
#4781=CARTESIAN_POINT('',(2.65543142569619,8.59934220492551,68.0000001490116));
#4782=CARTESIAN_POINT('',(-1.73205083337845,1.00000001490116,68.0000001490116));
#4783=CARTESIAN_POINT('',(-2.6554314256962,8.59934220492551,68.0000001490116));
#4784=CARTESIAN_POINT('Origin',(0.,0.,68.0000001490116));
#4785=CARTESIAN_POINT('',(-3.1669287251884,9.48528151558028,68.0000001490116));
#4786=CARTESIAN_POINT('',(1.73205083337845,1.00000001490116,68.0000001490116));
#4787=CARTESIAN_POINT('',(-6.63103039194529,7.48528148577796,68.0000001490116));
#4788=CARTESIAN_POINT('Origin',(0.,0.,68.0000001490116));
#4789=CARTESIAN_POINT('',(-6.11953309245309,6.59934217512319,68.0000001490116));
#4790=CARTESIAN_POINT('',(-1.73205083337845,-1.00000001490116,68.0000001490116));
#4791=CARTESIAN_POINT('',(-8.77496451814928,2.00000002980232,68.0000001490116));
#4792=CARTESIAN_POINT('Origin',(0.,0.,68.0000001490116));
#4793=CARTESIAN_POINT('',(-9.79795911713368,2.00000002980232,68.0000001490116));
#4794=CARTESIAN_POINT('',(0.,2.00000002980232,68.0000001490116));
#4795=CARTESIAN_POINT('',(-9.79795911713368,-2.00000002980232,68.0000001490116));
#4796=CARTESIAN_POINT('Origin',(0.,0.,68.0000001490116));
#4797=CARTESIAN_POINT('',(0.,-2.00000002980232,68.0000001490116));
#4798=CARTESIAN_POINT('Origin',(-1.85163164803816E-16,-3.2071200913046E-16,
64.));
#4799=CARTESIAN_POINT('Origin',(0.,2.00000002980232,68.0000001490116));
#4800=CARTESIAN_POINT('',(9.79795911713368,2.00000002980232,78.0000002980232));
#4801=CARTESIAN_POINT('',(9.79795911713368,2.00000002980232,68.2500001527369));
#4802=CARTESIAN_POINT('',(10.3077642176418,2.00000002980232,83.000000372529));
#4803=CARTESIAN_POINT('Ctrl Pts',(10.3077642176418,2.00000002980232,83.000000372529));
#4804=CARTESIAN_POINT('Ctrl Pts',(10.046644532544,2.00000002980232,80.4366097949375));
#4805=CARTESIAN_POINT('Ctrl Pts',(9.79795911713368,2.00000002980232,78.0000002980232));
#4806=CARTESIAN_POINT('',(8.77496451814928,2.00000002980232,83.000000372529));
#4807=CARTESIAN_POINT('',(2.62500003911555,2.00000002980232,83.000000372529));
#4808=CARTESIAN_POINT('',(8.77496451814928,2.00000002980232,75.5000002607703));
#4809=CARTESIAN_POINT('Origin',(0.,2.00000002980232,68.0000001490116));
#4810=CARTESIAN_POINT('',(-9.79795911713368,2.00000002980232,78.0000002980232));
#4811=CARTESIAN_POINT('',(-9.79795911713368,2.00000002980232,68.2500001527369));
#4812=CARTESIAN_POINT('',(-8.77496451814928,2.00000002980232,83.000000372529));
#4813=CARTESIAN_POINT('',(-8.77496451814928,2.00000002980232,75.5000002607703));
#4814=CARTESIAN_POINT('',(-10.3077642176418,2.00000002980232,83.000000372529));
#4815=CARTESIAN_POINT('',(2.62500003911555,2.00000002980232,83.000000372529));
#4816=CARTESIAN_POINT('Ctrl Pts',(-9.79795911713368,2.00000002980232,78.0000002980232));
#4817=CARTESIAN_POINT('Ctrl Pts',(-10.046644532544,2.00000002980232,80.4366097949375));
#4818=CARTESIAN_POINT('Ctrl Pts',(-10.3077642176418,2.00000002980232,83.000000372529));
#4819=CARTESIAN_POINT('Origin',(0.,-2.00000002980232,83.000000372529));
#4820=CARTESIAN_POINT('',(9.79795911713368,-2.00000002980232,78.0000002980232));
#4821=CARTESIAN_POINT('',(9.79795911713368,-2.00000002980232,68.2500001527369));
#4822=CARTESIAN_POINT('',(8.77496451814928,-2.00000002980232,83.000000372529));
#4823=CARTESIAN_POINT('',(8.77496451814928,-2.00000002980232,75.5000002607703));
#4824=CARTESIAN_POINT('',(10.3077642176418,-2.00000002980232,83.000000372529));
#4825=CARTESIAN_POINT('',(2.62500003911555,-2.00000002980232,83.000000372529));
#4826=CARTESIAN_POINT('Ctrl Pts',(9.79795911713368,-2.00000002980232,78.0000002980232));
#4827=CARTESIAN_POINT('Ctrl Pts',(10.046644532544,-2.00000002980232,80.4366097949375));
#4828=CARTESIAN_POINT('Ctrl Pts',(10.3077642176418,-2.00000002980232,83.000000372529));
#4829=CARTESIAN_POINT('Origin',(0.,-2.00000002980232,83.000000372529));
#4830=CARTESIAN_POINT('',(-9.79795911713368,-2.00000002980232,78.0000002980232));
#4831=CARTESIAN_POINT('',(-9.79795911713368,-2.00000002980232,68.2500001527369));
#4832=CARTESIAN_POINT('',(-10.3077642176418,-2.00000002980232,83.000000372529));
#4833=CARTESIAN_POINT('Ctrl Pts',(-10.3077642176418,-2.00000002980232,83.000000372529));
#4834=CARTESIAN_POINT('Ctrl Pts',(-10.046644532544,-2.00000002980232,80.4366097949375));
#4835=CARTESIAN_POINT('Ctrl Pts',(-9.79795911713368,-2.00000002980232,78.0000002980232));
#4836=CARTESIAN_POINT('',(-8.77496451814928,-2.00000002980232,83.000000372529));
#4837=CARTESIAN_POINT('',(2.62500003911555,-2.00000002980232,83.000000372529));
#4838=CARTESIAN_POINT('',(-8.77496451814928,-2.00000002980232,75.5000002607703));
#4839=CARTESIAN_POINT('Origin',(0.,0.,80.5000003352761));
#4840=CARTESIAN_POINT('',(-6.88593294219935,7.92678565379687,83.000000372529));
#4841=CARTESIAN_POINT('Origin',(0.,0.,83.000000372529));
#4842=CARTESIAN_POINT('',(-6.63103039194529,7.48528148577796,78.0000002980232));
#4843=CARTESIAN_POINT('Ctrl Pts',(-6.88593294219935,7.92678565379687,83.000000372529));
#4844=CARTESIAN_POINT('Ctrl Pts',(-6.75537309965044,7.70064937307397,80.4366097949375));
#4845=CARTESIAN_POINT('Ctrl Pts',(-6.63103039194529,7.48528148577795,78.0000002980232));
#4846=CARTESIAN_POINT('Origin',(0.,0.,78.0000002980232));
#4847=CARTESIAN_POINT('Origin',(0.,0.,68.2500001527369));
#4848=CARTESIAN_POINT('',(-5.00000007450581,-8.66025416689223,58.5000000074506));
#4849=CARTESIAN_POINT('Origin',(0.,0.,58.5000000074506));
#4850=CARTESIAN_POINT('',(-5.00000007450581,-8.66025416689223,68.2500001527369));
#4851=CARTESIAN_POINT('',(-6.63103039194529,-7.48528148577796,78.0000002980232));
#4852=CARTESIAN_POINT('',(-6.63103039194529,-7.48528148577796,68.2500001527369));
#4853=CARTESIAN_POINT('Origin',(0.,0.,78.0000002980232));
#4854=CARTESIAN_POINT('',(-6.63103039194529,7.48528148577796,68.2500001527369));
#4855=CARTESIAN_POINT('',(-3.1669287251884,9.48528151558028,78.0000002980232));
#4856=CARTESIAN_POINT('',(-3.1669287251884,9.48528151558028,68.2500001527369));
#4857=CARTESIAN_POINT('',(3.16692872518839,9.48528151558028,78.0000002980232));
#4858=CARTESIAN_POINT('Origin',(0.,0.,78.0000002980232));
#4859=CARTESIAN_POINT('',(3.16692872518839,9.48528151558028,68.2500001527369));
#4860=CARTESIAN_POINT('',(6.63103039194529,7.48528148577796,78.0000002980232));
#4861=CARTESIAN_POINT('',(6.63103039194529,7.48528148577796,68.2500001527369));
#4862=CARTESIAN_POINT('Origin',(0.,0.,78.0000002980232));
#4863=CARTESIAN_POINT('',(6.63103039194529,-7.48528148577796,78.0000002980232));
#4864=CARTESIAN_POINT('Origin',(0.,0.,78.0000002980232));
#4865=CARTESIAN_POINT('',(6.63103039194529,-7.48528148577796,68.2500001527369));
#4866=CARTESIAN_POINT('',(3.1669287251884,-9.48528151558028,78.0000002980232));
#4867=CARTESIAN_POINT('',(3.1669287251884,-9.48528151558028,68.2500001527369));
#4868=CARTESIAN_POINT('',(-3.16692872518839,-9.48528151558028,78.0000002980232));
#4869=CARTESIAN_POINT('Origin',(0.,0.,78.0000002980232));
#4870=CARTESIAN_POINT('',(-3.16692872518839,-9.48528151558028,68.2500001527369));
#4871=CARTESIAN_POINT('Origin',(5.2500000782311,9.09326687523684,83.000000372529));
#4872=CARTESIAN_POINT('',(-6.11953309245309,6.59934217512319,83.000000372529));
#4873=CARTESIAN_POINT('Origin',(0.,0.,83.000000372529));
#4874=CARTESIAN_POINT('',(-3.04455085293622,1.27331670390805,83.000000372529));
#4875=CARTESIAN_POINT('Origin',(0.,0.,80.5000003352761));
#4876=CARTESIAN_POINT('',(6.88593294219935,-7.92678565379687,83.000000372529));
#4877=CARTESIAN_POINT('Origin',(0.,0.,83.000000372529));
#4878=CARTESIAN_POINT('Ctrl Pts',(6.88593294219935,-7.92678565379687,83.000000372529));
#4879=CARTESIAN_POINT('Ctrl Pts',(6.75537309965044,-7.70064937307397,80.4366097949375));
#4880=CARTESIAN_POINT('Ctrl Pts',(6.63103039194529,-7.48528148577795,78.0000002980232));
#4881=CARTESIAN_POINT('Origin',(0.,0.,75.5000002607703));
#4882=CARTESIAN_POINT('',(-6.11953309245309,6.59934217512319,75.5000002607703));
#4883=CARTESIAN_POINT('Origin',(5.2500000782311,9.09326687523684,83.000000372529));
#4884=CARTESIAN_POINT('',(6.11953309245309,-6.59934217512319,83.000000372529));
#4885=CARTESIAN_POINT('Origin',(0.,0.,83.000000372529));
#4886=CARTESIAN_POINT('',(0.41955081382067,3.27331673371037,83.000000372529));
#4887=CARTESIAN_POINT('Origin',(0.,0.,75.5000002607703));
#4888=CARTESIAN_POINT('',(6.11953309245309,-6.59934217512319,75.5000002607703));
#4889=CARTESIAN_POINT('Origin',(1.73205083337845,1.00000001490116,68.0000001490116));
#4890=CARTESIAN_POINT('Origin',(1.73205083337845,1.00000001490116,68.0000001490116));
#4891=CARTESIAN_POINT('',(-2.6554314256962,8.59934220492551,83.000000372529));
#4892=CARTESIAN_POINT('',(-2.6554314256962,8.59934220492551,75.5000002607703));
#4893=CARTESIAN_POINT('',(-3.42183127544246,9.92678568359919,83.000000372529));
#4894=CARTESIAN_POINT('',(0.41955081382067,3.27331673371037,83.000000372529));
#4895=CARTESIAN_POINT('Ctrl Pts',(-3.1669287251884,9.48528151558028,78.0000002980232));
#4896=CARTESIAN_POINT('Ctrl Pts',(-3.29127143289355,9.70064940287629,80.4366097949375));
#4897=CARTESIAN_POINT('Ctrl Pts',(-3.42183127544246,9.92678568359919,83.000000372529));
#4898=CARTESIAN_POINT('Origin',(-1.73205083337845,-1.00000001490116,83.000000372529));
#4899=CARTESIAN_POINT('',(2.6554314256962,-8.59934220492551,83.000000372529));
#4900=CARTESIAN_POINT('',(2.6554314256962,-8.59934220492551,75.5000002607703));
#4901=CARTESIAN_POINT('',(3.42183127544246,-9.92678568359919,83.000000372529));
#4902=CARTESIAN_POINT('',(-3.04455085293622,1.27331670390805,83.000000372529));
#4903=CARTESIAN_POINT('Ctrl Pts',(3.1669287251884,-9.48528151558028,78.0000002980232));
#4904=CARTESIAN_POINT('Ctrl Pts',(3.29127143289355,-9.70064940287629,80.4366097949375));
#4905=CARTESIAN_POINT('Ctrl Pts',(3.42183127544246,-9.92678568359919,83.000000372529));
#4906=CARTESIAN_POINT('Origin',(-1.73205083337845,-1.00000001490116,83.000000372529));
#4907=CARTESIAN_POINT('Origin',(0.,0.,80.5000003352761));
#4908=CARTESIAN_POINT('',(3.42183127544246,9.9267856835992,83.000000372529));
#4909=CARTESIAN_POINT('Origin',(0.,0.,83.000000372529));
#4910=CARTESIAN_POINT('Ctrl Pts',(3.42183127544246,9.9267856835992,83.000000372529));
#4911=CARTESIAN_POINT('Ctrl Pts',(3.29127143289355,9.70064940287629,80.4366097949375));
#4912=CARTESIAN_POINT('Ctrl Pts',(3.16692872518839,9.48528151558028,78.0000002980232));
#4913=CARTESIAN_POINT('Origin',(5.2500000782311,9.09326687523684,83.000000372529));
#4914=CARTESIAN_POINT('',(2.65543142569619,8.59934220492551,83.000000372529));
#4915=CARTESIAN_POINT('Origin',(0.,0.,83.000000372529));
#4916=CARTESIAN_POINT('',(0.892949205737102,5.54663345251958,83.000000372529));
#4917=CARTESIAN_POINT('Origin',(0.,0.,80.5000003352761));
#4918=CARTESIAN_POINT('',(-3.42183127544246,-9.9267856835992,83.000000372529));
#4919=CARTESIAN_POINT('Origin',(0.,0.,83.000000372529));
#4920=CARTESIAN_POINT('Ctrl Pts',(-3.42183127544246,-9.9267856835992,83.000000372529));
#4921=CARTESIAN_POINT('Ctrl Pts',(-3.29127143289355,-9.70064940287629,80.4366097949375));
#4922=CARTESIAN_POINT('Ctrl Pts',(-3.16692872518839,-9.48528151558028,78.0000002980232));
#4923=CARTESIAN_POINT('Origin',(0.,0.,75.5000002607703));
#4924=CARTESIAN_POINT('',(2.65543142569619,8.59934220492551,75.5000002607703));
#4925=CARTESIAN_POINT('Origin',(5.2500000782311,9.09326687523684,83.000000372529));
#4926=CARTESIAN_POINT('',(-2.65543142569619,-8.59934220492551,83.000000372529));
#4927=CARTESIAN_POINT('Origin',(0.,0.,83.000000372529));
#4928=CARTESIAN_POINT('',(4.35705087249399,3.54663342271726,83.000000372529));
#4929=CARTESIAN_POINT('Origin',(0.,0.,75.5000002607703));
#4930=CARTESIAN_POINT('',(-2.65543142569619,-8.59934220492551,75.5000002607703));
#4931=CARTESIAN_POINT('Origin',(1.73205083337845,-1.00000001490116,83.000000372529));
#4932=CARTESIAN_POINT('',(6.11953309245309,6.59934217512319,83.000000372529));
#4933=CARTESIAN_POINT('',(6.11953309245309,6.59934217512319,75.5000002607703));
#4934=CARTESIAN_POINT('',(6.88593294219935,7.92678565379687,83.000000372529));
#4935=CARTESIAN_POINT('',(4.35705087249399,3.54663342271726,83.000000372529));
#4936=CARTESIAN_POINT('Ctrl Pts',(6.63103039194528,7.48528148577796,78.0000002980232));
#4937=CARTESIAN_POINT('Ctrl Pts',(6.75537309965044,7.70064937307397,80.4366097949375));
#4938=CARTESIAN_POINT('Ctrl Pts',(6.88593294219935,7.92678565379687,83.000000372529));
#4939=CARTESIAN_POINT('Origin',(-1.73205083337845,1.00000001490116,68.0000001490116));
#4940=CARTESIAN_POINT('Origin',(-1.73205083337845,1.00000001490116,68.0000001490116));
#4941=CARTESIAN_POINT('',(-6.11953309245309,-6.59934217512319,83.000000372529));
#4942=CARTESIAN_POINT('',(-6.11953309245309,-6.59934217512319,75.5000002607703));
#4943=CARTESIAN_POINT('',(-6.88593294219935,-7.92678565379687,83.000000372529));
#4944=CARTESIAN_POINT('',(0.892949205737102,5.54663345251958,83.000000372529));
#4945=CARTESIAN_POINT('Ctrl Pts',(-6.63103039194528,-7.48528148577796,78.0000002980232));
#4946=CARTESIAN_POINT('Ctrl Pts',(-6.75537309965044,-7.70064937307397,80.4366097949375));
#4947=CARTESIAN_POINT('Ctrl Pts',(-6.88593294219935,-7.92678565379687,83.000000372529));
#4948=CARTESIAN_POINT('Origin',(1.73205083337845,-1.00000001490116,83.000000372529));
#4949=CARTESIAN_POINT('Origin',(0.,0.,80.5000003352761));
#4950=CARTESIAN_POINT('Origin',(0.,0.,83.000000372529));
#4951=CARTESIAN_POINT('Origin',(5.2500000782311,9.09326687523684,83.000000372529));
#4952=CARTESIAN_POINT('Origin',(0.,0.,83.000000372529));
#4953=CARTESIAN_POINT('Origin',(0.,0.,75.5000002607703));
#4954=CARTESIAN_POINT('Origin',(0.,0.,75.5000002607703));
#4955=CARTESIAN_POINT('Origin',(0.,0.,83.000000372529));
#4956=CARTESIAN_POINT('Origin',(0.,0.,58.));
#4957=CARTESIAN_POINT('',(-4.75000007078052,-8.22724145854762,58.));
#4958=CARTESIAN_POINT('Origin',(0.,0.,58.));
#4959=CARTESIAN_POINT('Origin',(5.2500000782311,9.09326687523684,83.000000372529));
#4960=CARTESIAN_POINT('Origin',(0.,0.,83.000000372529));
#4961=CARTESIAN_POINT('Origin',(0.,0.,80.5000003352761));
#4962=CARTESIAN_POINT('Origin',(0.,0.,58.2500000037253));
#4963=CARTESIAN_POINT('',(-4.87500007264316,-8.44374781271992,58.2500000037253));
#4964=CARTESIAN_POINT('Origin',(-3.11853751248533E-16,0.,12.5000004470348));
#4965=CARTESIAN_POINT('',(4.26289909519457,-0.000108129890350472,24.9203187764458));
#4966=CARTESIAN_POINT('',(4.263,5.22066930476517E-16,25.0000004470348));
#4967=CARTESIAN_POINT('',(4.263,5.22066930476517E-16,12.5000004470348));
#4968=CARTESIAN_POINT('',(4.02805728795058,1.39673424780705,25.0000004470348));
#4969=CARTESIAN_POINT('Origin',(-3.11853751248533E-16,0.,25.0000004470348));
#4970=CARTESIAN_POINT('Ctrl Pts',(4.02805728795058,1.39673424780705,25.0000004470348));
#4971=CARTESIAN_POINT('Ctrl Pts',(4.1831869895082,0.948657176185286,24.9734398901718));
#4972=CARTESIAN_POINT('Ctrl Pts',(4.26244934359875,0.474200628866096,24.9468793333088));
#4973=CARTESIAN_POINT('Ctrl Pts',(4.26289909519457,-0.000108129890350472,
24.9203187764458));
#4974=CARTESIAN_POINT('Origin',(-3.11853751248533E-16,0.,12.5000004470348));
#4975=CARTESIAN_POINT('',(4.26281510968256,9.79899892722402E-5,23.4203187764458));
#4976=CARTESIAN_POINT('',(4.26313131760338,-0.000100475799828403,23.8296821176239));
#4977=CARTESIAN_POINT('',(4.263,5.22066930476517E-16,12.5000004470348));
#4978=CARTESIAN_POINT('',(0.804389495494514,-4.18642168677955,25.0000004470348));
#4979=CARTESIAN_POINT('Ctrl Pts',(4.26313131760338,-0.000100475799828403,
23.8296821176239));
#4980=CARTESIAN_POINT('Ctrl Pts',(4.26254406533825,0.586833363048422,23.8625546083849));
#4981=CARTESIAN_POINT('Ctrl Pts',(4.14033679010164,1.17400409050921,23.8954270991459));
#4982=CARTESIAN_POINT('Ctrl Pts',(3.90475577278812,1.7114829113162,23.9282995899069));
#4983=CARTESIAN_POINT('Ctrl Pts',(3.62029820340608,2.36047373708216,23.967992214245));
#4984=CARTESIAN_POINT('Ctrl Pts',(3.17054290565134,2.93701428346324,24.007684838583));
#4985=CARTESIAN_POINT('Ctrl Pts',(2.61028937154438,3.37085756208122,24.0473774629211));
#4986=CARTESIAN_POINT('Ctrl Pts',(2.05003583743742,3.8047008406992,24.0870700872592));
#4987=CARTESIAN_POINT('Ctrl Pts',(1.37928406697824,4.09584685155407,24.1267627115972));
#4988=CARTESIAN_POINT('Ctrl Pts',(0.679754425216857,4.2088262327123,24.1664553359353));
#4989=CARTESIAN_POINT('Ctrl Pts',(-0.0197752165445614,4.32180561387054,
24.2061479602734));
#4990=CARTESIAN_POINT('Ctrl Pts',(-0.748082729608176,4.25661836533211,24.2458405846115));
#4991=CARTESIAN_POINT('Ctrl Pts',(-1.41642521902769,4.02119984108092,24.2855332089495));
#4992=CARTESIAN_POINT('Ctrl Pts',(-2.08476770844716,3.78578131682973,24.3252258332876));
#4993=CARTESIAN_POINT('Ctrl Pts',(-2.69314517422253,3.3801315168658,24.3649184576257));
#4994=CARTESIAN_POINT('Ctrl Pts',(-3.16744637002202,2.85368807137093,24.4046110819637));
#4995=CARTESIAN_POINT('Ctrl Pts',(-3.64174756582151,2.32724462587606,24.4443037063018));
#4996=CARTESIAN_POINT('Ctrl Pts',(-3.98197249164512,1.68000753485026,24.4839963306399));
#4997=CARTESIAN_POINT('Ctrl Pts',(-4.14664333319039,0.990808902255419,24.523688954978));
#4998=CARTESIAN_POINT('Ctrl Pts',(-4.31131417473566,0.301610269660583,24.563381579316));
#4999=CARTESIAN_POINT('Ctrl Pts',(-4.3004309320026,-0.429549904503286,24.6030742036541));
#5000=CARTESIAN_POINT('Ctrl Pts',(-4.11536883364466,-1.1135354606388,24.6427668279922));
#5001=CARTESIAN_POINT('Ctrl Pts',(-3.93030673528672,-1.79752101677434,24.6824594523303));
#5002=CARTESIAN_POINT('Ctrl Pts',(-3.5710657813039,-2.43433195488151,24.7221520766683));
#5003=CARTESIAN_POINT('Ctrl Pts',(-3.08131729896867,-2.94648556038237,24.7618447010064));
#5004=CARTESIAN_POINT('Ctrl Pts',(-2.59156881663345,-3.45863916588322,24.8015373253445));
#5005=CARTESIAN_POINT('Ctrl Pts',(-1.97131280594582,-3.84613543877775,24.8412299496825));
#5006=CARTESIAN_POINT('Ctrl Pts',(-1.29633611131947,-4.06151633806091,24.8809225740206));
#5007=CARTESIAN_POINT('Ctrl Pts',(-0.621359416693137,-4.27689723734406,
24.9206151983587));
#5008=CARTESIAN_POINT('Ctrl Pts',(0.108337961871909,-4.32016276301584,24.9603078226968));
#5009=CARTESIAN_POINT('Ctrl Pts',(0.804389495494514,-4.18642168677954,25.0000004470348));
#5010=CARTESIAN_POINT('Origin',(-3.11853751248533E-16,0.,25.0000004470348));
#5011=CARTESIAN_POINT('Ctrl Pts',(4.26289909519457,-0.000108129890350472,
24.9203187764458));
#5012=CARTESIAN_POINT('Ctrl Pts',(4.26308560086333,-0.196797309142742,24.9093044866326));
#5013=CARTESIAN_POINT('Ctrl Pts',(4.24971914156302,-0.39346107401786,24.8982901968195));
#5014=CARTESIAN_POINT('Ctrl Pts',(4.22258968751404,-0.588207732484401,24.8872759070063));
#5015=CARTESIAN_POINT('Ctrl Pts',(4.12482221940413,-1.29002383563063,24.8475832826682));
#5016=CARTESIAN_POINT('Ctrl Pts',(3.84831564889365,-1.96694260466224,24.8078906583301));
#5017=CARTESIAN_POINT('Ctrl Pts',(3.42674092844241,-2.5364848053527,24.7681980339921));
#5018=CARTESIAN_POINT('Ctrl Pts',(3.00516620799117,-3.10602700604315,24.728505409654));
#5019=CARTESIAN_POINT('Ctrl Pts',(2.43852333759917,-3.56819263839246,24.6888127853159));
#5020=CARTESIAN_POINT('Ctrl Pts',(1.79586094959621,-3.86667398720325,24.6491201609778));
#5021=CARTESIAN_POINT('Ctrl Pts',(1.15319856159325,-4.16515533601403,24.6094275366398));
#5022=CARTESIAN_POINT('Ctrl Pts',(0.434516655979336,-4.29995240128629,24.5697349123017));
#5023=CARTESIAN_POINT('Ctrl Pts',(-0.272626078722832,-4.25464055927749,
24.5300422879636));
#5024=CARTESIAN_POINT('Ctrl Pts',(-0.979768813424999,-4.20932871726869,
24.4903496636256));
#5025=CARTESIAN_POINT('Ctrl Pts',(-1.67537237721542,-3.98390796797883,24.4506570392875));
#5026=CARTESIAN_POINT('Ctrl Pts',(-2.27468262280402,-3.60584391271568,24.4109644149494));
#5027=CARTESIAN_POINT('Ctrl Pts',(-2.87399286839262,-3.22777985745254,24.3712717906113));
#5028=CARTESIAN_POINT('Ctrl Pts',(-3.3770097957794,-2.6970724962161,24.3315791662733));
#5029=CARTESIAN_POINT('Ctrl Pts',(-3.72244757464023,-2.07838242146748,24.2918865419352));
#5030=CARTESIAN_POINT('Ctrl Pts',(-4.06788535350107,-1.45969234671883,24.2521939175971));
#5031=CARTESIAN_POINT('Ctrl Pts',(-4.25574398383593,-0.753019558458003,
24.212501293259));
#5032=CARTESIAN_POINT('Ctrl Pts',(-4.26313429864999,-0.0444645375409872,
24.172808668921));
#5033=CARTESIAN_POINT('Ctrl Pts',(-4.27052461346404,0.664090483375988,24.1331160445829));
#5034=CARTESIAN_POINT('Ctrl Pts',(-4.0974466127573,1.37452773694915,24.0934234202448));
#5035=CARTESIAN_POINT('Ctrl Pts',(-3.76498828848354,2.00028830375934,24.0537307959068));
#5036=CARTESIAN_POINT('Ctrl Pts',(-3.43252996420977,2.62604887056954,24.0140381715687));
#5037=CARTESIAN_POINT('Ctrl Pts',(-2.94069131636898,3.16713275061676,23.9743455472306));
#5038=CARTESIAN_POINT('Ctrl Pts',(-2.34939732299343,3.55761476420438,23.9346529228925));
#5039=CARTESIAN_POINT('Ctrl Pts',(-1.75810332961787,3.948096777792,23.8949602985545));
#5040=CARTESIAN_POINT('Ctrl Pts',(-1.06735399070756,4.18797692492,23.8552676742164));
#5041=CARTESIAN_POINT('Ctrl Pts',(-0.36130963167038,4.24802845801335,23.8155750498783));
#5042=CARTESIAN_POINT('Ctrl Pts',(0.344734727366775,4.30807999110669,23.7758824255402));
#5043=CARTESIAN_POINT('Ctrl Pts',(1.06607410653079,4.18830291016539,23.7361898012022));
#5044=CARTESIAN_POINT('Ctrl Pts',(1.71482125230006,3.90329072985665,23.6964971768641));
#5045=CARTESIAN_POINT('Ctrl Pts',(2.36356839806933,3.61827854954791,23.656804552526));
#5046=CARTESIAN_POINT('Ctrl Pts',(2.93972331044385,3.16803126987173,23.617111928188));
#5047=CARTESIAN_POINT('Ctrl Pts',(3.37308780392812,2.60740659304915,23.5774193038499));
#5048=CARTESIAN_POINT('Ctrl Pts',(3.80645229741239,2.04678191622656,23.5377266795118));
#5049=CARTESIAN_POINT('Ctrl Pts',(4.0970263720064,1.37577984225756,23.4980340551737));
#5050=CARTESIAN_POINT('Ctrl Pts',(4.20940677281524,0.676154618107346,23.4583414308357));
#5051=CARTESIAN_POINT('Ctrl Pts',(4.24529086304952,0.452757882618815,23.4456672127057));
#5052=CARTESIAN_POINT('Ctrl Pts',(4.2630066233297,0.226442778448772,23.4329929945758));
#5053=CARTESIAN_POINT('Ctrl Pts',(4.26281510968256,9.79899892722402E-5,
23.4203187764458));
#5054=CARTESIAN_POINT('Origin',(-3.11853751248533E-16,0.,12.5000004470348));
#5055=CARTESIAN_POINT('',(4.26329798167088,-5.93098096128911E-5,21.9203187764458));
#5056=CARTESIAN_POINT('',(4.26266809482133,4.80138085366333E-5,22.3296821176239));
#5057=CARTESIAN_POINT('',(4.263,5.22066930476517E-16,12.5000004470348));
#5058=CARTESIAN_POINT('Ctrl Pts',(4.26266809482133,4.80138085366333E-5,
22.3296821176239));
#5059=CARTESIAN_POINT('Ctrl Pts',(4.26278732029629,0.301324656967953,22.3465504919899));
#5060=CARTESIAN_POINT('Ctrl Pts',(4.23129694121422,0.602576737190219,22.363418866356));
#5061=CARTESIAN_POINT('Ctrl Pts',(4.16794113044013,0.896971145489603,22.3802872407221));
#5062=CARTESIAN_POINT('Ctrl Pts',(4.01885987683984,1.58970456498105,22.4199798650601));
#5063=CARTESIAN_POINT('Ctrl Pts',(3.69334027948035,2.24446717372651,22.4596724893982));
#5064=CARTESIAN_POINT('Ctrl Pts',(3.23104333383777,2.7814833232995,22.4993651137363));
#5065=CARTESIAN_POINT('Ctrl Pts',(2.76874638819519,3.31849947287248,22.5390577380743));
#5066=CARTESIAN_POINT('Ctrl Pts',(2.16967209426951,3.73776916327299,22.5787503624124));
#5067=CARTESIAN_POINT('Ctrl Pts',(1.50681109046867,3.98820897663159,22.6184429867505));
#5068=CARTESIAN_POINT('Ctrl Pts',(0.843950086667872,4.23864878999018,22.6581356110886));
#5069=CARTESIAN_POINT('Ctrl Pts',(0.117302372991907,4.32025872630688,22.6978282354266));
#5070=CARTESIAN_POINT('Ctrl Pts',(-0.58459799065085,4.2230955103433,22.7375208597647));
#5071=CARTESIAN_POINT('Ctrl Pts',(-1.28649835429365,4.12593229437971,22.7772134841028));
#5072=CARTESIAN_POINT('Ctrl Pts',(-1.96365136790325,3.84999592613583,22.8169061084408));
#5073=CARTESIAN_POINT('Ctrl Pts',(-2.53355335508138,3.42890622594837,22.8565987327789));
#5074=CARTESIAN_POINT('Ctrl Pts',(-3.10345534225949,3.00781652576092,22.896291357117));
#5075=CARTESIAN_POINT('Ctrl Pts',(-3.56610630300615,2.44157349362991,22.9359839814551));
#5076=CARTESIAN_POINT('Ctrl Pts',(-3.86513729192604,1.79916764243606,22.9756766057931));
#5077=CARTESIAN_POINT('Ctrl Pts',(-4.16416828084593,1.1567617912422,23.0153692301312));
#5078=CARTESIAN_POINT('Ctrl Pts',(-4.29957929793905,0.43819312098556,23.0550618544693));
#5079=CARTESIAN_POINT('Ctrl Pts',(-4.25487198633734,-0.268988659024903,
23.0947544788073));
#5080=CARTESIAN_POINT('Ctrl Pts',(-4.21016467473563,-0.976170439035385,
23.1344471031454));
#5081=CARTESIAN_POINT('Ctrl Pts',(-3.98533903443904,-1.6719653287997,23.1741397274835));
#5082=CARTESIAN_POINT('Ctrl Pts',(-3.60778762221593,-2.27159832859768,23.2138323518216));
#5083=CARTESIAN_POINT('Ctrl Pts',(-3.23023620999283,-2.87123132839565,23.2535249761596));
#5084=CARTESIAN_POINT('Ctrl Pts',(-2.69995902584322,-3.37470243822731,23.2932176004977));
#5085=CARTESIAN_POINT('Ctrl Pts',(-2.08156450204809,-3.72066925409431,23.3329102248358));
#5086=CARTESIAN_POINT('Ctrl Pts',(-1.46316997825298,-4.0666360699613,23.3726028491739));
#5087=CARTESIAN_POINT('Ctrl Pts',(-0.756658114812377,-4.25509859186358,
23.4122954735119));
#5088=CARTESIAN_POINT('Ctrl Pts',(-0.0481097017316697,-4.26309466141988,
23.45198809785));
#5089=CARTESIAN_POINT('Ctrl Pts',(0.660438711349058,-4.27109073097618,23.4916807221881));
#5090=CARTESIAN_POINT('Ctrl Pts',(1.3710236740699,-4.09862034818649,23.5313733465261));
#5091=CARTESIAN_POINT('Ctrl Pts',(1.99706831582075,-3.76669726657614,23.5710659708642));
#5092=CARTESIAN_POINT('Ctrl Pts',(2.62311295757159,-3.43477418496578,23.6107585952023));
#5093=CARTESIAN_POINT('Ctrl Pts',(3.16461727835241,-2.94339840453479,23.6504512195404));
#5094=CARTESIAN_POINT('Ctrl Pts',(3.5556046762521,-2.35243843109388,23.6901438438784));
#5095=CARTESIAN_POINT('Ctrl Pts',(3.94659207415178,-1.761478457653,23.7298364682165));
#5096=CARTESIAN_POINT('Ctrl Pts',(4.18706254917032,-1.07093429120216,23.7695290925546));
#5097=CARTESIAN_POINT('Ctrl Pts',(4.24771786617491,-0.364941655401364,23.8092217168927));
#5098=CARTESIAN_POINT('Ctrl Pts',(4.25813988716823,-0.243635388534665,23.8160418504697));
#5099=CARTESIAN_POINT('Ctrl Pts',(4.26325315622282,-0.121873030576879,23.8228619840468));
#5100=CARTESIAN_POINT('Ctrl Pts',(4.26313131760338,-0.000100475799828403,
23.8296821176239));
#5101=CARTESIAN_POINT('Ctrl Pts',(4.26281510968256,9.79899892722402E-5,
23.4203187764458));
#5102=CARTESIAN_POINT('Ctrl Pts',(4.26240684832394,-0.482415043555235,23.3933003702377));
#5103=CARTESIAN_POINT('Ctrl Pts',(4.18062066867592,-0.965062974554919,23.3662819640296));
#5104=CARTESIAN_POINT('Ctrl Pts',(4.01998557390053,-1.41986141953451,23.3392635578214));
#5105=CARTESIAN_POINT('Ctrl Pts',(3.78399724715332,-2.08800385869476,23.2995709334834));
#5106=CARTESIAN_POINT('Ctrl Pts',(3.37783386663526,-2.69604036268381,23.2598783091453));
#5107=CARTESIAN_POINT('Ctrl Pts',(2.85098199249519,-3.16988834728294,23.2201856848072));
#5108=CARTESIAN_POINT('Ctrl Pts',(2.32413011835512,-3.64373633188208,23.1804930604692));
#5109=CARTESIAN_POINT('Ctrl Pts',(1.67658975059302,-3.98339579709126,23.1408004361311));
#5110=CARTESIAN_POINT('Ctrl Pts',(0.987256585425605,-4.14748295883336,23.101107811793));
#5111=CARTESIAN_POINT('Ctrl Pts',(0.297923420258145,-4.31157012057548,23.0614151874549));
#5112=CARTESIAN_POINT('Ctrl Pts',(-0.433202542314691,-4.30008497885053,
23.0217225631169));
#5113=CARTESIAN_POINT('Ctrl Pts',(-1.1170416148859,-4.11442687250293,22.9820299387788));
#5114=CARTESIAN_POINT('Ctrl Pts',(-1.80088068745707,-3.92876876615535,22.9423373144407));
#5115=CARTESIAN_POINT('Ctrl Pts',(-2.43743287002661,-3.56893769518514,22.9026446901026));
#5116=CARTESIAN_POINT('Ctrl Pts',(-2.94914125514984,-3.0787751323308,22.8629520657646));
#5117=CARTESIAN_POINT('Ctrl Pts',(-3.46084964027306,-2.58861256947645,22.8232594414265));
#5118=CARTESIAN_POINT('Ctrl Pts',(-3.84771422794995,-1.96811851473797,22.7835668170884));
#5119=CARTESIAN_POINT('Ctrl Pts',(-4.06259980736416,-1.29289336912507,22.7438741927504));
#5120=CARTESIAN_POINT('Ctrl Pts',(-4.27748538677837,-0.617668223512136,
22.7041815684123));
#5121=CARTESIAN_POINT('Ctrl Pts',(-4.32039195792988,0.112288012975221,22.6644889440742));
#5122=CARTESIAN_POINT('Ctrl Pts',(-4.1860918254213,0.808038172082322,22.6247963197361));
#5123=CARTESIAN_POINT('Ctrl Pts',(-4.05179169291274,1.50378833118936,22.585103695398));
#5124=CARTESIAN_POINT('Ctrl Pts',(-3.74028485674414,2.16533241291615,22.54541107106));
#5125=CARTESIAN_POINT('Ctrl Pts',(-3.28952501123595,2.7120685203418,22.5057184467219));
#5126=CARTESIAN_POINT('Ctrl Pts',(-2.83876516572776,3.25880462776747,22.4660258223839));
#5127=CARTESIAN_POINT('Ctrl Pts',(-2.24875231087998,3.69073276089198,22.4263331980458));
#5128=CARTESIAN_POINT('Ctrl Pts',(-1.59137304750103,3.9552272099325,22.3866405737077));
#5129=CARTESIAN_POINT('Ctrl Pts',(-0.93399378412206,4.21972165897302,22.3469479493696));
#5130=CARTESIAN_POINT('Ctrl Pts',(-0.209248112211916,4.31678242392953,22.3072553250316));
#5131=CARTESIAN_POINT('Ctrl Pts',(0.494561650159305,4.2345837142173,22.2675627006935));
#5132=CARTESIAN_POINT('Ctrl Pts',(1.19837141253051,4.15238500450507,22.2278700763554));
#5133=CARTESIAN_POINT('Ctrl Pts',(1.88124526536279,3.89092682012411,22.1881774520173));
#5134=CARTESIAN_POINT('Ctrl Pts',(2.45998251287078,3.48206497568528,22.1484848276793));
#5135=CARTESIAN_POINT('Ctrl Pts',(3.03871976037878,3.07320313124646,22.1087922033412));
#5136=CARTESIAN_POINT('Ctrl Pts',(3.51332040256249,2.51693762674978,22.0690995790031));
#5137=CARTESIAN_POINT('Ctrl Pts',(3.82595955202912,1.88104331814949,22.0294069546651));
#5138=CARTESIAN_POINT('Ctrl Pts',(4.1123707415476,1.29849552896519,21.993044228592));
#5139=CARTESIAN_POINT('Ctrl Pts',(4.26285515646051,0.649118974955867,21.9566815025189));
#5140=CARTESIAN_POINT('Ctrl Pts',(4.26329798167088,-5.93098096128911E-5,
21.9203187764458));
#5141=CARTESIAN_POINT('Origin',(-3.11853751248533E-16,0.,12.5000004470348));
#5142=CARTESIAN_POINT('',(4.2626362175869,-8.52523640515468E-6,20.4203187764458));
#5143=CARTESIAN_POINT('',(4.26336089184998,1.63263317382778E-5,20.8296821176239));
#5144=CARTESIAN_POINT('',(4.263,5.22066930476517E-16,12.5000004470348));
#5145=CARTESIAN_POINT('Ctrl Pts',(4.26336089184998,1.63263317382778E-5,
20.8296821176239));
#5146=CARTESIAN_POINT('Ctrl Pts',(4.26336423051594,0.0154451323276483,20.830546375595));
#5147=CARTESIAN_POINT('Ctrl Pts',(4.26328222750746,0.0308739026980206,20.8314106335661));
#5148=CARTESIAN_POINT('Ctrl Pts',(4.26311466552453,0.0463017438112593,20.8322748915372));
#5149=CARTESIAN_POINT('Ctrl Pts',(4.25541907570779,0.754853498175666,20.8719675158753));
#5150=CARTESIAN_POINT('Ctrl Pts',(4.06725623173717,1.46144519534629,20.9116601402134));
#5151=CARTESIAN_POINT('Ctrl Pts',(3.72155171419095,2.07998638012189,20.9513527645515));
#5152=CARTESIAN_POINT('Ctrl Pts',(3.37584719664472,2.69852756489752,20.9910453888895));
#5153=CARTESIAN_POINT('Ctrl Pts',(2.87260100552288,3.22901823727811,21.0307380132276));
#5154=CARTESIAN_POINT('Ctrl Pts',(2.27312817445143,3.60682392215163,21.0704306375657));
#5155=CARTESIAN_POINT('Ctrl Pts',(1.67365534337998,3.98462960702515,21.1101232619037));
#5156=CARTESIAN_POINT('Ctrl Pts',(0.977955872358865,4.2097503043916,21.1498158862418));
#5157=CARTESIAN_POINT('Ctrl Pts',(0.270793118194393,4.25475752423439,21.1895085105799));
#5158=CARTESIAN_POINT('Ctrl Pts',(-0.436369635970119,4.29976474407719,21.229201134918));
#5159=CARTESIAN_POINT('Ctrl Pts',(-1.15499567327798,4.16465848639634,21.268893759256));
#5160=CARTESIAN_POINT('Ctrl Pts',(-1.79752828605962,3.86589996814516,21.3085863835941));
#5161=CARTESIAN_POINT('Ctrl Pts',(-2.44006089884123,3.567141449894,21.3482790079322));
#5162=CARTESIAN_POINT('Ctrl Pts',(-3.00650008709654,3.10473067107254,21.3879716322702));
#5163=CARTESIAN_POINT('Ctrl Pts',(-3.42783144299079,2.5350073178072,21.4276642566083));
#5164=CARTESIAN_POINT('Ctrl Pts',(-3.84916279888504,1.96528396454187,21.4673568809464));
#5165=CARTESIAN_POINT('Ctrl Pts',(-4.12538632241822,1.28824803683267,21.5070495052845));
#5166=CARTESIAN_POINT('Ctrl Pts',(-4.22284720421107,0.5863889432567,21.5467421296225));
#5167=CARTESIAN_POINT('Ctrl Pts',(-4.32030808600392,-0.115470150319287,
21.5864347539606));
#5168=CARTESIAN_POINT('Ctrl Pts',(-4.23900632605642,-0.84215240976208,21.6261273782987));
#5169=CARTESIAN_POINT('Ctrl Pts',(-3.98884765287999,-1.50511956502043,21.6658200026367));
#5170=CARTESIAN_POINT('Ctrl Pts',(-3.73868897970356,-2.16808672027876,21.7055126269748));
#5171=CARTESIAN_POINT('Ctrl Pts',(-3.31967339329821,-2.76733877135269,21.7452052513129));
#5172=CARTESIAN_POINT('Ctrl Pts',(-2.78285335114154,-3.22986342264379,21.784897875651));
#5173=CARTESIAN_POINT('Ctrl Pts',(-2.24603330898487,-3.69238807393488,21.824590499989));
#5174=CARTESIAN_POINT('Ctrl Pts',(-1.59140881107694,-4.01818532544312,21.8642831243271));
#5175=CARTESIAN_POINT('Ctrl Pts',(-0.898738678854411,-4.16756035229287,
21.9039757486652));
#5176=CARTESIAN_POINT('Ctrl Pts',(-0.206068546631884,-4.31693537914263,
21.9436683730033));
#5177=CARTESIAN_POINT('Ctrl Pts',(0.524647219905245,-4.28988818133387,21.9833609973413));
#5178=CARTESIAN_POINT('Ctrl Pts',(1.2043789120436,-4.08971416350451,22.0230536216794));
#5179=CARTESIAN_POINT('Ctrl Pts',(1.88411060418196,-3.88954014567516,22.0627462460175));
#5180=CARTESIAN_POINT('Ctrl Pts',(2.5128582219216,-3.51623930782522,22.1024388703555));
#5181=CARTESIAN_POINT('Ctrl Pts',(3.01401575813499,-3.01529426631715,22.1421314946936));
#5182=CARTESIAN_POINT('Ctrl Pts',(3.51517329434838,-2.51434922480907,22.1818241190317));
#5183=CARTESIAN_POINT('Ctrl Pts',(3.8887407490355,-1.88575997964288,22.2215167433698));
#5184=CARTESIAN_POINT('Ctrl Pts',(4.08920302145852,-1.20611324194108,22.2612093677078));
#5185=CARTESIAN_POINT('Ctrl Pts',(4.20447383290128,-0.815299399503966,22.2840336176798));
#5186=CARTESIAN_POINT('Ctrl Pts',(4.26250677328646,-0.40760320764177,22.3068578676519));
#5187=CARTESIAN_POINT('Ctrl Pts',(4.26266809482133,4.80138085366333E-5,
22.3296821176239));
#5188=CARTESIAN_POINT('Ctrl Pts',(4.26329798167088,-5.93098096128911E-5,
21.9203187764458));
#5189=CARTESIAN_POINT('Ctrl Pts',(4.26333853316575,-0.0595074831880921,
21.9169888781808));
#5190=CARTESIAN_POINT('Ctrl Pts',(4.2621208526829,-0.118953993902884,21.9136589799158));
#5191=CARTESIAN_POINT('Ctrl Pts',(4.2596341009835,-0.178347369651617,21.9103290816508));
#5192=CARTESIAN_POINT('Ctrl Pts',(4.22999184372173,-0.8863206361486,21.8706364573128));
#5193=CARTESIAN_POINT('Ctrl Pts',(4.02002967244864,-1.58674405643863,21.8309438329747));
#5194=CARTESIAN_POINT('Ctrl Pts',(3.65532917689002,-2.19427871226435,21.7912512086366));
#5195=CARTESIAN_POINT('Ctrl Pts',(3.29062868133142,-2.80181336809003,21.7515585842986));
#5196=CARTESIAN_POINT('Ctrl Pts',(2.7711898614873,-3.31645925945139,21.7118659599605));
#5197=CARTESIAN_POINT('Ctrl Pts',(2.16030064534811,-3.67551242417026,21.6721733356224));
#5198=CARTESIAN_POINT('Ctrl Pts',(1.54941142920891,-4.03456558888913,21.6324807112843));
#5199=CARTESIAN_POINT('Ctrl Pts',(0.847071816774637,-4.2380260269655,21.5927880869463));
#5200=CARTESIAN_POINT('Ctrl Pts',(0.138854193317571,-4.26110431361626,21.5530954626082));
#5201=CARTESIAN_POINT('Ctrl Pts',(-0.569363430139494,-4.28418260026701,
21.5134028382701));
#5202=CARTESIAN_POINT('Ctrl Pts',(-1.28345906461934,-4.12687873549216,21.4737102139321));
#5203=CARTESIAN_POINT('Ctrl Pts',(-1.91642798239078,-3.80835847141922,21.434017589594));
#5204=CARTESIAN_POINT('Ctrl Pts',(-2.54939690016221,-3.4898382073463,21.3943249652559));
#5205=CARTESIAN_POINT('Ctrl Pts',(-3.10123910122527,-3.01010154397528,21.3546323409178));
#5206=CARTESIAN_POINT('Ctrl Pts',(-3.50471866067582,-2.4275991366022,21.3149397165798));
#5207=CARTESIAN_POINT('Ctrl Pts',(-3.9081982201264,-1.84509672922909,21.2752470922417));
#5208=CARTESIAN_POINT('Ctrl Pts',(-4.1633151379645,-1.15982857785389,21.2355544679036));
#5209=CARTESIAN_POINT('Ctrl Pts',(-4.23898621341926,-0.455287097294077,
21.1958618435655));
#5210=CARTESIAN_POINT('Ctrl Pts',(-4.31465728887401,0.249254383265732,21.1561692192275));
#5211=CARTESIAN_POINT('Ctrl Pts',(-4.21088252194543,0.973069193010141,21.1164765948894));
#5212=CARTESIAN_POINT('Ctrl Pts',(-3.94030573078059,1.62796842920822,21.0767839705513));
#5213=CARTESIAN_POINT('Ctrl Pts',(-3.66972893961576,2.28286766540629,21.0370913462132));
#5214=CARTESIAN_POINT('Ctrl Pts',(-3.23235012421468,2.86885132805801,20.9973987218752));
#5215=CARTESIAN_POINT('Ctrl Pts',(-2.68145910027151,3.3145237292999,20.9577060975371));
#5216=CARTESIAN_POINT('Ctrl Pts',(-2.13056807632834,3.76019613054179,20.918013473199));
#5217=CARTESIAN_POINT('Ctrl Pts',(-1.46616484384308,4.06555727037383,20.8783208488609));
#5218=CARTESIAN_POINT('Ctrl Pts',(-0.769199655912156,4.19340224017034,20.8386282245229));
#5219=CARTESIAN_POINT('Ctrl Pts',(-0.0722344679812104,4.32124720996686,
20.7989356001848));
#5220=CARTESIAN_POINT('Ctrl Pts',(0.657292675395396,4.27157600972785,20.7592429758467));
#5221=CARTESIAN_POINT('Ctrl Pts',(1.33049688623157,4.05044053088663,20.7195503515087));
#5222=CARTESIAN_POINT('Ctrl Pts',(2.00370109706772,3.82930505204541,20.6798577271706));
#5223=CARTESIAN_POINT('Ctrl Pts',(2.62058237536344,3.436705294602,20.6401651028325));
#5224=CARTESIAN_POINT('Ctrl Pts',(3.10598049737674,2.92047523674424,20.6004724784944));
#5225=CARTESIAN_POINT('Ctrl Pts',(3.59137861939006,2.40424517888647,20.5607798541564));
#5226=CARTESIAN_POINT('Ctrl Pts',(3.94529358512096,1.76438482061436,20.5210872298183));
#5227=CARTESIAN_POINT('Ctrl Pts',(4.12460473432916,1.07885413475156,20.4813946054802));
#5228=CARTESIAN_POINT('Ctrl Pts',(4.21657460930081,0.727240909659641,20.4610359958021));
#5229=CARTESIAN_POINT('Ctrl Pts',(4.26261089987748,0.363613045434906,20.4406773861239));
#5230=CARTESIAN_POINT('Ctrl Pts',(4.2626362175869,-8.52523640515468E-6,
20.4203187764458));
#5231=CARTESIAN_POINT('Origin',(-3.11853751248533E-16,0.,12.5000004470348));
#5232=CARTESIAN_POINT('',(4.26325590289235,7.43025560240307E-5,18.9203187764458));
#5233=CARTESIAN_POINT('',(4.26271586596185,-7.21839773284627E-5,19.3296821176239));
#5234=CARTESIAN_POINT('',(4.263,5.22066930476517E-16,12.5000004470348));
#5235=CARTESIAN_POINT('Ctrl Pts',(4.26271586596185,-7.21839773284627E-5,
19.3296821176239));
#5236=CARTESIAN_POINT('Ctrl Pts',(4.26245122366462,0.438437030625427,19.3542348835381));
#5237=CARTESIAN_POINT('Ctrl Pts',(4.19514455921851,0.87702563676806,19.3787876494524));
#5238=CARTESIAN_POINT('Ctrl Pts',(4.06204226427124,1.29464402295166,19.4033404153666));
#5239=CARTESIAN_POINT('Ctrl Pts',(3.84686571714288,1.96977650201149,19.4430330397047));
#5240=CARTESIAN_POINT('Ctrl Pts',(3.45973376388429,2.59010378105682,19.4827256640428));
#5241=CARTESIAN_POINT('Ctrl Pts',(2.94781419066168,3.0800457789169,19.5224182883808));
#5242=CARTESIAN_POINT('Ctrl Pts',(2.43589461743909,3.56998777677698,19.5621109127189));
#5243=CARTESIAN_POINT('Ctrl Pts',(1.79918742425248,3.92954449345182,19.601803537057));
#5244=CARTESIAN_POINT('Ctrl Pts',(1.11526840531342,4.11490788317308,19.6414961613951));
#5245=CARTESIAN_POINT('Ctrl Pts',(0.431349386374357,4.30027127289433,19.6811887857331));
#5246=CARTESIAN_POINT('Ctrl Pts',(-0.299781458317159,4.31144133566201,19.7208814100712));
#5247=CARTESIAN_POINT('Ctrl Pts',(-0.989043847343772,4.14705712173364,19.7605740344093));
#5248=CARTESIAN_POINT('Ctrl Pts',(-1.67830623637039,3.98267290780527,19.8002666587473));
#5249=CARTESIAN_POINT('Ctrl Pts',(-2.3257001697321,3.64273441718084,19.8399592830854));
#5250=CARTESIAN_POINT('Ctrl Pts',(-2.85234779103635,3.16865942976841,19.8796519074235));
#5251=CARTESIAN_POINT('Ctrl Pts',(-3.37899541234062,2.69458444235597,19.9193445317616));
#5252=CARTESIAN_POINT('Ctrl Pts',(-3.78489672158742,2.08637295815551,19.9590371560996));
#5253=CARTESIAN_POINT('Ctrl Pts',(-4.02059709226509,1.4181288815054,19.9987297804377));
#5254=CARTESIAN_POINT('Ctrl Pts',(-4.25629746294276,0.749884804855286,20.0384224047758));
#5255=CARTESIAN_POINT('Ctrl Pts',(-4.32179689505129,0.0216081357555199,
20.0781150291139));
#5256=CARTESIAN_POINT('Ctrl Pts',(-4.20911500055581,-0.677968594395264,
20.1178076534519));
#5257=CARTESIAN_POINT('Ctrl Pts',(-4.09643310606034,-1.37754532454603,20.15750027779));
#5258=CARTESIAN_POINT('Ctrl Pts',(-3.80556988496087,-2.04842211574781,20.1971929021281));
#5259=CARTESIAN_POINT('Ctrl Pts',(-3.37196383335918,-2.60885998271428,20.2368855264661));
#5260=CARTESIAN_POINT('Ctrl Pts',(-2.9383577817575,-3.16929784968074,20.2765781508042));
#5261=CARTESIAN_POINT('Ctrl Pts',(-2.3620088996536,-3.61929679241189,20.3162707751423));
#5262=CARTESIAN_POINT('Ctrl Pts',(-1.71313898248283,-3.90402937099453,20.3559633994804));
#5263=CARTESIAN_POINT('Ctrl Pts',(-1.06426906531204,-4.18876194957718,20.3956560238184));
#5264=CARTESIAN_POINT('Ctrl Pts',(-0.342878113074374,-4.30822816401132,
20.4353486481565));
#5265=CARTESIAN_POINT('Ctrl Pts',(0.363140291974893,-4.24787236522411,20.4750412724946));
#5266=CARTESIAN_POINT('Ctrl Pts',(1.06915869702416,-4.18751656643689,20.5147338968326));
#5267=CARTESIAN_POINT('Ctrl Pts',(1.75980455488503,-3.94733875442832,20.5544265211707));
#5268=CARTESIAN_POINT('Ctrl Pts',(2.35093023613565,-3.55660196363234,20.5941191455088));
#5269=CARTESIAN_POINT('Ctrl Pts',(2.94205591738626,-3.16586517283637,20.6338117698469));
#5270=CARTESIAN_POINT('Ctrl Pts',(3.43366142202662,-2.62456940325301,20.6735043941849));
#5271=CARTESIAN_POINT('Ctrl Pts',(3.76585000651537,-1.99866561268222,20.713197018523));
#5272=CARTESIAN_POINT('Ctrl Pts',(4.09080559402183,-1.38639010568226,20.75202538489));
#5273=CARTESIAN_POINT('Ctrl Pts',(4.26321089618963,-0.693150936034103,20.7908537512569));
#5274=CARTESIAN_POINT('Ctrl Pts',(4.26336089184998,1.63263317382778E-5,
20.8296821176239));
#5275=CARTESIAN_POINT('Ctrl Pts',(4.2626362175869,-8.52523640515468E-6,
20.4203187764458));
#5276=CARTESIAN_POINT('Ctrl Pts',(4.26266026112292,-0.345329983291171,20.4009847617859));
#5277=CARTESIAN_POINT('Ctrl Pts',(4.22118801454623,-0.690645765327752,20.3816507471259));
#5278=CARTESIAN_POINT('Ctrl Pts',(4.13815319548271,-1.02566007489678,20.362316732466));
#5279=CARTESIAN_POINT('Ctrl Pts',(3.96768317474254,-1.71344258522887,20.3226241081279));
#5280=CARTESIAN_POINT('Ctrl Pts',(3.6220358005767,-2.35780659243958,20.2829314837899));
#5281=CARTESIAN_POINT('Ctrl Pts',(3.14332441779264,-2.88024340343478,20.2432388594518));
#5282=CARTESIAN_POINT('Ctrl Pts',(2.66461303500858,-3.40268021442998,20.2035462351137));
#5283=CARTESIAN_POINT('Ctrl Pts',(2.0528376436063,-3.80318982920966,20.1638536107757));
#5284=CARTESIAN_POINT('Ctrl Pts',(1.38253637096205,-4.03297454014876,20.1241609864376));
#5285=CARTESIAN_POINT('Ctrl Pts',(0.712235098317789,-4.26275925108787,20.0844683620995));
#5286=CARTESIAN_POINT('Ctrl Pts',(-0.0165920555684478,-4.32181905818637,
20.0447757377614));
#5287=CARTESIAN_POINT('Ctrl Pts',(-0.715145488759197,-4.20295817114903,
20.0050831134234));
#5288=CARTESIAN_POINT('Ctrl Pts',(-1.41369892194995,-4.08409728411169,19.9653904890853));
#5289=CARTESIAN_POINT('Ctrl Pts',(-2.08197863444522,-3.7873157029385,19.9256978647472));
#5290=CARTESIAN_POINT('Ctrl Pts',(-2.63856206653929,-3.34877301105061,19.8860052404091));
#5291=CARTESIAN_POINT('Ctrl Pts',(-3.19514549863334,-2.91023031916273,19.8463126160711));
#5292=CARTESIAN_POINT('Ctrl Pts',(-3.64003265032619,-2.32992651656015,19.806619991733));
#5293=CARTESIAN_POINT('Ctrl Pts',(-3.91901889742574,-1.67856526240147,19.7669273673949));
#5294=CARTESIAN_POINT('Ctrl Pts',(-4.1980051445253,-1.02720400824278,19.7272347430569));
#5295=CARTESIAN_POINT('Ctrl Pts',(-4.31109048703154,-0.304785302528019,
19.6875421187188));
#5296=CARTESIAN_POINT('Ctrl Pts',(-4.24449671519204,0.400672051988945,19.6478494943807));
#5297=CARTESIAN_POINT('Ctrl Pts',(-4.17790294335254,1.10612940650591,19.6081568700426));
#5298=CARTESIAN_POINT('Ctrl Pts',(-3.93163005716728,1.79462540982504,19.5684642457046));
#5299=CARTESIAN_POINT('Ctrl Pts',(-3.53568370906653,2.38227436874147,19.5287716213665));
#5300=CARTESIAN_POINT('Ctrl Pts',(-3.13973736096579,2.96992332765788,19.4890789970284));
#5301=CARTESIAN_POINT('Ctrl Pts',(-2.59411755094955,3.45672524217161,19.4493863726904));
#5302=CARTESIAN_POINT('Ctrl Pts',(-1.96530207376007,3.78336863355865,19.4096937483523));
#5303=CARTESIAN_POINT('Ctrl Pts',(-1.33648659657059,4.11001202494568,19.3700011240142));
#5304=CARTESIAN_POINT('Ctrl Pts',(-0.624475452207851,4.27649689320601,19.3303084996761));
#5305=CARTESIAN_POINT('Ctrl Pts',(0.0839806038749283,4.26253888154628,19.2906158753381));
#5306=CARTESIAN_POINT('Ctrl Pts',(0.792436659957707,4.24858086988655,19.250923251));
#5307=CARTESIAN_POINT('Ctrl Pts',(1.49733762776054,4.05417997830675,19.2112306266619));
#5308=CARTESIAN_POINT('Ctrl Pts',(2.11279904892804,3.70302182512739,19.1715380023238));
#5309=CARTESIAN_POINT('Ctrl Pts',(2.72826047009556,3.35186367194802,19.1318453779858));
#5310=CARTESIAN_POINT('Ctrl Pts',(3.25428234462775,2.84394825716908,19.0921527536477));
#5311=CARTESIAN_POINT('Ctrl Pts',(3.62677467145949,2.24115950815218,19.0524601293096));
#5312=CARTESIAN_POINT('Ctrl Pts',(3.99926699829123,1.63837075913529,19.0127675049715));
#5313=CARTESIAN_POINT('Ctrl Pts',(4.21822977742253,0.940708675880449,18.9730748806335));
#5314=CARTESIAN_POINT('Ctrl Pts',(4.2569847936932,0.233175737987295,18.9333822562954));
#5315=CARTESIAN_POINT('Ctrl Pts',(4.26123642635431,0.155555588725816,18.9290277630122));
#5316=CARTESIAN_POINT('Ctrl Pts',(4.2633192110096,0.0778166411225891,18.924673269729));
#5317=CARTESIAN_POINT('Ctrl Pts',(4.26325590289235,7.43025560240307E-5,
18.9203187764458));
#5318=CARTESIAN_POINT('Origin',(-3.11853751248533E-16,0.,12.5000004470348));
#5319=CARTESIAN_POINT('',(4.26286502231917,-0.000104880179960659,17.4203187764458));
#5320=CARTESIAN_POINT('',(4.2630343355482,0.000109376058286611,17.8296821176239));
#5321=CARTESIAN_POINT('',(4.263,5.22066930476517E-16,12.5000004470348));
#5322=CARTESIAN_POINT('Ctrl Pts',(4.2630343355482,0.000109376058286611,
17.8296821176239));
#5323=CARTESIAN_POINT('Ctrl Pts',(4.26319197719474,0.152754402600966,17.8382307671432));
#5324=CARTESIAN_POINT('Ctrl Pts',(4.25515238232262,0.305382909917304,17.8467794166625));
#5325=CARTESIAN_POINT('Ctrl Pts',(4.23878961956316,0.457113841371937,17.8553280661818));
#5326=CARTESIAN_POINT('Ctrl Pts',(4.16281492977412,1.16162264701384,17.8950206905199));
#5327=CARTESIAN_POINT('Ctrl Pts',(3.90740271986285,1.84678079327629,17.9347133148579));
#5328=CARTESIAN_POINT('Ctrl Pts',(3.50367216870343,2.4291092682593,17.974405939196));
#5329=CARTESIAN_POINT('Ctrl Pts',(3.099941617544,3.01143774324233,18.0140985635341));
#5330=CARTESIAN_POINT('Ctrl Pts',(2.54789272513643,3.49093654694591,18.0537911878722));
#5331=CARTESIAN_POINT('Ctrl Pts',(1.91478659946003,3.809184004668,18.0934838122102));
#5332=CARTESIAN_POINT('Ctrl Pts',(1.28168047378363,4.12743146239009,18.1331764365483));
#5333=CARTESIAN_POINT('Ctrl Pts',(0.567517114838406,4.28442757413068,18.1728690608864));
#5334=CARTESIAN_POINT('Ctrl Pts',(-0.140690498160349,4.26104408409696,18.2125616852244));
#5335=CARTESIAN_POINT('Ctrl Pts',(-0.848898111159084,4.23766059406323,18.2522543095625));
#5336=CARTESIAN_POINT('Ctrl Pts',(-1.55114997821135,4.0338975022552,18.2919469339006));
#5337=CARTESIAN_POINT('Ctrl Pts',(-2.16188440485837,3.67458110849664,18.3316395582387));
#5338=CARTESIAN_POINT('Ctrl Pts',(-2.7726188315054,3.31526471473809,18.3713321825767));
#5339=CARTESIAN_POINT('Ctrl Pts',(-3.29183581774719,2.80039501902901,18.4110248069148));
#5340=CARTESIAN_POINT('Ctrl Pts',(-3.65627446358628,2.19270325165472,18.4507174312529));
#5341=CARTESIAN_POINT('Ctrl Pts',(-4.02071310942537,1.58501148428042,18.4904100555909));
#5342=CARTESIAN_POINT('Ctrl Pts',(-4.23037341486175,0.8844976452409,18.530102679929));
#5343=CARTESIAN_POINT('Ctrl Pts',(-4.25971056921494,0.176511669327549,18.5697953042671));
#5344=CARTESIAN_POINT('Ctrl Pts',(-4.28904772356813,-0.531474306585802,
18.6094879286052));
#5345=CARTESIAN_POINT('Ctrl Pts',(-4.13806172683811,-1.24693241937299,18.6491805529432));
#5346=CARTESIAN_POINT('Ctrl Pts',(-3.82514856816479,-1.88269193825148,18.6888731772813));
#5347=CARTESIAN_POINT('Ctrl Pts',(-3.51223540949146,-2.51845145712999,18.7285658016194));
#5348=CARTESIAN_POINT('Ctrl Pts',(-3.03739508887482,-3.0745123820998,18.7682584259574));
#5349=CARTESIAN_POINT('Ctrl Pts',(-2.45848169590218,-3.48312478297924,18.8079510502955));
#5350=CARTESIAN_POINT('Ctrl Pts',(-1.87956830292957,-3.89173718385868,18.8476436746336));
#5351=CARTESIAN_POINT('Ctrl Pts',(-1.19658183760091,-4.15290106064777,18.8873362989717));
#5352=CARTESIAN_POINT('Ctrl Pts',(-0.492736716292617,-4.23479645689228,
18.9270289233097));
#5353=CARTESIAN_POINT('Ctrl Pts',(0.211108405015673,-4.31669185313679,18.9667215476478));
#5354=CARTESIAN_POINT('Ctrl Pts',(0.935812182303583,-4.21931876883674,19.0064141719859));
#5355=CARTESIAN_POINT('Ctrl Pts',(1.59307740188678,-3.954541047263,19.046106796324));
#5356=CARTESIAN_POINT('Ctrl Pts',(2.25034262146999,-3.68976332568925,19.085799420662));
#5357=CARTESIAN_POINT('Ctrl Pts',(2.84016928334841,-3.2575809668418,19.1254920450001));
#5358=CARTESIAN_POINT('Ctrl Pts',(3.2906934723158,-2.71065065512848,19.1651846693382));
#5359=CARTESIAN_POINT('Ctrl Pts',(3.74121766128318,-2.16372034341515,19.2048772936763));
#5360=CARTESIAN_POINT('Ctrl Pts',(4.05243937733952,-1.50204207883596,19.2445699180143));
#5361=CARTESIAN_POINT('Ctrl Pts',(4.18643966486863,-0.806234107009197,19.2842625423524));
#5362=CARTESIAN_POINT('Ctrl Pts',(4.23755105938524,-0.540833812639525,19.2994024007762));
#5363=CARTESIAN_POINT('Ctrl Pts',(4.26287905111691,-0.270468091705981,19.3145422592001));
#5364=CARTESIAN_POINT('Ctrl Pts',(4.26271586596185,-7.21839773284627E-5,
19.3296821176239));
#5365=CARTESIAN_POINT('Ctrl Pts',(4.26325590289235,7.43025560240307E-5,
18.9203187764458));
#5366=CARTESIAN_POINT('Ctrl Pts',(4.26274213690423,-0.630830092077988,18.8849806453909));
#5367=CARTESIAN_POINT('Ctrl Pts',(4.12088989755669,-1.26195781050656,18.8496425143361));
#5368=CARTESIAN_POINT('Ctrl Pts',(3.84986102100255,-1.8316278490693,18.8143043832812));
#5369=CARTESIAN_POINT('Ctrl Pts',(3.54543497863122,-2.47149470570122,18.7746117589431));
#5370=CARTESIAN_POINT('Ctrl Pts',(3.07803564047853,-3.03382462643357,18.734919134605));
#5371=CARTESIAN_POINT('Ctrl Pts',(2.50461049395969,-3.45010387264906,18.695226510267));
#5372=CARTESIAN_POINT('Ctrl Pts',(1.93118534744086,-3.86638311886453,18.6555338859289));
#5373=CARTESIAN_POINT('Ctrl Pts',(1.25173439255588,-4.13661169056314,18.6158412615908));
#5374=CARTESIAN_POINT('Ctrl Pts',(0.549041282476946,-4.22786519755031,18.5761486372527));
#5375=CARTESIAN_POINT('Ctrl Pts',(-0.153651827601989,-4.31911870453747,
18.5364560129147));
#5376=CARTESIAN_POINT('Ctrl Pts',(-0.879587092874873,-4.23139714681319,
18.4967633885766));
#5377=CARTESIAN_POINT('Ctrl Pts',(-1.54031725634139,-3.97538843490016,18.4570707642385));
#5378=CARTESIAN_POINT('Ctrl Pts',(-2.20104741980791,-3.71937972298713,18.4173781399005));
#5379=CARTESIAN_POINT('Ctrl Pts',(-2.79657248146806,-3.29508385688535,18.3776855155624));
#5380=CARTESIAN_POINT('Ctrl Pts',(-3.25433423854741,-2.75419663828476,18.3379928912243));
#5381=CARTESIAN_POINT('Ctrl Pts',(-3.71209599562676,-2.21330941968416,18.2983002668862));
#5382=CARTESIAN_POINT('Ctrl Pts',(-4.03209444812531,-1.55583084858475,18.2586076425482));
#5383=CARTESIAN_POINT('Ctrl Pts',(-4.17534129127017,-0.861867483976151,
18.2189150182101));
#5384=CARTESIAN_POINT('Ctrl Pts',(-4.31858813441503,-0.167904119367527,
18.179222393872));
#5385=CARTESIAN_POINT('Ctrl Pts',(-4.2850833682062,0.562544038750293,18.139529769534));
#5386=CARTESIAN_POINT('Ctrl Pts',(-4.07890918124832,1.24047988683781,18.0998371451959));
#5387=CARTESIAN_POINT('Ctrl Pts',(-3.87273499429045,1.91841573492533,18.0601445208578));
#5388=CARTESIAN_POINT('Ctrl Pts',(-3.49389138658353,2.54383927298255,18.0204518965197));
#5389=CARTESIAN_POINT('Ctrl Pts',(-2.9885363002151,3.04054949652487,17.9807592721817));
#5390=CARTESIAN_POINT('Ctrl Pts',(-2.4831812138467,3.53725972006718,17.9410666478436));
#5391=CARTESIAN_POINT('Ctrl Pts',(-1.85131464881679,3.90525662909459,17.9013740235055));
#5392=CARTESIAN_POINT('Ctrl Pts',(-1.16992262184154,4.0997038328914,17.8616813991674));
#5393=CARTESIAN_POINT('Ctrl Pts',(-0.48853059486628,4.29415103668822,17.8219887748294));
#5394=CARTESIAN_POINT('Ctrl Pts',(0.242386894054333,4.31504853525442,17.7822961504913));
#5395=CARTESIAN_POINT('Ctrl Pts',(0.933775558565668,4.15985019739248,17.7426035261532));
#5396=CARTESIAN_POINT('Ctrl Pts',(1.62516422307702,4.00465185953053,17.7029109018152));
#5397=CARTESIAN_POINT('Ctrl Pts',(2.2770240631791,3.67335768524042,17.6632182774771));
#5398=CARTESIAN_POINT('Ctrl Pts',(2.80993310068198,3.20633223921245,17.623525653139));
#5399=CARTESIAN_POINT('Ctrl Pts',(3.34284213818486,2.73930679318447,17.5838330288009));
#5400=CARTESIAN_POINT('Ctrl Pts',(3.75680037308855,2.13655007541862,17.5441404044629));
#5401=CARTESIAN_POINT('Ctrl Pts',(4.00137153078118,1.47150138673881,17.5044477801248));
#5402=CARTESIAN_POINT('Ctrl Pts',(4.17416205268481,1.00164177167851,17.4764047788985));
#5403=CARTESIAN_POINT('Ctrl Pts',(4.26240335010326,0.500689242571021,17.4483617776721));
#5404=CARTESIAN_POINT('Ctrl Pts',(4.26286502231917,-0.000104880179960659,
17.4203187764458));
#5405=CARTESIAN_POINT('Origin',(-3.11853751248533E-16,0.,12.5000004470348));
#5406=CARTESIAN_POINT('',(4.26284556421605,0.000102556235296591,15.9203187764458));
#5407=CARTESIAN_POINT('',(4.2630960932357,-0.000104720607807144,16.3296821176239));
#5408=CARTESIAN_POINT('',(4.263,5.22066930476517E-16,12.5000004470348));
#5409=CARTESIAN_POINT('Ctrl Pts',(4.2630960932357,-0.000104720607807144,
16.3296821176239));
#5410=CARTESIAN_POINT('Ctrl Pts',(4.26250822657717,0.575499220132826,16.3619192750863));
#5411=CARTESIAN_POINT('Ctrl Pts',(4.14510737228488,1.15133565020452,16.3941564325488));
#5412=CARTESIAN_POINT('Ctrl Pts',(3.91829516269552,1.68025400486644,16.4263935900112));
#5413=CARTESIAN_POINT('Ctrl Pts',(3.63902823784302,2.33149497056182,16.4660862143493));
#5414=CARTESIAN_POINT('Ctrl Pts',(3.19389104572596,2.91160699642617,16.5057788386873));
#5415=CARTESIAN_POINT('Ctrl Pts',(2.63711867521325,3.34990978919407,16.5454714630254));
#5416=CARTESIAN_POINT('Ctrl Pts',(2.08034630470054,3.78821258196195,16.5851640873635));
#5417=CARTESIAN_POINT('Ctrl Pts',(1.41193875579218,4.08470614163341,16.6248567117015));
#5418=CARTESIAN_POINT('Ctrl Pts',(0.713334163664493,4.20326597705143,16.6645493360396));
#5419=CARTESIAN_POINT('Ctrl Pts',(0.0147295715368036,4.32182581246945,16.7042419603777));
#5420=CARTESIAN_POINT('Ctrl Pts',(-0.714072063810225,4.26245192363405,16.7439345847158));
#5421=CARTESIAN_POINT('Ctrl Pts',(-1.38427424959583,4.03237836825807,16.7836272090538));
#5422=CARTESIAN_POINT('Ctrl Pts',(-2.05447643538146,3.80230481288208,16.8233198333919));
#5423=CARTESIAN_POINT('Ctrl Pts',(-2.66607917160567,3.4015315909655,16.86301245773));
#5424=CARTESIAN_POINT('Ctrl Pts',(-3.14456536703242,2.87888852777445,16.902705082068));
#5425=CARTESIAN_POINT('Ctrl Pts',(-3.62305156245918,2.3562454645834,16.9423977064061));
#5426=CARTESIAN_POINT('Ctrl Pts',(-3.96842121708849,1.71173256011787,16.9820903307442));
#5427=CARTESIAN_POINT('Ctrl Pts',(-4.13859482319567,1.02387664897078,17.0217829550823));
#5428=CARTESIAN_POINT('Ctrl Pts',(-4.30876842930285,0.336020737823691,17.0614755794203));
#5429=CARTESIAN_POINT('Ctrl Pts',(-4.30374598688792,-0.395178180004911,
17.1011682037584));
#5430=CARTESIAN_POINT('Ctrl Pts',(-4.12413942552098,-1.08063152913196,17.1408608280965));
#5431=CARTESIAN_POINT('Ctrl Pts',(-3.94453286415405,-1.76608487825899,17.1805534524346));
#5432=CARTESIAN_POINT('Ctrl Pts',(-3.59034218383512,-2.40579265868441,17.2202460767726));
#5433=CARTESIAN_POINT('Ctrl Pts',(-3.1047216376058,-2.9218134875232,17.2599387011107));
#5434=CARTESIAN_POINT('Ctrl Pts',(-2.61910109137646,-3.43783431636201,17.2996313254488));
#5435=CARTESIAN_POINT('Ctrl Pts',(-2.00205067923671,-3.83016819361417,17.3393239497868));
#5436=CARTESIAN_POINT('Ctrl Pts',(-1.32875123203392,-4.05101353567951,17.3790165741249));
#5437=CARTESIAN_POINT('Ctrl Pts',(-0.655451784831154,-4.27185887774485,
17.418709198463));
#5438=CARTESIAN_POINT('Ctrl Pts',(0.0740966974346602,-4.32121568462337,
17.4584018228011));
#5439=CARTESIAN_POINT('Ctrl Pts',(0.771006726867559,-4.1930703702675,17.4980944471391));
#5440=CARTESIAN_POINT('Ctrl Pts',(1.46791675630046,-4.06492505591163,17.5377870714772));
#5441=CARTESIAN_POINT('Ctrl Pts',(2.13218833290045,-3.75927762032135,17.5774796958153));
#5442=CARTESIAN_POINT('Ctrl Pts',(2.68288724439801,-3.31336785412316,17.6171723201534));
#5443=CARTESIAN_POINT('Ctrl Pts',(3.23358615589558,-2.86745808792496,17.6568649444914));
#5444=CARTESIAN_POINT('Ctrl Pts',(3.67071240229071,-2.28128599111882,17.6965575688295));
#5445=CARTESIAN_POINT('Ctrl Pts',(3.94100694065487,-1.62627021020506,17.7362501931676));
#5446=CARTESIAN_POINT('Ctrl Pts',(4.15308781051032,-1.11232598689233,17.7673941679863));
#5447=CARTESIAN_POINT('Ctrl Pts',(4.26246002407843,-0.5559986796202,17.7985381428051));
#5448=CARTESIAN_POINT('Ctrl Pts',(4.2630343355482,0.000109376058286611,
17.8296821176239));
#5449=CARTESIAN_POINT('Ctrl Pts',(4.26286502231917,-0.000104880179960659,
17.4203187764458));
#5450=CARTESIAN_POINT('Ctrl Pts',(4.26305681018356,-0.208144766479429,17.408669153334));
#5451=CARTESIAN_POINT('Ctrl Pts',(4.24810013782612,-0.416157315997898,17.3970195302223));
#5452=CARTESIAN_POINT('Ctrl Pts',(4.21776341591432,-0.621902103145405,17.3853699071106));
#5453=CARTESIAN_POINT('Ctrl Pts',(4.11440006287326,-1.32291624475606,17.3456772827725));
#5454=CARTESIAN_POINT('Ctrl Pts',(3.83248927630957,-1.99760386838359,17.3059846584344));
#5455=CARTESIAN_POINT('Ctrl Pts',(3.40637879628197,-2.56376168057038,17.2662920340964));
#5456=CARTESIAN_POINT('Ctrl Pts',(2.98026831625436,-3.12991949275717,17.2265994097583));
#5457=CARTESIAN_POINT('Ctrl Pts',(2.40995814276283,-3.5875474935032,17.1869067854202));
#5458=CARTESIAN_POINT('Ctrl Pts',(1.76493432077093,-3.88088872577979,17.1472141610821));
#5459=CARTESIAN_POINT('Ctrl Pts',(1.11991049877902,-4.17422995805637,17.1075215367441));
#5460=CARTESIAN_POINT('Ctrl Pts',(0.40017302828674,-4.30328442186349,17.067828912406));
#5461=CARTESIAN_POINT('Ctrl Pts',(-0.306585967078279,-4.25232824501098,
17.0281362880679));
#5462=CARTESIAN_POINT('Ctrl Pts',(-1.01334496244332,-4.20137206815847,16.9884436637299));
#5463=CARTESIAN_POINT('Ctrl Pts',(-1.70712548268109,-3.9704052506463,16.9487510393918));
#5464=CARTESIAN_POINT('Ctrl Pts',(-2.30339797411689,-3.58756856817228,16.9090584150537));
#5465=CARTESIAN_POINT('Ctrl Pts',(-2.8996704655527,-3.20473188569826,16.8693657907156));
#5466=CARTESIAN_POINT('Ctrl Pts',(-3.39843492818653,-2.67002533826238,16.8296731663776));
#5467=CARTESIAN_POINT('Ctrl Pts',(-3.73892237788253,-2.04859705914208,16.7899805420395));
#5468=CARTESIAN_POINT('Ctrl Pts',(-4.07940982757853,-1.42716878002179,16.7502879177014));
#5469=CARTESIAN_POINT('Ctrl Pts',(-4.2616202643367,-0.719018769217085,16.7105952933633));
#5470=CARTESIAN_POINT('Ctrl Pts',(-4.26335334319533,-0.0104273453904391,
16.6709026690253));
#5471=CARTESIAN_POINT('Ctrl Pts',(-4.26508642205396,0.698164078436207,16.6312100446872));
#5472=CARTESIAN_POINT('Ctrl Pts',(-4.08634214301305,1.40719691528479,16.5915174203491));
#5473=CARTESIAN_POINT('Ctrl Pts',(-3.7488985376749,2.03028328387734,16.5518247960111));
#5474=CARTESIAN_POINT('Ctrl Pts',(-3.41145493233674,2.65336965246991,16.512132171673));
#5475=CARTESIAN_POINT('Ctrl Pts',(-2.91531200070134,3.19050955280643,16.4724395473349));
#5476=CARTESIAN_POINT('Ctrl Pts',(-2.3209193221668,3.57625837413112,16.4327469229968));
#5477=CARTESIAN_POINT('Ctrl Pts',(-1.72652664363227,3.9620071954558,16.3930542986588));
#5478=CARTESIAN_POINT('Ctrl Pts',(-1.03388421819863,4.19636493776866,16.3533616743207));
#5479=CARTESIAN_POINT('Ctrl Pts',(-0.327382934971928,4.25077767850941,16.3136690499826));
#5480=CARTESIAN_POINT('Ctrl Pts',(0.37911834825477,4.30519041925015,16.2739764256446));
#5481=CARTESIAN_POINT('Ctrl Pts',(1.09947848927452,4.17965815841877,16.2342838013065));
#5482=CARTESIAN_POINT('Ctrl Pts',(1.74592949850211,3.88947562605618,16.1945911769684));
#5483=CARTESIAN_POINT('Ctrl Pts',(2.39238050772971,3.59929309369358,16.1548985526303));
#5484=CARTESIAN_POINT('Ctrl Pts',(2.96492238516516,3.14446028979976,16.1152059282923));
#5485=CARTESIAN_POINT('Ctrl Pts',(3.3937971779157,2.58039360790634,16.0755133039542));
#5486=CARTESIAN_POINT('Ctrl Pts',(3.82267197066622,2.01632692601294,16.0358206796161));
#5487=CARTESIAN_POINT('Ctrl Pts',(4.10787967873184,1.34302636611993,15.996128055278));
#5488=CARTESIAN_POINT('Ctrl Pts',(4.21467086685162,0.642526221984798,15.95643543094));
#5489=CARTESIAN_POINT('Ctrl Pts',(4.24706093518854,0.43006255397964,15.9443965461086));
#5490=CARTESIAN_POINT('Ctrl Pts',(4.26303800403535,0.21509672551068,15.9323576612772));
#5491=CARTESIAN_POINT('Ctrl Pts',(4.26284556421605,0.000102556235296591,
15.9203187764458));
#5492=CARTESIAN_POINT('Origin',(-3.11853751248533E-16,0.,12.5000004470348));
#5493=CARTESIAN_POINT('',(4.26327030765905,-7.08606781694293E-5,14.4203187764458));
#5494=CARTESIAN_POINT('',(4.26268332913555,5.73544484653434E-5,14.8296821176239));
#5495=CARTESIAN_POINT('',(4.263,5.22066930476517E-16,12.5000004470348));
#5496=CARTESIAN_POINT('Ctrl Pts',(4.26268332913555,5.73544484653434E-5,
14.8296821176239));
#5497=CARTESIAN_POINT('Ctrl Pts',(4.26282101113472,0.289983696258838,14.8459151586914));
#5498=CARTESIAN_POINT('Ctrl Pts',(4.23367527314879,0.579882739597242,14.8621481997589));
#5499=CARTESIAN_POINT('Ctrl Pts',(4.17496950050721,0.863666764236231,14.8783812408264));
#5500=CARTESIAN_POINT('Ctrl Pts',(4.03142361959366,1.55756833426927,14.9180738651644));
#5501=CARTESIAN_POINT('Ctrl Pts',(3.71114183211427,2.21490893994288,14.9577664895025));
#5502=CARTESIAN_POINT('Ctrl Pts',(3.25314701628875,2.75559883657543,14.9974591138406));
#5503=CARTESIAN_POINT('Ctrl Pts',(2.79515220046324,3.29628873320797,15.0371517381786));
#5504=CARTESIAN_POINT('Ctrl Pts',(2.1994443562916,3.72032792079944,15.0768443625167));
#5505=CARTESIAN_POINT('Ctrl Pts',(1.53860392982943,3.97605186869624,15.1165369868548));
#5506=CARTESIAN_POINT('Ctrl Pts',(0.877763503367278,4.23177581659303,15.1562296111929));
#5507=CARTESIAN_POINT('Ctrl Pts',(0.151790494614607,4.31918452479515,15.1959222355309));
#5508=CARTESIAN_POINT('Ctrl Pts',(-0.550863227071409,4.22762820131083,15.235614859869));
#5509=CARTESIAN_POINT('Ctrl Pts',(-1.25351694875741,4.13607187782652,15.2753074842071));
#5510=CARTESIAN_POINT('Ctrl Pts',(-1.93285138337674,3.86555052265578,15.3150001085451));
#5511=CARTESIAN_POINT('Ctrl Pts',(-2.50609708151541,3.44902419781231,15.3546927328832));
#5512=CARTESIAN_POINT('Ctrl Pts',(-3.07934277965409,3.03249787296883,15.3943853572213));
#5513=CARTESIAN_POINT('Ctrl Pts',(-3.54649974131213,2.46996657845255,15.4340779815594));
#5514=CARTESIAN_POINT('Ctrl Pts',(-3.85065000638298,1.82996858839722,15.4737706058974));
#5515=CARTESIAN_POINT('Ctrl Pts',(-4.15480027145384,1.18997059834186,15.5134632302355));
#5516=CARTESIAN_POINT('Ctrl Pts',(-4.29594383993754,0.472505912747448,15.5531558545736));
#5517=CARTESIAN_POINT('Ctrl Pts',(-4.25688391657106,-0.235010258863787,
15.5928484789116));
#5518=CARTESIAN_POINT('Ctrl Pts',(-4.21782399320458,-0.942526430475023,
15.6325411032497));
#5519=CARTESIAN_POINT('Ctrl Pts',(-3.99856057798788,-1.64009408810308,15.6722337275878));
#5520=CARTESIAN_POINT('Ctrl Pts',(-3.62580851434381,-2.24272225678993,15.7119263519259));
#5521=CARTESIAN_POINT('Ctrl Pts',(-3.25305645069975,-2.84535042547676,15.751618976264));
#5522=CARTESIAN_POINT('Ctrl Pts',(-2.7268157386283,-3.35303910522244,15.791311600602));
#5523=CARTESIAN_POINT('Ctrl Pts',(-2.11120304263784,-3.70393199388871,15.8310042249401));
#5524=CARTESIAN_POINT('Ctrl Pts',(-1.49559034664738,-4.05482488255498,15.8706968492782));
#5525=CARTESIAN_POINT('Ctrl Pts',(-0.790605666737909,-4.24892198014184,
15.9103894736162));
#5526=CARTESIAN_POINT('Ctrl Pts',(-0.0821436604177529,-4.26257468227506,
15.9500820979543));
#5527=CARTESIAN_POINT('Ctrl Pts',(0.626318345902423,-4.27622738440829,15.9897747222924));
#5528=CARTESIAN_POINT('Ctrl Pts',(1.33825767863327,-4.10943569108788,16.0294673466304));
#5529=CARTESIAN_POINT('Ctrl Pts',(1.96693233165384,-3.78252134239008,16.0691599709685));
#5530=CARTESIAN_POINT('Ctrl Pts',(2.59560698467439,-3.45560699369229,16.1088525953066));
#5531=CARTESIAN_POINT('Ctrl Pts',(3.14101695798466,-2.96856998961714,16.1485452196447));
#5532=CARTESIAN_POINT('Ctrl Pts',(3.53671002321129,-2.38075045196952,16.1882378439828));
#5533=CARTESIAN_POINT('Ctrl Pts',(3.93240308843793,-1.7929309143219,16.2279304683208));
#5534=CARTESIAN_POINT('Ctrl Pts',(4.17837924558092,-1.10432884310182,16.2676230926589));
#5535=CARTESIAN_POINT('Ctrl Pts',(4.24466899535845,-0.398842854728578,16.307315716997));
#5536=CARTESIAN_POINT('Ctrl Pts',(4.25712020114045,-0.266331399382419,16.3147711838726));
#5537=CARTESIAN_POINT('Ctrl Pts',(4.26323204878343,-0.133224277401302,16.3222266507482));
#5538=CARTESIAN_POINT('Ctrl Pts',(4.2630960932357,-0.000104720607807144,
16.3296821176239));
#5539=CARTESIAN_POINT('Ctrl Pts',(4.26284556421605,0.000102556235296591,
15.9203187764458));
#5540=CARTESIAN_POINT('Ctrl Pts',(4.26240352322073,-0.493746569814373,15.8926650369391));
#5541=CARTESIAN_POINT('Ctrl Pts',(4.17664517708582,-0.98774523243554,15.8650112974324));
#5542=CARTESIAN_POINT('Ctrl Pts',(4.00852163597981,-1.45191072334643,15.8373575579258));
#5543=CARTESIAN_POINT('Ctrl Pts',(3.76720654881429,-2.11814779616517,15.7976649335877));
#5544=CARTESIAN_POINT('Ctrl Pts',(3.3562017063093,-2.7229222134254,15.7579723092496));
#5545=CARTESIAN_POINT('Ctrl Pts',(2.82558353907879,-3.19254884422735,15.7182796849115));
#5546=CARTESIAN_POINT('Ctrl Pts',(2.29496537184823,-3.66217547502933,15.6785870605735));
#5547=CARTESIAN_POINT('Ctrl Pts',(1.64473387989214,-3.99665431937299,15.6388944362354));
#5548=CARTESIAN_POINT('Ctrl Pts',(0.954112655741794,-4.15523278665534,15.5992018118973));
#5549=CARTESIAN_POINT('Ctrl Pts',(0.263491431591489,-4.31381125393768,15.5595091875592));
#5550=CARTESIAN_POINT('Ctrl Pts',(-0.467519524753044,-4.29648934415872,
15.5198165632212));
#5551=CARTESIAN_POINT('Ctrl Pts',(-1.14985455985092,-4.1053775592918,15.4801239388831));
#5552=CARTESIAN_POINT('Ctrl Pts',(-1.83218959494878,-3.91426577442488,15.440431314545));
#5553=CARTESIAN_POINT('Ctrl Pts',(-2.46584870880002,-3.54936411446996,15.400738690207));
#5554=CARTESIAN_POINT('Ctrl Pts',(-2.97362744152608,-3.05513181465412,15.3610460658689));
#5555=CARTESIAN_POINT('Ctrl Pts',(-3.48140617425218,-2.56089951483823,15.3213534415308));
#5556=CARTESIAN_POINT('Ctrl Pts',(-3.86330452585313,-1.9373365751614,15.2816608171927));
#5557=CARTESIAN_POINT('Ctrl Pts',(-4.07279244657359,-1.26041737151374,15.2419681928547));
#5558=CARTESIAN_POINT('Ctrl Pts',(-4.28228036729404,-0.583498167866087,
15.2022755685166));
#5559=CARTESIAN_POINT('Ctrl Pts',(-4.31935785713399,0.146777299752358,15.1625829441785));
#5560=CARTESIAN_POINT('Ctrl Pts',(-4.17950727548617,0.841433094816368,15.1228903198404));
#5561=CARTESIAN_POINT('Ctrl Pts',(-4.03965669383836,1.53608888988036,15.0831976955024));
#5562=CARTESIAN_POINT('Ctrl Pts',(-3.72287804070279,2.19512501238991,15.0435050711643));
#5563=CARTESIAN_POINT('Ctrl Pts',(-3.26776762530259,2.73824488605677,15.0038124468262));
#5564=CARTESIAN_POINT('Ctrl Pts',(-2.81265720990239,3.28136475972363,14.9641198224882));
#5565=CARTESIAN_POINT('Ctrl Pts',(-2.21921503223756,3.70856838454779,14.9244271981501));
#5566=CARTESIAN_POINT('Ctrl Pts',(-1.55974493033793,3.96780616126099,14.884734573812));
#5567=CARTESIAN_POINT('Ctrl Pts',(-0.900274828438303,4.22704393797419,14.8450419494739));
#5568=CARTESIAN_POINT('Ctrl Pts',(-0.174776802303855,4.31831586657644,14.8053493251359));
#5569=CARTESIAN_POINT('Ctrl Pts',(0.528354017344667,4.23050052520633,14.7656567007978));
#5570=CARTESIAN_POINT('Ctrl Pts',(1.2314848369932,4.14268518383621,14.7259640764597));
#5571=CARTESIAN_POINT('Ctrl Pts',(1.91224845015582,3.87578257249374,14.6862714521217));
#5572=CARTESIAN_POINT('Ctrl Pts',(2.48770350559551,3.46231367716865,14.6465788277836));
#5573=CARTESIAN_POINT('Ctrl Pts',(3.06315856103522,3.04884478184355,14.6068862034455));
#5574=CARTESIAN_POINT('Ctrl Pts',(3.53330505875198,2.48880960253583,14.5671935791074));
#5575=CARTESIAN_POINT('Ctrl Pts',(3.84085644332564,1.85043872610579,14.5275009547694));
#5576=CARTESIAN_POINT('Ctrl Pts',(4.1176839219379,1.27584010940116,14.4917735619948));
#5577=CARTESIAN_POINT('Ctrl Pts',(4.26277963584544,0.637775257938192,14.4560461692203));
#5578=CARTESIAN_POINT('Ctrl Pts',(4.26327030765905,-7.08606781694293E-5,
14.4203187764458));
#5579=CARTESIAN_POINT('Origin',(-3.11853751248533E-16,0.,12.5000004470348));
#5580=CARTESIAN_POINT('',(4.26307925031996,-0.00411918656479562,12.9203187764458));
#5581=CARTESIAN_POINT('',(4.26329298050363,-2.25497035400182E-6,13.3296821176239));
#5582=CARTESIAN_POINT('',(4.263,5.22066930476517E-16,12.5000004470348));
#5583=CARTESIAN_POINT('Ctrl Pts',(4.26329298050363,-2.25497035400182E-6,
13.3296821176239));
#5584=CARTESIAN_POINT('Ctrl Pts',(4.26329281347637,0.00408447660432055,
13.3299110422964));
#5585=CARTESIAN_POINT('Ctrl Pts',(4.26328665437034,0.0081712081203974,13.330139966969));
#5586=CARTESIAN_POINT('Ctrl Pts',(4.26327449913617,0.0122579230140894,13.3303688916415));
#5587=CARTESIAN_POINT('Ctrl Pts',(4.26116693624934,0.720842267577875,13.3700615159796));
#5588=CARTESIAN_POINT('Ctrl Pts',(4.078796898259,1.42892689096564,13.4097541403177));
#5589=CARTESIAN_POINT('Ctrl Pts',(3.73807712727924,2.05021159556497,13.4494467646558));
#5590=CARTESIAN_POINT('Ctrl Pts',(3.3973573562995,2.67149630016429,13.4891393889938));
#5591=CARTESIAN_POINT('Ctrl Pts',(2.89828785233037,3.20598108597519,13.5288320133319));
#5592=CARTESIAN_POINT('Ctrl Pts',(2.30183224977718,3.58855912145344,13.56852463767));
#5593=CARTESIAN_POINT('Ctrl Pts',(1.705376647224,3.9711371569317,13.608217262008));
#5594=CARTESIAN_POINT('Ctrl Pts',(1.01153494608677,4.2018084420773,13.6479098863461));
#5595=CARTESIAN_POINT('Ctrl Pts',(0.304763381780222,4.25246088313417,13.6876025106842));
#5596=CARTESIAN_POINT('Ctrl Pts',(-0.402008182526343,4.30311332419104,13.7272951350222));
#5597=CARTESIAN_POINT('Ctrl Pts',(-1.12170961000222,4.17374692115916,13.7669877593603));
#5598=CARTESIAN_POINT('Ctrl Pts',(-1.76661174096598,3.88012730976324,13.8066803836984));
#5599=CARTESIAN_POINT('Ctrl Pts',(-2.41151387192973,3.58650769836734,13.8463730080365));
#5600=CARTESIAN_POINT('Ctrl Pts',(-2.98161670638136,3.12863487860741,13.8860656323745));
#5601=CARTESIAN_POINT('Ctrl Pts',(-3.40748070914297,2.56229370901268,13.9257582567126));
#5602=CARTESIAN_POINT('Ctrl Pts',(-3.83334471190459,1.99595253941796,13.9654508810507));
#5603=CARTESIAN_POINT('Ctrl Pts',(-4.11496988297619,1.32114301998844,14.0051435053888));
#5604=CARTESIAN_POINT('Ctrl Pts',(-4.21803238361253,0.620084284197496,14.0448361297268));
#5605=CARTESIAN_POINT('Ctrl Pts',(-4.32109488424887,-0.0809744515934739,
14.0845287540649));
#5606=CARTESIAN_POINT('Ctrl Pts',(-4.24559471444993,-0.808282403745879,
14.124221378403));
#5607=CARTESIAN_POINT('Ctrl Pts',(-4.00073633193311,-1.47322557532081,14.163914002741));
#5608=CARTESIAN_POINT('Ctrl Pts',(-3.75587794941629,-2.13816874689572,14.2036066270791));
#5609=CARTESIAN_POINT('Ctrl Pts',(-3.34166135418159,-2.74074713789316,14.2432992514172));
#5610=CARTESIAN_POINT('Ctrl Pts',(-2.8085514324698,-3.20754291465969,14.2829918757553));
#5611=CARTESIAN_POINT('Ctrl Pts',(-2.27544151075801,-3.67433869142622,14.3226845000933));
#5612=CARTESIAN_POINT('Ctrl Pts',(-1.62343826256913,-4.00535185396184,14.3623771244314));
#5613=CARTESIAN_POINT('Ctrl Pts',(-0.931982609125378,-4.16025220912674,
14.4020697487695));
#5614=CARTESIAN_POINT('Ctrl Pts',(-0.24052695568161,-4.31515256429165,14.4417623731076));
#5615=CARTESIAN_POINT('Ctrl Pts',(0.490381103017024,-4.29394011208582,14.4814549974456));
#5616=CARTESIAN_POINT('Ctrl Pts',(1.1716891837034,-4.0991992889636,14.5211476217837));
#5617=CARTESIAN_POINT('Ctrl Pts',(1.85299726438978,-3.90445846584139,14.5608402461218));
#5618=CARTESIAN_POINT('Ctrl Pts',(2.48470536706389,-3.53618927180279,14.6005328704598));
#5619=CARTESIAN_POINT('Ctrl Pts',(2.98984639513064,-3.0392613075864,14.6402254947979));
#5620=CARTESIAN_POINT('Ctrl Pts',(3.49498742319737,-2.54233334337003,14.679918119136));
#5621=CARTESIAN_POINT('Ctrl Pts',(3.87356137665674,-1.91674660897587,14.7196107434741));
#5622=CARTESIAN_POINT('Ctrl Pts',(4.07944336621258,-1.23872197458259,14.7593033678121));
#5623=CARTESIAN_POINT('Ctrl Pts',(4.2011260656673,-0.83798819506275,14.7827629510827));
#5624=CARTESIAN_POINT('Ctrl Pts',(4.26248435456813,-0.418936913462165,14.8062225343533));
#5625=CARTESIAN_POINT('Ctrl Pts',(4.26268332913555,5.73544484653434E-5,
14.8296821176239));
#5626=CARTESIAN_POINT('Ctrl Pts',(4.26327030765905,-7.08606781694293E-5,
14.4203187764458));
#5627=CARTESIAN_POINT('Ctrl Pts',(4.2633247652394,-0.0708626919821367,14.4163535448822));
#5628=CARTESIAN_POINT('Ctrl Pts',(4.26159800145209,-0.141651828970508,14.4123883133187));
#5629=CARTESIAN_POINT('Ctrl Pts',(4.2580724171826,-0.212351207642038,14.4084230817551));
#5630=CARTESIAN_POINT('Ctrl Pts',(4.22278073503531,-0.920063691407457,14.3687304574171));
#5631=CARTESIAN_POINT('Ctrl Pts',(4.00724109931016,-1.61878208538594,14.329037833079));
#5632=CARTESIAN_POINT('Ctrl Pts',(3.6376980973299,-2.22338874804226,14.2893452087409));
#5633=CARTESIAN_POINT('Ctrl Pts',(3.26815509534966,-2.82799541069856,14.2496525844028));
#5634=CARTESIAN_POINT('Ctrl Pts',(2.74460872711432,-3.33849034203272,14.2099599600648));
#5635=CARTESIAN_POINT('Ctrl Pts',(2.13087965245091,-3.69264893869381,14.1702673357267));
#5636=CARTESIAN_POINT('Ctrl Pts',(1.51715057778747,-4.04680753535492,14.1305747113886));
#5637=CARTESIAN_POINT('Ctrl Pts',(0.813238796695928,-4.24462979734295,14.0908820870506));
#5638=CARTESIAN_POINT('Ctrl Pts',(0.104845336507379,-4.26206469341107,14.0511894627125));
#5639=CARTESIAN_POINT('Ctrl Pts',(-0.60354812368116,-4.27949958947919,14.0114968383744));
#5640=CARTESIAN_POINT('Ctrl Pts',(-1.31642326296669,-4.11654711962741,13.9718042140363));
#5641=CARTESIAN_POINT('Ctrl Pts',(-1.94680142541353,-3.79296097554951,13.9321115896983));
#5642=CARTESIAN_POINT('Ctrl Pts',(-2.57717958786037,-3.46937483147162,13.8924189653602));
#5643=CARTESIAN_POINT('Ctrl Pts',(-3.1250607734685,-2.98515501316761,13.8527263410221));
#5644=CARTESIAN_POINT('Ctrl Pts',(-3.52393071403123,-2.39949387860883,13.8130337166841));
#5645=CARTESIAN_POINT('Ctrl Pts',(-3.92280065459397,-1.81383274405003,13.773341092346));
#5646=CARTESIAN_POINT('Ctrl Pts',(-4.1726593501113,-1.12673029323644,13.7336484680079));
#5647=CARTESIAN_POINT('Ctrl Pts',(-4.24259828852216,-0.421521406882124,
13.6939558436698));
#5648=CARTESIAN_POINT('Ctrl Pts',(-4.31253722693303,0.283687479472176,13.6542632193318));
#5649=CARTESIAN_POINT('Ctrl Pts',(-4.20255640823745,1.00700280136722,13.6145705949937));
#5650=CARTESIAN_POINT('Ctrl Pts',(-3.92696387197973,1.65955411864625,13.5748779706556));
#5651=CARTESIAN_POINT('Ctrl Pts',(-3.65137133572201,2.31210543592529,13.5351853463176));
#5652=CARTESIAN_POINT('Ctrl Pts',(-3.21016708190215,2.89389274858833,13.4954927219795));
#5653=CARTESIAN_POINT('Ctrl Pts',(-2.65533946950729,3.33547515931417,13.4558000976414));
#5654=CARTESIAN_POINT('Ctrl Pts',(-2.10051185711242,3.77705757004003,13.4161074733033));
#5655=CARTESIAN_POINT('Ctrl Pts',(-1.43206088614254,4.07843507882869,13.3764148489653));
#5656=CARTESIAN_POINT('Ctrl Pts',(-0.734848200281428,4.20011252889147,13.3367222246272));
#5657=CARTESIAN_POINT('Ctrl Pts',(-0.0376355144203049,4.32178997895425,
13.2970296002891));
#5658=CARTESIAN_POINT('Ctrl Pts',(0.688338886332033,4.26376737029115,13.257336975951));
#5659=CARTESIAN_POINT('Ctrl Pts',(1.36099881874561,4.03812297125682,13.217644351613));
#5660=CARTESIAN_POINT('Ctrl Pts',(2.03365875115916,3.8124785722225,13.1779517272749));
#5661=CARTESIAN_POINT('Ctrl Pts',(2.65300421523393,3.41921238281696,13.1382591029368));
#5662=CARTESIAN_POINT('Ctrl Pts',(3.13217833627975,2.8986048809591,13.0985664785988));
#5663=CARTESIAN_POINT('Ctrl Pts',(3.84945421504343,2.1193073626143,13.0391505778811));
#5664=CARTESIAN_POINT('Ctrl Pts',(4.25264669848152,1.05467483273307,12.9797346771634));
#5665=CARTESIAN_POINT('Ctrl Pts',(4.26307925031996,-0.00411918656479562,
12.9203187764458));
#5666=CARTESIAN_POINT('Origin',(-3.11853751248533E-16,0.,12.5000004470348));
#5667=CARTESIAN_POINT('',(4.26326945905709,4.62169610010443E-5,11.4203187764458));
#5668=CARTESIAN_POINT('',(4.26367604358502,0.00052980983750573,11.8296821176239));
#5669=CARTESIAN_POINT('',(4.263,5.22066930476517E-16,12.5000004470348));
#5670=CARTESIAN_POINT('Ctrl Pts',(4.26367604358502,0.00052980983750573,
11.8296821176239));
#5671=CARTESIAN_POINT('Ctrl Pts',(4.26547760015592,0.428483276436098,11.8535995502396));
#5672=CARTESIAN_POINT('Ctrl Pts',(4.20365970187071,0.856342164140173,11.8775169828552));
#5673=CARTESIAN_POINT('Ctrl Pts',(4.07635366279217,1.26324335467819,11.9014344154709));
#5674=CARTESIAN_POINT('Ctrl Pts',(3.65380740824143,2.61380437502385,11.9808196641471));
#5675=CARTESIAN_POINT('Ctrl Pts',(2.50979965106915,3.7334812764169,12.0602049128232));
#5676=CARTESIAN_POINT('Ctrl Pts',(1.15193915936479,4.11251702602817,12.1395901614993));
#5677=CARTESIAN_POINT('Ctrl Pts',(-0.205921332339574,4.49155277563945,12.2189754101755));
#5678=CARTESIAN_POINT('Ctrl Pts',(-1.77763455857602,4.12994737346896,12.2983606588516));
#5679=CARTESIAN_POINT('Ctrl Pts',(-2.8333291546054,3.19562294676839,12.3777459075278));
#5680=CARTESIAN_POINT('Ctrl Pts',(-3.88902375063479,2.26129852006781,12.4571311562039));
#5681=CARTESIAN_POINT('Ctrl Pts',(-4.42869971645711,0.754255068837165,12.5365164048801));
#5682=CARTESIAN_POINT('Ctrl Pts',(-4.21855362742111,-0.645173038703509,
12.6159016535562));
#5683=CARTESIAN_POINT('Ctrl Pts',(-4.11348058290311,-1.34488709247385,12.6555942778943));
#5684=CARTESIAN_POINT('Ctrl Pts',(-3.82095202467053,-2.0176973103217,12.6952869022324));
#5685=CARTESIAN_POINT('Ctrl Pts',(-3.39032356921711,-2.58156435281682,12.7349795265704));
#5686=CARTESIAN_POINT('Ctrl Pts',(-2.95969511376371,-3.14543139531193,12.7746721509085));
#5687=CARTESIAN_POINT('Ctrl Pts',(-2.39096676108949,-3.60035526245433,12.8143647752466));
#5688=CARTESIAN_POINT('Ctrl Pts',(-1.7453481495634,-3.89033434969758,12.8540573995847));
#5689=CARTESIAN_POINT('Ctrl Pts',(-1.09972953803731,-4.18031343694082,12.8937500239227));
#5690=CARTESIAN_POINT('Ctrl Pts',(-0.377220667659339,-4.30534774428492,
12.9334426482608));
#5691=CARTESIAN_POINT('Ctrl Pts',(0.329765442160941,-4.25058555656954,12.9731352725989));
#5692=CARTESIAN_POINT('Ctrl Pts',(1.03675155198122,-4.19582336885417,13.0128278969369));
#5693=CARTESIAN_POINT('Ctrl Pts',(1.72821490124382,-3.96126468607933,13.052520521275));
#5694=CARTESIAN_POINT('Ctrl Pts',(2.32217890705564,-3.57528343631272,13.0922131456131));
#5695=CARTESIAN_POINT('Ctrl Pts',(2.91614291286747,-3.1893021865461,13.1319057699512));
#5696=CARTESIAN_POINT('Ctrl Pts',(3.41260757522853,-2.65189836978771,13.1715983942892));
#5697=CARTESIAN_POINT('Ctrl Pts',(3.74991736251741,-2.02865442853862,13.2112910186273));
#5698=CARTESIAN_POINT('Ctrl Pts',(4.08528173717888,-1.40900500686456,13.2507547182928));
#5699=CARTESIAN_POINT('Ctrl Pts',(4.26332177387708,-0.704502760229522,13.2902184179584));
#5700=CARTESIAN_POINT('Ctrl Pts',(4.26329298050363,-2.25497035400182E-6,
13.3296821176239));
#5701=CARTESIAN_POINT('Ctrl Pts',(4.26307925031996,-0.00411918656479562,
12.9203187764458));
#5702=CARTESIAN_POINT('Ctrl Pts',(4.26658557194835,-0.359973864055958,12.9003494284873));
#5703=CARTESIAN_POINT('Ctrl Pts',(4.22572596515157,-0.715169026861911,12.8803800805288));
#5704=CARTESIAN_POINT('Ctrl Pts',(4.13751347389881,-1.0586502672889,12.8604107325703));
#5705=CARTESIAN_POINT('Ctrl Pts',(3.7868374994504,-2.4241101582962,12.7810254838942));
#5706=CARTESIAN_POINT('Ctrl Pts',(2.68782268057777,-3.60444968678581,12.701640235218));
#5707=CARTESIAN_POINT('Ctrl Pts',(1.35082638149727,-4.05154615204813,12.6222549865419));
#5708=CARTESIAN_POINT('Ctrl Pts',(0.0138300824167339,-4.49864261731046,
12.5428697378657));
#5709=CARTESIAN_POINT('Ctrl Pts',(-1.56114769687168,-4.21249601934546,12.4634844891896));
#5710=CARTESIAN_POINT('Ctrl Pts',(-2.66801373706832,-3.33078880822469,12.3840992405134));
#5711=CARTESIAN_POINT('Ctrl Pts',(-3.22144675716662,-2.88993520266433,12.3444066161754));
#5712=CARTESIAN_POINT('Ctrl Pts',(-3.657851842492,-2.30019144381501,12.3047139918373));
#5713=CARTESIAN_POINT('Ctrl Pts',(-3.93086091259908,-1.64532288667594,12.2650213674992));
#5714=CARTESIAN_POINT('Ctrl Pts',(-4.20386998270618,-0.990454329536831,
12.2253287431612));
#5715=CARTESIAN_POINT('Ctrl Pts',(-4.31348303759498,-0.270460974107941,
12.1856361188231));
#5716=CARTESIAN_POINT('Ctrl Pts',(-4.24180320131161,0.433650474634258,12.145943494485));
#5717=CARTESIAN_POINT('Ctrl Pts',(-4.17012336502824,1.13776192337644,12.1062508701469));
#5718=CARTESIAN_POINT('Ctrl Pts',(-3.91715063757271,1.82599146543192,12.0665582458089));
#5719=CARTESIAN_POINT('Ctrl Pts',(-3.51623191998896,2.41087853729214,12.0268656214708));
#5720=CARTESIAN_POINT('Ctrl Pts',(-3.11531320240519,2.99576560915239,11.9871729971327));
#5721=CARTESIAN_POINT('Ctrl Pts',(-2.5664484946932,3.47731021081736,11.9474803727946));
#5722=CARTESIAN_POINT('Ctrl Pts',(-1.93519707349,3.79870733425274,11.9077877484566));
#5723=CARTESIAN_POINT('Ctrl Pts',(-1.3039456522868,4.12010445768812,11.8680951241185));
#5724=CARTESIAN_POINT('Ctrl Pts',(-0.590307517592437,4.28135410289389,11.8284024997804));
#5725=CARTESIAN_POINT('Ctrl Pts',(0.118092553588006,4.26185108644332,11.7887098754424));
#5726=CARTESIAN_POINT('Ctrl Pts',(0.82649262476843,4.24234806999275,11.7490172511043));
#5727=CARTESIAN_POINT('Ctrl Pts',(1.52965463243493,4.04209239188582,11.7093246267662));
#5728=CARTESIAN_POINT('Ctrl Pts',(2.14225283789861,3.68597494962856,11.6696320024281));
#5729=CARTESIAN_POINT('Ctrl Pts',(2.75485104336231,3.32985750737128,11.6299393780901));
#5730=CARTESIAN_POINT('Ctrl Pts',(3.27688544662322,2.81787830096366,11.590246753752));
#5731=CARTESIAN_POINT('Ctrl Pts',(3.64457393036008,2.21216401249396,11.5505541294139));
#5732=CARTESIAN_POINT('Ctrl Pts',(4.01226241409694,1.60644972402426,11.5108615050759));
#5733=CARTESIAN_POINT('Ctrl Pts',(4.22560497830975,0.907000353492482,11.4711688807378));
#5734=CARTESIAN_POINT('Ctrl Pts',(4.25869945589298,0.19916560894239,11.4314762563997));
#5735=CARTESIAN_POINT('Ctrl Pts',(4.26180037599571,0.132842187360398,11.4277570964151));
#5736=CARTESIAN_POINT('Ctrl Pts',(4.26331880689202,0.0664451463346505,11.4240379364304));
#5737=CARTESIAN_POINT('Ctrl Pts',(4.26326945905709,4.62169610010443E-5,
11.4203187764458));
#5738=CARTESIAN_POINT('Origin',(-3.11853751248533E-16,0.,12.5000004470348));
#5739=CARTESIAN_POINT('',(4.26283356761719,-0.000100900691117206,9.92031877644578));
#5740=CARTESIAN_POINT('',(4.26306951366709,0.000106765068184362,10.3296821176239));
#5741=CARTESIAN_POINT('',(4.263,5.22066930476517E-16,12.5000004470348));
#5742=CARTESIAN_POINT('Ctrl Pts',(4.26306951366709,0.000106765068184362,
10.3296821176239));
#5743=CARTESIAN_POINT('Ctrl Pts',(4.26321499497449,0.141403816540046,10.3375954338446));
#5744=CARTESIAN_POINT('Ctrl Pts',(4.25632809139032,0.282686768822207,10.3455087500653));
#5745=CARTESIAN_POINT('Ctrl Pts',(4.24230336034748,0.423257595576671,10.3534220662861));
#5746=CARTESIAN_POINT('Ctrl Pts',(4.17195631933489,1.12835074029844,10.3931146906242));
#5747=CARTESIAN_POINT('Ctrl Pts',(3.9220248684234,1.81552713886657,10.4328073149622));
#5748=CARTESIAN_POINT('Ctrl Pts',(3.52295516712428,2.40105989078679,10.4724999393003));
#5749=CARTESIAN_POINT('Ctrl Pts',(3.12388546582516,2.98659264270701,10.5121925636384));
#5750=CARTESIAN_POINT('Ctrl Pts',(2.57567751413842,3.47048174797932,10.5518851879765));
#5751=CARTESIAN_POINT('Ctrl Pts',(1.94513467753026,3.79377449523515,10.5915778123145));
#5752=CARTESIAN_POINT('Ctrl Pts',(1.31459184092211,4.11706724249097,10.6312704366526));
#5753=CARTESIAN_POINT('Ctrl Pts',(0.601714119392554,4.2797636317303,10.6709630609907));
#5754=CARTESIAN_POINT('Ctrl Pts',(-0.106662102274234,4.26203333858709,10.7106556853287));
#5755=CARTESIAN_POINT('Ctrl Pts',(-0.815038323941042,4.24430304544389,10.7503483096668));
#5756=CARTESIAN_POINT('Ctrl Pts',(-1.51891304574508,4.04614606991814,10.7900409340049));
#5757=CARTESIAN_POINT('Ctrl Pts',(-2.13248794199338,3.69172039281325,10.829733558343));
#5758=CARTESIAN_POINT('Ctrl Pts',(-2.74606283824165,3.33729471570837,10.869426182681));
#5759=CARTESIAN_POINT('Ctrl Pts',(-3.26933790893419,2.82660033702437,10.9091188070191));
#5760=CARTESIAN_POINT('Ctrl Pts',(-3.63863367360902,2.2218310609854,10.9488114313572));
#5761=CARTESIAN_POINT('Ctrl Pts',(-4.00792943828387,1.6170617849464,10.9885040556953));
#5762=CARTESIAN_POINT('Ctrl Pts',(-4.22324589694098,0.918217611552412,11.0281966800333));
#5763=CARTESIAN_POINT('Ctrl Pts',(-4.25820120665055,0.210501020798244,11.0678893043714));
#5764=CARTESIAN_POINT('Ctrl Pts',(-4.29315651636012,-0.497215569955893,
11.1075819287095));
#5765=CARTESIAN_POINT('Ctrl Pts',(-4.14775067712215,-1.21380457807021,11.1472745530475));
#5766=CARTESIAN_POINT('Ctrl Pts',(-3.8399881427785,-1.85206662271689,11.1869671773856));
#5767=CARTESIAN_POINT('Ctrl Pts',(-3.53222560843485,-2.49032866736358,11.2266598017237));
#5768=CARTESIAN_POINT('Ctrl Pts',(-3.06210637898551,-3.05026374854262,11.2663524260618));
#5769=CARTESIAN_POINT('Ctrl Pts',(-2.48634717487865,-3.46343712836134,11.3060450503998));
#5770=CARTESIAN_POINT('Ctrl Pts',(-1.91058797077181,-3.87661050818004,11.3457376747379));
#5771=CARTESIAN_POINT('Ctrl Pts',(-1.22918879200745,-4.14302218663842,11.385430299076));
#5772=CARTESIAN_POINT('Ctrl Pts',(-0.526266287043964,-4.23062765100726,
11.425122923414));
#5773=CARTESIAN_POINT('Ctrl Pts',(0.176656217919567,-4.3182331153761,11.4648155477521));
#5774=CARTESIAN_POINT('Ctrl Pts',(0.901102049082224,-4.22703236565538,11.5045081720902));
#5775=CARTESIAN_POINT('Ctrl Pts',(1.56093712974095,-3.96732883657976,11.5442007964283));
#5776=CARTESIAN_POINT('Ctrl Pts',(2.22077221039965,-3.70762530750415,11.5838934207663));
#5777=CARTESIAN_POINT('Ctrl Pts',(2.81599654055442,-3.27941899907366,11.6235860451044));
#5778=CARTESIAN_POINT('Ctrl Pts',(3.26997894273152,-2.73645376897065,11.6632786694425));
#5779=CARTESIAN_POINT('Ctrl Pts',(3.72396134490863,-2.19348853886765,11.7029712937805));
#5780=CARTESIAN_POINT('Ctrl Pts',(4.03670181910806,-1.53576438709212,11.7426639181186));
#5781=CARTESIAN_POINT('Ctrl Pts',(4.17761818039779,-0.840401541248865,11.7823565424567));
#5782=CARTESIAN_POINT('Ctrl Pts',(4.23362310960665,-0.56404082202868,11.7981317341791));
#5783=CARTESIAN_POINT('Ctrl Pts',(4.26248779312514,-0.281734933721548,11.8139069259015));
#5784=CARTESIAN_POINT('Ctrl Pts',(4.26367604358502,0.00052980983750573,
11.8296821176239));
#5785=CARTESIAN_POINT('Ctrl Pts',(4.26326945905709,4.62169610010443E-5,
11.4203187764458));
#5786=CARTESIAN_POINT('Ctrl Pts',(4.26279214359125,-0.642195452876499,11.3843453120924));
#5787=CARTESIAN_POINT('Ctrl Pts',(4.11563865351821,-1.2846137902762,11.3483718477389));
#5788=CARTESIAN_POINT('Ctrl Pts',(3.83512085405839,-1.86229758965433,11.3123983833855));
#5789=CARTESIAN_POINT('Ctrl Pts',(3.5256013836869,-2.49970592513258,11.2727057590474));
#5790=CARTESIAN_POINT('Ctrl Pts',(3.05371605199025,-3.05830247752068,11.2330131347093));
#5791=CARTESIAN_POINT('Ctrl Pts',(2.47698293866683,-3.46999430745815,11.1933205103713));
#5792=CARTESIAN_POINT('Ctrl Pts',(1.9002498253434,-3.88168613739562,11.1536278860332));
#5793=CARTESIAN_POINT('Ctrl Pts',(1.21866893039319,-4.14647324488245,11.1139352616951));
#5794=CARTESIAN_POINT('Ctrl Pts',(0.515271093164796,-4.23211170054703,11.0742426373571));
#5795=CARTESIAN_POINT('Ctrl Pts',(-0.188126744063604,-4.31775015621161,
11.034550013019));
#5796=CARTESIAN_POINT('Ctrl Pts',(-0.913341523570186,-4.22423996005393,
10.9948573886809));
#5797=CARTESIAN_POINT('Ctrl Pts',(-1.57200744969779,-3.96296533865776,10.9551647643428));
#5798=CARTESIAN_POINT('Ctrl Pts',(-2.23067337582537,-3.7016907172616,10.9154721400048));
#5799=CARTESIAN_POINT('Ctrl Pts',(-2.82279044857398,-3.27265167062697,10.8757795156667));
#5800=CARTESIAN_POINT('Ctrl Pts',(-3.27621893438431,-2.72812650455272,10.8360868913286));
#5801=CARTESIAN_POINT('Ctrl Pts',(-3.72964742019464,-2.18360133847847,10.7963942669905));
#5802=CARTESIAN_POINT('Ctrl Pts',(-4.04438731906671,-1.5235900529646,10.7567016426525));
#5803=CARTESIAN_POINT('Ctrl Pts',(-4.18208935967038,-0.828505430970162,
10.7170090183144));
#5804=CARTESIAN_POINT('Ctrl Pts',(-4.31979140027406,-0.133420808975718,
10.6773163939763));
#5805=CARTESIAN_POINT('Ctrl Pts',(-4.28045558260934,0.596737149499294,10.6376237696383));
#5806=CARTESIAN_POINT('Ctrl Pts',(-4.06887539846267,1.27300548814246,10.5979311453002));
#5807=CARTESIAN_POINT('Ctrl Pts',(-3.85729521431599,1.94927382678564,10.5582385209621));
#5808=CARTESIAN_POINT('Ctrl Pts',(-3.47347066368737,2.57165254559694,10.518545896624));
#5809=CARTESIAN_POINT('Ctrl Pts',(-2.96416612415755,3.06431223888633,10.478853272286));
#5810=CARTESIAN_POINT('Ctrl Pts',(-2.45486158462775,3.55697193217571,10.4391606479479));
#5811=CARTESIAN_POINT('Ctrl Pts',(-1.82007705619677,3.91991259994315,10.3994680236098));
#5812=CARTESIAN_POINT('Ctrl Pts',(-1.1371543020426,4.10891358052711,10.3597753992718));
#5813=CARTESIAN_POINT('Ctrl Pts',(-0.454231547888432,4.29791456111107,10.3200827749337));
#5814=CARTESIAN_POINT('Ctrl Pts',(0.27682943198893,4.31297585451156,10.2803901505956));
#5815=CARTESIAN_POINT('Ctrl Pts',(0.966956983650953,4.15226257058114,10.2406975262575));
#5816=CARTESIAN_POINT('Ctrl Pts',(1.657084535313,3.99154928665072,10.2010049019195));
#5817=CARTESIAN_POINT('Ctrl Pts',(2.3062786587597,3.65506142538938,10.1613122775814));
#5818=CARTESIAN_POINT('Ctrl Pts',(2.83544210505848,3.18379626150453,10.1216196532433));
#5819=CARTESIAN_POINT('Ctrl Pts',(3.36460555135725,2.71253109761969,10.0819270289052));
#5820=CARTESIAN_POINT('Ctrl Pts',(3.77373832050809,2.10648863111135,10.0422344045672));
#5821=CARTESIAN_POINT('Ctrl Pts',(4.01299209834216,1.43950853828311,10.0025417802291));
#5822=CARTESIAN_POINT('Ctrl Pts',(4.17819629440363,0.978960282693558,9.97513411230133));
#5823=CARTESIAN_POINT('Ctrl Pts',(4.26240437080836,0.489357750087479,9.94772644437356));
#5824=CARTESIAN_POINT('Ctrl Pts',(4.26283356761719,-0.000100900691117206,
9.92031877644578));
#5825=CARTESIAN_POINT('Origin',(-3.11853751248533E-16,0.,12.5000004470348));
#5826=CARTESIAN_POINT('',(4.26287760584129,0.000106157079956259,8.42031877644578));
#5827=CARTESIAN_POINT('',(4.26306028444973,-0.000107827343086569,8.82968211762388));
#5828=CARTESIAN_POINT('',(4.263,5.22066930476517E-16,12.5000004470348));
#5829=CARTESIAN_POINT('Ctrl Pts',(4.26306028444973,-0.000107827343086569,
8.82968211762388));
#5830=CARTESIAN_POINT('Ctrl Pts',(4.26247823843503,0.564165711292929,8.86128394178774));
#5831=CARTESIAN_POINT('Ctrl Pts',(4.14978056537553,1.12866479409796,8.89288576595161));
#5832=CARTESIAN_POINT('Ctrl Pts',(3.93158500996761,1.64891776942653,8.92448759011548));
#5833=CARTESIAN_POINT('Ctrl Pts',(3.6575263300593,2.30236757673519,8.96418021445355));
#5834=CARTESIAN_POINT('Ctrl Pts',(3.21703479430054,2.88601497793249,9.00387283879163));
#5835=CARTESIAN_POINT('Ctrl Pts',(2.66377946751139,3.32874893235318,9.0435654631297));
#5836=CARTESIAN_POINT('Ctrl Pts',(2.11052414072224,3.77148288677388,9.08325808746777));
#5837=CARTESIAN_POINT('Ctrl Pts',(1.44450502290271,4.07330339441798,9.12295071180584));
#5838=CARTESIAN_POINT('Ctrl Pts',(0.746869248460878,4.19743693517584,9.16264333614391));
#5839=CARTESIAN_POINT('Ctrl Pts',(0.049233474019056,4.3215704759337,9.20233596048199));
#5840=CARTESIAN_POINT('Ctrl Pts',(-0.680018957045064,4.26801704980531,9.24202858482006));
#5841=CARTESIAN_POINT('Ctrl Pts',(-1.35203663404211,4.04330155240322,9.28172120915813));
#5842=CARTESIAN_POINT('Ctrl Pts',(-2.02405431103917,3.81858605500112,9.32141383349621));
#5843=CARTESIAN_POINT('Ctrl Pts',(-2.63883723396915,3.4227084863253,9.36110645783427));
#5844=CARTESIAN_POINT('Ctrl Pts',(-3.12148082780548,2.90390219482203,9.40079908217235));
#5845=CARTESIAN_POINT('Ctrl Pts',(-3.6041244216418,2.38509590331877,9.44049170651042));
#5846=CARTESIAN_POINT('Ctrl Pts',(-3.95462868638448,1.74336088898806,9.4801843308485));
#5847=CARTESIAN_POINT('Ctrl Pts',(-4.13028854346754,1.05688552143791,9.51987695518657));
#5848=CARTESIAN_POINT('Ctrl Pts',(-4.30594840055059,0.37041015388777,9.55956957952464));
#5849=CARTESIAN_POINT('Ctrl Pts',(-4.30676384997403,-0.360805566881806,
9.59926220386271));
#5850=CARTESIAN_POINT('Ctrl Pts',(-4.13263548915582,-1.04767099968528,9.63895482820078));
#5851=CARTESIAN_POINT('Ctrl Pts',(-3.9585071283376,-1.73453643248875,9.67864745253886));
#5852=CARTESIAN_POINT('Ctrl Pts',(-3.60943495727775,-2.37705157732611,9.71834007687693));
#5853=CARTESIAN_POINT('Ctrl Pts',(-3.12794969030316,-2.89693304088685,9.758032701215));
#5854=CARTESIAN_POINT('Ctrl Pts',(-2.64646442332857,-3.41681450444761,9.79772532555308));
#5855=CARTESIAN_POINT('Ctrl Pts',(-2.03256606043923,-3.81406228673175,9.83741794989115));
#5856=CARTESIAN_POINT('Ctrl Pts',(-1.36105120352954,-4.04027602814935,9.87711057422922));
#5857=CARTESIAN_POINT('Ctrl Pts',(-0.689536346619875,-4.26648976956694,
9.91680319856729));
#5858=CARTESIAN_POINT('Ctrl Pts',(0.0395950043101434,-4.32166947011802,
9.95649582290537));
#5859=CARTESIAN_POINT('Ctrl Pts',(0.737505821024912,-4.19909222544607,9.99618844724344));
#5860=CARTESIAN_POINT('Ctrl Pts',(1.43541663773968,-4.07651498077412,10.0358810715815));
#5861=CARTESIAN_POINT('Ctrl Pts',(2.1021069202392,-3.77618079087915,10.0755736959196));
#5862=CARTESIAN_POINT('Ctrl Pts',(2.65634847163041,-3.33468181758363,10.1152663202577));
#5863=CARTESIAN_POINT('Ctrl Pts',(3.21059002302164,-2.8931828442881,10.1549589445957));
#5864=CARTESIAN_POINT('Ctrl Pts',(3.65238284330455,-2.31051908759202,10.1946515689338));
#5865=CARTESIAN_POINT('Ctrl Pts',(3.92789793788916,-1.65768226380625,10.2343441932719));
#5866=CARTESIAN_POINT('Ctrl Pts',(4.14848499222969,-1.13499819039441,10.2661235013892));
#5867=CARTESIAN_POINT('Ctrl Pts',(4.26248527121245,-0.567332019069916,10.2979028095065));
#5868=CARTESIAN_POINT('Ctrl Pts',(4.26306951366709,0.000106765068184362,
10.3296821176239));
#5869=CARTESIAN_POINT('Ctrl Pts',(4.26283356761719,-0.000100900691117206,
9.92031877644578));
#5870=CARTESIAN_POINT('Ctrl Pts',(4.26302594677553,-0.219491262735286,9.90803382003548));
#5871=CARTESIAN_POINT('Ctrl Pts',(4.2463862523781,-0.438852717380417,9.89574886362518));
#5872=CARTESIAN_POINT('Ctrl Pts',(4.2126638848379,-0.65555584394057,9.88346390721487));
#5873=CARTESIAN_POINT('Ctrl Pts',(4.10370710698224,-1.35572241418782,9.8437712828768));
#5874=CARTESIAN_POINT('Ctrl Pts',(3.81641876475361,-2.02813783553417,9.80407865853873));
#5875=CARTESIAN_POINT('Ctrl Pts',(3.38580180241747,-2.5908756461546,9.76438603420066));
#5876=CARTESIAN_POINT('Ctrl Pts',(2.95518484008132,-3.15361345677504,9.72469340986259));
#5877=CARTESIAN_POINT('Ctrl Pts',(2.38123925763763,-3.60667365666954,9.68500078552452));
#5878=CARTESIAN_POINT('Ctrl Pts',(1.73389403070117,-3.89485583109125,9.64530816118644));
#5879=CARTESIAN_POINT('Ctrl Pts',(1.08654880376473,-4.18303800551294,9.60561553684837));
#5880=CARTESIAN_POINT('Ctrl Pts',(0.365803932335513,-4.30634215446184,9.5659229125103));
#5881=CARTESIAN_POINT('Ctrl Pts',(-0.340525717097905,-4.24974501562398,
9.52623028817223));
#5882=CARTESIAN_POINT('Ctrl Pts',(-1.04685536653135,-4.19314787678611,9.48653766383415));
#5883=CARTESIAN_POINT('Ctrl Pts',(-1.738769793969,-3.95664945016146,9.44684503949608));
#5884=CARTESIAN_POINT('Ctrl Pts',(-2.33196680976473,-3.56906447892275,9.40715241515801));
#5885=CARTESIAN_POINT('Ctrl Pts',(-2.92516382556045,-3.18147950768406,9.36745979081993));
#5886=CARTESIAN_POINT('Ctrl Pts',(-3.41964342971425,-2.64280799183132,9.32776716648186));
#5887=CARTESIAN_POINT('Ctrl Pts',(-3.75515870060193,-2.0186811518213,9.28807454214379));
#5888=CARTESIAN_POINT('Ctrl Pts',(-4.09067397148961,-1.39455431181127,9.24838191780572));
#5889=CARTESIAN_POINT('Ctrl Pts',(-4.26722490911116,-0.684972147643949,
9.20868929346765));
#5890=CARTESIAN_POINT('Ctrl Pts',(-4.26330071671282,0.023610529444555,9.16899666912958));
#5891=CARTESIAN_POINT('Ctrl Pts',(-4.25937652431447,0.732193206533069,9.1293040447915));
#5892=CARTESIAN_POINT('Ctrl Pts',(-4.07497720189623,1.43977639654277,9.08961142045343));
#5893=CARTESIAN_POINT('Ctrl Pts',(-3.73256978603182,2.06014884194141,9.04991879611535));
#5894=CARTESIAN_POINT('Ctrl Pts',(-3.39016237016741,2.68052128734006,9.01022617177728));
#5895=CARTESIAN_POINT('Ctrl Pts',(-2.88974686085683,3.21368298812765,8.97053354743921));
#5896=CARTESIAN_POINT('Ctrl Pts',(-2.29229340424176,3.59467403354497,8.93084092310114));
#5897=CARTESIAN_POINT('Ctrl Pts',(-1.6948399476267,3.97566507896229,8.89114829876307));
#5898=CARTESIAN_POINT('Ctrl Pts',(-1.00034854370715,4.20448546900935,8.85145567442499));
#5899=CARTESIAN_POINT('Ctrl Pts',(-0.293435359512997,4.25325594671355,8.81176305008692));
#5900=CARTESIAN_POINT('Ctrl Pts',(0.413477824681159,4.30202642441776,8.77207042574885));
#5901=CARTESIAN_POINT('Ctrl Pts',(1.13281278914993,4.17074698977911,8.73237780141078));
#5902=CARTESIAN_POINT('Ctrl Pts',(1.77692645119775,3.87541260327079,8.69268517707271));
#5903=CARTESIAN_POINT('Ctrl Pts',(2.42104011324556,3.58007821676248,8.65299255273464));
#5904=CARTESIAN_POINT('Ctrl Pts',(2.98993247287242,3.1206888783845,8.61329992839656));
#5905=CARTESIAN_POINT('Ctrl Pts',(3.4142902302055,2.55321614487038,8.57360730405849));
#5906=CARTESIAN_POINT('Ctrl Pts',(3.83864798753859,1.98574341135626,8.53391467972041));
#5907=CARTESIAN_POINT('Ctrl Pts',(4.1184711425779,1.310187282706,8.49422205538234));
#5908=CARTESIAN_POINT('Ctrl Pts',(4.21966631028467,0.608856870188754,8.45452943104427));
#5909=CARTESIAN_POINT('Ctrl Pts',(4.24873932646997,0.407367106434079,8.44312587951144));
#5910=CARTESIAN_POINT('Ctrl Pts',(4.2630685187198,0.203749952066811,8.43172232797861));
#5911=CARTESIAN_POINT('Ctrl Pts',(4.26287760584129,0.000106157079956259,
8.42031877644578));
#5912=CARTESIAN_POINT('Origin',(-3.11853751248533E-16,0.,12.5000004470348));
#5913=CARTESIAN_POINT('',(4.26324475707001,-7.75754936269482E-5,6.92031877644578));
#5914=CARTESIAN_POINT('',(4.26270130403684,6.61850543394487E-5,7.32968211762387));
#5915=CARTESIAN_POINT('',(4.263,5.22066930476517E-16,12.5000004470348));
#5916=CARTESIAN_POINT('Ctrl Pts',(4.26270130403684,6.61850543394487E-5,
7.32968211762387));
#5917=CARTESIAN_POINT('Ctrl Pts',(4.26285477235259,0.278641947520615,7.3452798253928));
#5918=CARTESIAN_POINT('Ctrl Pts',(4.23596107779754,0.557188465803804,7.36087753316173));
#5919=CARTESIAN_POINT('Ctrl Pts',(4.18173172757596,0.830307329532342,7.37647524093065));
#5920=CARTESIAN_POINT('Ctrl Pts',(4.04373034568502,1.52533281777844,7.41616786526873));
#5921=CARTESIAN_POINT('Ctrl Pts',(3.72870683286546,2.18520952499915,7.4558604896068));
#5922=CARTESIAN_POINT('Ctrl Pts',(3.27504335200785,2.72953870559823,7.49555311394487));
#5923=CARTESIAN_POINT('Ctrl Pts',(2.82137987115024,3.2738678861973,7.53524573828294));
#5924=CARTESIAN_POINT('Ctrl Pts',(2.22907642225459,3.70264954017477,7.57493836262102));
#5925=CARTESIAN_POINT('Ctrl Pts',(1.57029868988306,3.96364132174477,7.61463098695909));
#5926=CARTESIAN_POINT('Ctrl Pts',(0.911520957511514,4.22463310331479,7.65432361129716));
#5927=CARTESIAN_POINT('Ctrl Pts',(0.186268941664082,4.31783501247734,7.69401623563524));
#5928=CARTESIAN_POINT('Ctrl Pts',(-0.517093347112984,4.23189141794318,7.73370885997331));
#5929=CARTESIAN_POINT('Ctrl Pts',(-1.22045563589005,4.14594782340902,7.77340148431138));
#5930=CARTESIAN_POINT('Ctrl Pts',(-1.90192819759675,3.88085872517814,7.81309410864946));
#5931=CARTESIAN_POINT('Ctrl Pts',(-2.47848106842537,3.46892232492255,7.85278673298753));
#5932=CARTESIAN_POINT('Ctrl Pts',(-3.05503393925399,3.05698592466696,7.8924793573256));
#5933=CARTESIAN_POINT('Ctrl Pts',(-3.52666711920453,2.49820222238667,7.93217198166366));
#5934=CARTESIAN_POINT('Ctrl Pts',(-3.83591727363051,1.860652888843,7.97186460600174));
#5935=CARTESIAN_POINT('Ctrl Pts',(-4.14516742805648,1.22310355529934,8.01155723033981));
#5936=CARTESIAN_POINT('Ctrl Pts',(-4.2920345569579,0.506788590492293,8.05124985467789));
#5937=CARTESIAN_POINT('Ctrl Pts',(-4.25862451011199,-0.201016876769832,
8.09094247901596));
#5938=CARTESIAN_POINT('Ctrl Pts',(-4.22521446326608,-0.908822344031979,
8.13063510335403));
#5939=CARTESIAN_POINT('Ctrl Pts',(-4.01152724067282,-1.60811831374921,8.1703277276921));
#5940=CARTESIAN_POINT('Ctrl Pts',(-3.64359828872359,-2.21370323515503,8.21002035203017));
#5941=CARTESIAN_POINT('Ctrl Pts',(-3.27566933677435,-2.81928815656085,8.24971297636824));
#5942=CARTESIAN_POINT('Ctrl Pts',(-2.75349865546913,-3.33116202965527,8.28940560070632));
#5943=CARTESIAN_POINT('Ctrl Pts',(-2.14070702021282,-3.68695863232121,8.32909822504439));
#5944=CARTESIAN_POINT('Ctrl Pts',(-1.52791538495652,-4.04275523498714,8.36879084938247));
#5945=CARTESIAN_POINT('Ctrl Pts',(-0.824502795749115,-4.24247456722459,
8.40848347372054));
#5946=CARTESIAN_POINT('Ctrl Pts',(-0.116172368262635,-4.26178301697704,
8.44817609805861));
#5947=CARTESIAN_POINT('Ctrl Pts',(0.592158059223833,-4.28109146672949,8.48786872239668));
#5948=CARTESIAN_POINT('Ctrl Pts',(1.30540632498938,-4.11998903399694,8.52756134673476));
#5949=CARTESIAN_POINT('Ctrl Pts',(1.93667094377436,-3.79810428483201,8.56725397107283));
#5950=CARTESIAN_POINT('Ctrl Pts',(2.56793556255937,-3.47621953566708,8.6069465954109));
#5951=CARTESIAN_POINT('Ctrl Pts',(3.1172165343638,-2.99355247006977,8.64663921974897));
#5952=CARTESIAN_POINT('Ctrl Pts',(3.51758999223658,-2.40891078064605,8.68633184408705));
#5953=CARTESIAN_POINT('Ctrl Pts',(3.91796345010935,-1.82426909122234,8.72602446842512));
#5954=CARTESIAN_POINT('Ctrl Pts',(4.16942939405047,-1.13765277797223,8.76571709276319));
#5955=CARTESIAN_POINT('Ctrl Pts',(4.24134945399211,-0.432718514637173,8.80540971710126));
#5956=CARTESIAN_POINT('Ctrl Pts',(4.25600937742142,-0.289027278401049,8.81350051727547));
#5957=CARTESIAN_POINT('Ctrl Pts',(4.26320930173344,-0.144574944843058,8.82159131744967));
#5958=CARTESIAN_POINT('Ctrl Pts',(4.26306028444973,-0.000107827343086569,
8.82968211762388));
#5959=CARTESIAN_POINT('Ctrl Pts',(4.26287760584129,0.000106157079956259,
8.42031877644578));
#5960=CARTESIAN_POINT('Ctrl Pts',(4.2624040035338,-0.505078050325414,8.39202970364054));
#5961=CARTESIAN_POINT('Ctrl Pts',(4.17257374095704,-1.01042620398137,8.3637406308353));
#5962=CARTESIAN_POINT('Ctrl Pts',(3.99680219194335,-1.48386747959399,8.33545155803005));
#5963=CARTESIAN_POINT('Ctrl Pts',(3.750175725521,-2.14815672047526,8.29575893369198));
#5964=CARTESIAN_POINT('Ctrl Pts',(3.33435561230205,-2.74963050585359,8.25606630935391));
#5965=CARTESIAN_POINT('Ctrl Pts',(2.80000497636681,-3.21500584615977,8.21637368501584));
#5966=CARTESIAN_POINT('Ctrl Pts',(2.26565434043157,-3.68038118646596,8.17668106067776));
#5967=CARTESIAN_POINT('Ctrl Pts',(1.61277318178003,-4.00965808169999,8.1369884363397));
#5968=CARTESIAN_POINT('Ctrl Pts',(0.920907915075927,-4.16271775051737,8.09729581200162));
#5969=CARTESIAN_POINT('Ctrl Pts',(0.229042648371825,-4.31577741933475,8.05760318766355));
#5970=CARTESIAN_POINT('Ctrl Pts',(-0.501806726384834,-4.29261986173547,
8.01791056332547));
#5971=CARTESIAN_POINT('Ctrl Pts',(-1.18259422180417,-4.09606657234423,7.9782179389874));
#5972=CARTESIAN_POINT('Ctrl Pts',(-1.8633817172235,-3.89951328295299,7.93852531464933));
#5973=CARTESIAN_POINT('Ctrl Pts',(-2.4941073333055,-3.52956426176981,7.89883269031126));
#5974=CARTESIAN_POINT('Ctrl Pts',(-2.99792406546024,-3.03129374298429,7.85914006597319));
#5975=CARTESIAN_POINT('Ctrl Pts',(-3.50174079761498,-2.53302322419877,7.81944744163511));
#5976=CARTESIAN_POINT('Ctrl Pts',(-3.87864864584245,-1.90643120781093,7.77975481729704));
#5977=CARTESIAN_POINT('Ctrl Pts',(-4.08272551913498,-1.22786106458545,7.74006219295897));
#5978=CARTESIAN_POINT('Ctrl Pts',(-4.2868023924275,-0.549290921359986,7.70036956862089));
#5979=CARTESIAN_POINT('Ctrl Pts',(-4.31804829078509,0.18125734870312,7.66067694428282));
#5980=CARTESIAN_POINT('Ctrl Pts',(-4.17265624389718,0.874774444520953,7.62098431994475));
#5981=CARTESIAN_POINT('Ctrl Pts',(-4.02726419700927,1.56829154033879,7.58129169560667));
#5982=CARTESIAN_POINT('Ctrl Pts',(-3.70523420487587,2.22477746191137,7.5415990712686));
#5983=CARTESIAN_POINT('Ctrl Pts',(-3.24580209311201,2.76424659371604,7.50190644693053));
#5984=CARTESIAN_POINT('Ctrl Pts',(-2.78636998134816,3.3037157255207,7.46221382259246));
#5985=CARTESIAN_POINT('Ctrl Pts',(-2.18953574995386,3.72616806755746,7.42252119825438));
#5986=CARTESIAN_POINT('Ctrl Pts',(-1.52801710968925,3.98013243134169,7.38282857391631));
#5987=CARTESIAN_POINT('Ctrl Pts',(-0.866498469424632,4.23409679512593,7.34313594957824));
#5988=CARTESIAN_POINT('Ctrl Pts',(-0.140295420289709,4.31957318065763,7.30344332524017));
#5989=CARTESIAN_POINT('Ctrl Pts',(0.562112154186077,4.2261472270423,7.2637507009021));
#5990=CARTESIAN_POINT('Ctrl Pts',(1.26451972866184,4.13272127342698,7.22405807656402));
#5991=CARTESIAN_POINT('Ctrl Pts',(1.94313182847847,3.86039298066464,7.18436545222595));
#5992=CARTESIAN_POINT('Ctrl Pts',(2.51526700576135,3.44234256695195,7.14467282788788));
#5993=CARTESIAN_POINT('Ctrl Pts',(3.08740218304423,3.02429215323926,7.1049802035498));
#5994=CARTESIAN_POINT('Ctrl Pts',(3.55306043779336,2.46051961857623,7.06528757921174));
#5995=CARTESIAN_POINT('Ctrl Pts',(3.85550641452683,1.81971446827888,7.02559495487366));
#5996=CARTESIAN_POINT('Ctrl Pts',(4.12289745708926,1.25318169747471,6.9905028953977));
#5997=CARTESIAN_POINT('Ctrl Pts',(4.26271780741172,0.626438357827301,6.95541083592174));
#5998=CARTESIAN_POINT('Ctrl Pts',(4.26324475707001,-7.75754936269482E-5,
6.92031877644578));
#5999=CARTESIAN_POINT('Origin',(-3.11853751248533E-16,0.,12.5000004470348));
#6000=CARTESIAN_POINT('',(4.26263738831502,1.26057928938328E-5,5.42031877644578));
#6001=CARTESIAN_POINT('',(4.26336547029027,-7.71606562929505E-6,5.82968211762388));
#6002=CARTESIAN_POINT('',(4.263,5.22066930476517E-16,12.5000004470348));
#6003=CARTESIAN_POINT('Ctrl Pts',(4.26336492211651,-7.70449219958641E-6,
5.82968211762388));
#6004=CARTESIAN_POINT('Ctrl Pts',(4.26329103423536,0.701331189859326,5.86896833333593));
#6005=CARTESIAN_POINT('Ctrl Pts',(4.08663455571602,1.40270594301719,5.90825454904799));
#6006=CARTESIAN_POINT('Ctrl Pts',(3.75428840830486,2.02029924767545,5.94754076476004));
#6007=CARTESIAN_POINT('Ctrl Pts',(3.41850420154685,2.64428144069656,5.98723338909811));
#6008=CARTESIAN_POINT('Ctrl Pts',(2.92379250315285,3.18273981219216,6.02692601343619));
#6009=CARTESIAN_POINT('Ctrl Pts',(2.33042851233426,3.57006911022598,6.06661863777426));
#6010=CARTESIAN_POINT('Ctrl Pts',(1.73706452151567,3.95739840825981,6.10631126211233));
#6011=CARTESIAN_POINT('Ctrl Pts',(1.0450482382725,4.19359863283187,6.14600388645041));
#6012=CARTESIAN_POINT('Ctrl Pts',(0.338694263341787,4.24989137494944,6.18569651078848));
#6013=CARTESIAN_POINT('Ctrl Pts',(-0.367659711588929,4.30618411706701,6.22538913512655));
#6014=CARTESIAN_POINT('Ctrl Pts',(-1.08835137820719,4.18256937673008,6.26508175946462));
#6015=CARTESIAN_POINT('Ctrl Pts',(-1.73557235454742,3.89410825543165,6.30477438380269));
#6016=CARTESIAN_POINT('Ctrl Pts',(-2.38279333088764,3.60564713413323,6.34446700814077));
#6017=CARTESIAN_POINT('Ctrl Pts',(-2.95654361694982,3.15233963187329,6.38415963247884));
#6018=CARTESIAN_POINT('Ctrl Pts',(-3.38691802774991,2.58941630028717,6.42385225681692));
#6019=CARTESIAN_POINT('Ctrl Pts',(-3.81729243855,2.02649296870106,6.46354488115499));
#6020=CARTESIAN_POINT('Ctrl Pts',(-4.10429097408799,1.35395380778875,6.50323750549306));
#6021=CARTESIAN_POINT('Ctrl Pts',(-4.21294600784708,0.653740344368953,6.54293012983113));
#6022=CARTESIAN_POINT('Ctrl Pts',(-4.32160104160616,-0.0464731190508356,
6.58262275416921));
#6023=CARTESIAN_POINT('Ctrl Pts',(-4.25191257358635,-0.774360884978119,
6.62231537850728));
#6024=CARTESIAN_POINT('Ctrl Pts',(-4.01237137994326,-1.44123780560408,6.66200800284535));
#6025=CARTESIAN_POINT('Ctrl Pts',(-3.77283018630017,-2.10811472623006,6.70170062718343));
#6026=CARTESIAN_POINT('Ctrl Pts',(-3.3634362670338,-2.71398080155471,6.74139325152149));
#6027=CARTESIAN_POINT('Ctrl Pts',(-2.83406978491336,-3.18501788960932,6.78108587585957));
#6028=CARTESIAN_POINT('Ctrl Pts',(-2.30470330279292,-3.65605497766393,6.82077850019764));
#6029=CARTESIAN_POINT('Ctrl Pts',(-1.6553642578184,-3.9922630784485,6.86047112453571));
#6030=CARTESIAN_POINT('Ctrl Pts',(-0.965167496917136,-4.15267891917795,
6.90016374887378));
#6031=CARTESIAN_POINT('Ctrl Pts',(-0.274970736015881,-4.3130947599074,6.93985637321186));
#6032=CARTESIAN_POINT('Ctrl Pts',(0.456083740812123,-4.29771834058173,6.97954899754993));
#6033=CARTESIAN_POINT('Ctrl Pts',(1.13892495673685,-4.10842310939516,7.019241621888));
#6034=CARTESIAN_POINT('Ctrl Pts',(1.82176617266158,-3.91912787820859,7.05893424622607));
#6035=CARTESIAN_POINT('Ctrl Pts',(2.45639412768303,-3.55591383516111,7.09862687056415));
#6036=CARTESIAN_POINT('Ctrl Pts',(2.96548635997493,-3.06303463116121,7.13831949490222));
#6037=CARTESIAN_POINT('Ctrl Pts',(3.47457859226684,-2.57015542716132,7.17801211924029));
#6038=CARTESIAN_POINT('Ctrl Pts',(3.8581351018292,-1.94761106220901,7.21770474357836));
#6039=CARTESIAN_POINT('Ctrl Pts',(4.06942373112922,-1.27125174509711,7.25739736791644));
#6040=CARTESIAN_POINT('Ctrl Pts',(4.19768387970573,-0.8606761888484,7.28149228448558));
#6041=CARTESIAN_POINT('Ctrl Pts',(4.26246423033866,-0.430270108858217,7.30558720105473));
#6042=CARTESIAN_POINT('Ctrl Pts',(4.26270130403684,6.61850543394487E-5,
7.32968211762387));
#6043=CARTESIAN_POINT('Ctrl Pts',(4.26324475707001,-7.75754936269482E-5,
6.92031877644578));
#6044=CARTESIAN_POINT('Ctrl Pts',(4.26331384010812,-0.0822137405244438,
6.91571821158367));
#6045=CARTESIAN_POINT('Ctrl Pts',(4.26098886252117,-0.164345997081998,6.91111764672155));
#6046=CARTESIAN_POINT('Ctrl Pts',(4.25624341026699,-0.246338164075061,6.90651708185944));
#6047=CARTESIAN_POINT('Ctrl Pts',(4.21530073055588,-0.953747880199996,6.86682445752137));
#6048=CARTESIAN_POINT('Ctrl Pts',(3.99418167241586,-1.65072954651819,6.8271318331833));
#6049=CARTESIAN_POINT('Ctrl Pts',(3.61982716997503,-2.25236358477747,6.78743920884523));
#6050=CARTESIAN_POINT('Ctrl Pts',(3.2454726675342,-2.85399762303674,6.74774658450715));
#6051=CARTESIAN_POINT('Ctrl Pts',(2.71788272079256,-3.36028403323709,6.70805396016908));
#6052=CARTESIAN_POINT('Ctrl Pts',(2.10133838323041,-3.70953736437357,6.66836133583101));
#6053=CARTESIAN_POINT('Ctrl Pts',(1.48479404566827,-4.05879069551005,6.62866871149293));
#6054=CARTESIAN_POINT('Ctrl Pts',(0.779295317285627,-4.25101094758265,6.58897608715486));
#6055=CARTESIAN_POINT('Ctrl Pts',(0.0707994870140155,-4.26277818929857,
6.54928346281679));
#6056=CARTESIAN_POINT('Ctrl Pts',(-0.637696343257596,-4.27454543101448,
6.50959083847872));
#6057=CARTESIAN_POINT('Ctrl Pts',(-1.34918927541818,-4.1058596623737,6.46989821414065));
#6058=CARTESIAN_POINT('Ctrl Pts',(-1.97699169249259,-3.77727339576265,6.43020558980258));
#6059=CARTESIAN_POINT('Ctrl Pts',(-2.60479410956701,-3.4486871291516,6.3905129654645));
#6060=CARTESIAN_POINT('Ctrl Pts',(-3.14890601155526,-2.96020036457028,6.35082034112643));
#6061=CARTESIAN_POINT('Ctrl Pts',(-3.54303332578408,-2.37132986126021,6.31112771678836));
#6062=CARTESIAN_POINT('Ctrl Pts',(-3.93716064001291,-1.78245935795014,6.27143509245028));
#6063=CARTESIAN_POINT('Ctrl Pts',(-4.18130336648229,-1.09320511591134,6.23174246811221));
#6064=CARTESIAN_POINT('Ctrl Pts',(-4.24571538938029,-0.387545211427552,
6.19204984377414));
#6065=CARTESIAN_POINT('Ctrl Pts',(-4.31012741227828,0.318114693056233,6.15235721943607));
#6066=CARTESIAN_POINT('Ctrl Pts',(-4.19480873160487,1.04018025998499,6.112664595098));
#6067=CARTESIAN_POINT('Ctrl Pts',(-3.9138096648944,1.69067571269602,6.07297197075992));
#6068=CARTESIAN_POINT('Ctrl Pts',(-3.63281059818394,2.34117116540704,6.03327934642185));
#6069=CARTESIAN_POINT('Ctrl Pts',(-3.18613114543641,2.92009650390034,5.99358672208377));
#6070=CARTESIAN_POINT('Ctrl Pts',(-2.62819430308674,3.3569160197633,5.9538940977457));
#6071=CARTESIAN_POINT('Ctrl Pts',(-2.07025746073707,3.79373553562625,5.91420147340763));
#6072=CARTESIAN_POINT('Ctrl Pts',(-1.40106322878526,4.08844922885887,5.87450884906957));
#6073=CARTESIAN_POINT('Ctrl Pts',(-0.702145591111151,4.20514946552488,5.83481622473149));
#6074=CARTESIAN_POINT('Ctrl Pts',(-0.0032279534370315,4.32184970219089,
5.79512360039342));
#6075=CARTESIAN_POINT('Ctrl Pts',(0.72541308995939,4.26053648229029,5.75543097605534));
#6076=CARTESIAN_POINT('Ctrl Pts',(1.39500061266438,4.0286801497745,5.71573835171727));
#6077=CARTESIAN_POINT('Ctrl Pts',(2.06458813536936,3.7968238172587,5.67604572737919));
#6078=CARTESIAN_POINT('Ctrl Pts',(2.67512213738292,3.39442437212773,5.63635310304113));
#6079=CARTESIAN_POINT('Ctrl Pts',(3.15221574102219,2.87050977712548,5.59666047870305));
#6080=CARTESIAN_POINT('Ctrl Pts',(3.62930934466145,2.34659518212323,5.55696785436498));
#6081=CARTESIAN_POINT('Ctrl Pts',(3.97296254992643,1.7011654372497,5.51727523002691));
#6082=CARTESIAN_POINT('Ctrl Pts',(4.14130497963738,1.01285908405449,5.47758260568884));
#6083=CARTESIAN_POINT('Ctrl Pts',(4.22225983636527,0.681856719983245,5.45849466260782));
#6084=CARTESIAN_POINT('Ctrl Pts',(4.26267249924861,0.340938754543627,5.4394067195268));
#6085=CARTESIAN_POINT('Ctrl Pts',(4.26263738831502,1.26057928938328E-5,
5.42031877644578));
#6086=CARTESIAN_POINT('Origin',(-3.11853751248533E-16,0.,12.5000004470348));
#6087=CARTESIAN_POINT('',(4.26330690809454,5.5408572022797E-5,3.92031877644578));
#6088=CARTESIAN_POINT('',(4.26267880467285,-5.47938813594362E-5,4.32968211762388));
#6089=CARTESIAN_POINT('',(4.263,5.22066930476517E-16,12.5000004470348));
#6090=CARTESIAN_POINT('Ctrl Pts',(4.26267880467285,-5.47938813594362E-5,
4.32968211762388));
#6091=CARTESIAN_POINT('Ctrl Pts',(4.26249042053596,0.41577082993382,4.35296421694099));
#6092=CARTESIAN_POINT('Ctrl Pts',(4.2020708137431,0.831650026427621,4.3762463162581));
#6093=CARTESIAN_POINT('Ctrl Pts',(4.08219599981473,1.22962039751577,4.39952841557522));
#6094=CARTESIAN_POINT('Ctrl Pts',(3.87782671627005,1.90810253188554,4.43922103991329));
#6095=CARTESIAN_POINT('Ctrl Pts',(3.50064887353691,2.53453206288864,4.47891366425136));
#6096=CARTESIAN_POINT('Ctrl Pts',(2.99661745849491,3.03258541682403,4.51860628858943));
#6097=CARTESIAN_POINT('Ctrl Pts',(2.4925860434529,3.53063877075942,4.55829891292751));
#6098=CARTESIAN_POINT('Ctrl Pts',(1.86170105610203,3.90031594762711,4.59799153726558));
#6099=CARTESIAN_POINT('Ctrl Pts',(1.18082891867471,4.09657583448809,4.63768416160365));
#6100=CARTESIAN_POINT('Ctrl Pts',(0.499956781247381,4.29283572134907,4.67737678594173));
#6101=CARTESIAN_POINT('Ctrl Pts',(-0.230902506256398,4.31567831820333,4.7170694102798));
#6102=CARTESIAN_POINT('Ctrl Pts',(-0.922701748686773,4.162320504942,4.75676203461787));
#6103=CARTESIAN_POINT('Ctrl Pts',(-1.61450099111714,4.00896269168068,4.79645465895594));
#6104=CARTESIAN_POINT('Ctrl Pts',(-2.26724018847411,3.67940446830376,4.83614728329402));
#6105=CARTESIAN_POINT('Ctrl Pts',(-2.80139022252271,3.21379889290609,4.87583990763209));
#6106=CARTESIAN_POINT('Ctrl Pts',(-3.33554025657133,2.74819331750841,4.91553253197016));
#6107=CARTESIAN_POINT('Ctrl Pts',(-3.75110112731158,2.14654039008997,4.95522515630823));
#6108=CARTESIAN_POINT('Ctrl Pts',(-3.99744129651695,1.48214492671638,4.9949177806463));
#6109=CARTESIAN_POINT('Ctrl Pts',(-4.24378146572233,0.817749463342793,5.03461040498438));
#6110=CARTESIAN_POINT('Ctrl Pts',(-4.32090093339283,0.0906114640140651,
5.07430302932245));
#6111=CARTESIAN_POINT('Ctrl Pts',(-4.2194035374971,-0.610675274304812,5.11399565366052));
#6112=CARTESIAN_POINT('Ctrl Pts',(-4.11790614160136,-1.31196201262368,5.1536882779986));
#6113=CARTESIAN_POINT('Ctrl Pts',(-3.83779188213939,-1.98739748993269,5.19338090233666));
#6114=CARTESIAN_POINT('Ctrl Pts',(-3.41318961202864,-2.55468729499914,5.23307352667474));
#6115=CARTESIAN_POINT('Ctrl Pts',(-2.98858734191788,-3.1219771000656,5.27276615101281));
#6116=CARTESIAN_POINT('Ctrl Pts',(-2.41949706115834,-3.58112123288949,5.31245877535089));
#6117=CARTESIAN_POINT('Ctrl Pts',(-1.77525618415404,-3.87617801236129,5.35215139968896));
#6118=CARTESIAN_POINT('Ctrl Pts',(-1.13101530714975,-4.17123479183308,5.39184402402704));
#6119=CARTESIAN_POINT('Ctrl Pts',(-0.411623833900703,-4.30220421795278,
5.4315366483651));
#6120=CARTESIAN_POINT('Ctrl Pts',(0.295268267941544,-4.2531291013602,5.47122927270317));
#6121=CARTESIAN_POINT('Ctrl Pts',(1.0021603697838,-4.20405398476763,5.51092189704125));
#6122=CARTESIAN_POINT('Ctrl Pts',(1.69655310021926,-3.97493432546278,5.55061452137932));
#6123=CARTESIAN_POINT('Ctrl Pts',(2.2938423144625,-3.59368584315206,5.5903071457174));
#6124=CARTESIAN_POINT('Ctrl Pts',(2.89113152870575,-3.21243736084135,5.62999977005547));
#6125=CARTESIAN_POINT('Ctrl Pts',(3.39131722675679,-2.67906005552478,5.66969239439354));
#6126=CARTESIAN_POINT('Ctrl Pts',(3.73345726253215,-2.05854010690493,5.70938501873161));
#6127=CARTESIAN_POINT('Ctrl Pts',(4.07559729830751,-1.4380201582851,5.74907764306968));
#6128=CARTESIAN_POINT('Ctrl Pts',(4.25969167180719,-0.730357566362002,5.78877026740776));
#6129=CARTESIAN_POINT('Ctrl Pts',(4.26331050099603,-0.0217732631271462,
5.82846289174583));
#6130=CARTESIAN_POINT('Ctrl Pts',(4.26334755380932,-0.0145181426130329,
5.82886930037184));
#6131=CARTESIAN_POINT('Ctrl Pts',(4.26336568647296,-0.0072629254713348,
5.82927570899786));
#6132=CARTESIAN_POINT('Ctrl Pts',(4.26336492211651,-7.70449219958641E-6,
5.82968211762388));
#6133=CARTESIAN_POINT('Ctrl Pts',(4.26263738831502,1.26057928938328E-5,
5.42031877644578));
#6134=CARTESIAN_POINT('Ctrl Pts',(4.26259948744786,-0.368003717253945,5.39971409518872));
#6135=CARTESIAN_POINT('Ctrl Pts',(4.21543042294039,-0.736029575781698,5.37910941393167));
#6136=CARTESIAN_POINT('Ctrl Pts',(4.12124895868731,-1.09160316921478,5.35850473267462));
#6137=CARTESIAN_POINT('Ctrl Pts',(3.9398188538694,-1.77657610777194,5.31881210833654));
#6138=CARTESIAN_POINT('Ctrl Pts',(3.58392699007667,-2.41533902336936,5.27911948399847));
#6139=CARTESIAN_POINT('Ctrl Pts',(3.09693489091462,-2.93006565454712,5.2394268596604));
#6140=CARTESIAN_POINT('Ctrl Pts',(2.60994279175257,-3.44479228572489,5.19973423532233));
#6141=CARTESIAN_POINT('Ctrl Pts',(1.9918504572212,-3.83548263248298,5.16004161098426));
#6142=CARTESIAN_POINT('Ctrl Pts',(1.31796566499359,-4.05453535740151,5.12034898664618));
#6143=CARTESIAN_POINT('Ctrl Pts',(0.644080872765988,-4.27358808232004,5.08065636230811));
#6144=CARTESIAN_POINT('Ctrl Pts',(-0.0855963771578495,-4.321003185399,5.04096373797004));
#6145=CARTESIAN_POINT('Ctrl Pts',(-0.782162907953966,-4.19100365592086,
5.00127111363197));
#6146=CARTESIAN_POINT('Ctrl Pts',(-1.47872943875007,-4.06100412644272,4.96157848929389));
#6147=CARTESIAN_POINT('Ctrl Pts',(-2.14218525041846,-3.75358996440747,4.92188586495582));
#6148=CARTESIAN_POINT('Ctrl Pts',(-2.69169552270703,-3.30621621669847,4.88219324061775));
#6149=CARTESIAN_POINT('Ctrl Pts',(-3.24120579499561,-2.85884246898946,4.84250061627968));
#6150=CARTESIAN_POINT('Ctrl Pts',(-3.67677052790438,-2.27150913560669,4.8028079919416));
#6151=CARTESIAN_POINT('Ctrl Pts',(-3.94532093181147,-1.61577634700205,4.76311536760353));
#6152=CARTESIAN_POINT('Ctrl Pts',(-4.21387133571856,-0.960043558397416,
4.72342274326546));
#6153=CARTESIAN_POINT('Ctrl Pts',(-4.31540741062398,-0.235911314570913,
4.68373011892739));
#6154=CARTESIAN_POINT('Ctrl Pts',(-4.2375580984712,0.468392805882187,4.64403749458931));
#6155=CARTESIAN_POINT('Ctrl Pts',(-4.15970878631842,1.17269692633528,4.60434487025124));
#6156=CARTESIAN_POINT('Ctrl Pts',(-3.90247408710746,1.85717292341497,4.56465224591317));
#6157=CARTESIAN_POINT('Ctrl Pts',(-3.49719523006204,2.43842489762395,4.5249596215751));
#6158=CARTESIAN_POINT('Ctrl Pts',(-3.09191637301662,3.01967687183292,4.48526699723702));
#6159=CARTESIAN_POINT('Ctrl Pts',(-2.53859335813673,3.49770482317119,4.44557437289895));
#6160=CARTESIAN_POINT('Ctrl Pts',(-1.90464253126265,3.81426628417923,4.40588174856088));
#6161=CARTESIAN_POINT('Ctrl Pts',(-1.27069170438857,4.13082774518727,4.36618912422281));
#6162=CARTESIAN_POINT('Ctrl Pts',(-0.556113065520312,4.28592271586509,4.32649649988473));
#6163=CARTESIAN_POINT('Ctrl Pts',(0.152029808819039,4.26065457362498,4.28680387554666));
#6164=CARTESIAN_POINT('Ctrl Pts',(0.860172683158391,4.23538643138486,4.24711125120859));
#6165=CARTESIAN_POINT('Ctrl Pts',(1.56187979296883,4.02975517622679,4.20741862687052));
#6166=CARTESIAN_POINT('Ctrl Pts',(2.17165581649183,3.6688147232067,4.16772600253245));
#6167=CARTESIAN_POINT('Ctrl Pts',(2.78143184001484,3.3078742701866,4.12803337819437));
#6168=CARTESIAN_POINT('Ctrl Pts',(3.29927677725042,2.79162461930447,4.0883407538563));
#6169=CARTESIAN_POINT('Ctrl Pts',(3.66209689733707,2.18296513326144,4.04864812951823));
#6170=CARTESIAN_POINT('Ctrl Pts',(4.02491701742372,1.57430564721842,4.00895550518015));
#6171=CARTESIAN_POINT('Ctrl Pts',(4.23271232036144,0.873236326014506,3.96926288084208));
#6172=CARTESIAN_POINT('Ctrl Pts',(4.26016522558682,0.165174783855494,3.92957025650401));
#6173=CARTESIAN_POINT('Ctrl Pts',(4.26229811559236,0.110163579242336,3.92648642981793));
#6174=CARTESIAN_POINT('Ctrl Pts',(4.26334243114902,0.0551101685081028,3.92340260313186));
#6175=CARTESIAN_POINT('Ctrl Pts',(4.26330690809454,5.5408572022797E-5,3.92031877644578));
#6176=CARTESIAN_POINT('Origin',(-3.11853751248533E-16,0.,12.5000004470348));
#6177=CARTESIAN_POINT('',(4.26280379165018,-9.59726418660323E-5,2.42031877644578));
#6178=CARTESIAN_POINT('',(4.26310601366517,0.000103654962188564,2.82968211762387));
#6179=CARTESIAN_POINT('',(4.263,5.22066930476517E-16,12.5000004470348));
#6180=CARTESIAN_POINT('Ctrl Pts',(4.26310601366517,0.000103654962188564,
2.82968211762387));
#6181=CARTESIAN_POINT('Ctrl Pts',(4.26323812521137,0.130053311442334,2.83696010054605));
#6182=CARTESIAN_POINT('Ctrl Pts',(4.25741424359012,0.259991170733651,2.84423808346822));
#6183=CARTESIAN_POINT('Ctrl Pts',(4.24554798818871,0.389374861643981,2.85151606639039));
#6184=CARTESIAN_POINT('Ctrl Pts',(4.18083186794156,1.09500694318285,2.89120869072846));
#6185=CARTESIAN_POINT('Ctrl Pts',(3.93639213059201,1.78415590905586,2.93090131506654));
#6186=CARTESIAN_POINT('Ctrl Pts',(3.54201107947419,2.3728565097302,2.97059393940461));
#6187=CARTESIAN_POINT('Ctrl Pts',(3.14763002835638,2.96155711040455,3.01028656374268));
#6188=CARTESIAN_POINT('Ctrl Pts',(2.60330766347032,3.44980934588024,3.04997918808075));
#6189=CARTESIAN_POINT('Ctrl Pts',(1.97536370008641,3.77812503171524,3.08967181241883));
#6190=CARTESIAN_POINT('Ctrl Pts',(1.34741973670251,4.10644071755025,3.1293644367569));
#6191=CARTESIAN_POINT('Ctrl Pts',(0.63585417482076,4.27481985374457,3.16905706109497));
#6192=CARTESIAN_POINT('Ctrl Pts',(-0.072636519447756,4.26274728771619,3.20874968543305));
#6193=CARTESIAN_POINT('Ctrl Pts',(-0.781127213716262,4.25067472168781,3.24844230977112));
#6194=CARTESIAN_POINT('Ctrl Pts',(-1.48654304037154,4.05815045343673,3.28813493410919));
#6195=CARTESIAN_POINT('Ctrl Pts',(-2.10293681114921,3.70863145529509,3.32782755844726));
#6196=CARTESIAN_POINT('Ctrl Pts',(-2.7193305819269,3.35911245715345,3.36752018278533));
#6197=CARTESIAN_POINT('Ctrl Pts',(-3.24670229682699,2.85259872912124,3.40721280712341));
#6198=CARTESIAN_POINT('Ctrl Pts',(-3.62079749152752,2.25080341839047,3.44690543146148));
#6199=CARTESIAN_POINT('Ctrl Pts',(-3.99489268622805,1.64900810765969,3.48659805579955));
#6200=CARTESIAN_POINT('Ctrl Pts',(-4.21571136072902,0.951931214230337,3.52629068013762));
#6201=CARTESIAN_POINT('Ctrl Pts',(-4.25634917935709,0.244503918734419,3.56598330447569));
#6202=CARTESIAN_POINT('Ctrl Pts',(-4.29698699798515,-0.462923376761493,
3.60567592881377));
#6203=CARTESIAN_POINT('Ctrl Pts',(-4.15744396074031,-1.18070107432396,3.64536855315184));
#6204=CARTESIAN_POINT('Ctrl Pts',(-3.85472185754544,-1.82137582718442,3.68506117748991));
#6205=CARTESIAN_POINT('Ctrl Pts',(-3.55199975435058,-2.46205058004489,3.72475380182799));
#6206=CARTESIAN_POINT('Ctrl Pts',(-3.08609858520568,-3.02562238820335,3.76444642616606));
#6207=CARTESIAN_POINT('Ctrl Pts',(-2.51378330204987,-3.44342620266872,3.80413905050413));
#6208=CARTESIAN_POINT('Ctrl Pts',(-1.94146801889405,-3.86123001713409,3.8438316748422));
#6209=CARTESIAN_POINT('Ctrl Pts',(-1.26273862172732,-4.13326583790639,3.88352429918027));
#6210=CARTESIAN_POINT('Ctrl Pts',(-0.560290849820993,-4.22638908129589,
3.92321692351835));
#6211=CARTESIAN_POINT('Ctrl Pts',(0.142156922085329,-4.3195123246854,3.96290954785642));
#6212=CARTESIAN_POINT('Ctrl Pts',(0.868323068731237,-4.23372299069211,4.00260217219449));
#6213=CARTESIAN_POINT('Ctrl Pts',(1.52973220275119,-3.97947356955116,4.04229479653257));
#6214=CARTESIAN_POINT('Ctrl Pts',(2.19114133677115,-3.7252241484102,4.08198742087064));
#6215=CARTESIAN_POINT('Ctrl Pts',(2.78779345816515,-3.30251464012158,4.12168004520871));
#6216=CARTESIAN_POINT('Ctrl Pts',(3.24699304428094,-2.76284756605959,4.16137266954678));
#6217=CARTESIAN_POINT('Ctrl Pts',(3.70619263039673,-2.22318049199762,4.20106529388485));
#6218=CARTESIAN_POINT('Ctrl Pts',(4.0279396812343,-1.56655585216228,4.24075791822293));
#6219=CARTESIAN_POINT('Ctrl Pts',(4.17303284447498,-0.872976163376384,4.280450542561));
#6220=CARTESIAN_POINT('Ctrl Pts',(4.23302018533334,-0.58622246475707,4.29686106758196));
#6221=CARTESIAN_POINT('Ctrl Pts',(4.26281158834283,-0.293151937357515,4.31327159260292));
#6222=CARTESIAN_POINT('Ctrl Pts',(4.26267880467285,-5.47938813594362E-5,
4.32968211762388));
#6223=CARTESIAN_POINT('Ctrl Pts',(4.26330690809454,5.5408572022797E-5,3.92031877644578));
#6224=CARTESIAN_POINT('Ctrl Pts',(4.26288520595428,-0.653511983972645,3.88370997879378));
#6225=CARTESIAN_POINT('Ctrl Pts',(4.11028620932964,-1.30726951408485,3.84710118114179));
#6226=CARTESIAN_POINT('Ctrl Pts',(3.82012465736454,-1.89286504028071,3.81049238348979));
#6227=CARTESIAN_POINT('Ctrl Pts',(3.50552067640383,-2.52778955914375,3.77079975915172));
#6228=CARTESIAN_POINT('Ctrl Pts',(3.02920220696937,-3.08258483375573,3.73110713481365));
#6229=CARTESIAN_POINT('Ctrl Pts',(2.44920343488395,-3.48965513956216,3.69141451047557));
#6230=CARTESIAN_POINT('Ctrl Pts',(1.86920466279854,-3.89672544536859,3.6517218861375));
#6231=CARTESIAN_POINT('Ctrl Pts',(1.18552558806216,-4.15607078236945,3.61202926179943));
#6232=CARTESIAN_POINT('Ctrl Pts',(0.481465013917313,-4.23609276325446,3.57233663746135));
#6233=CARTESIAN_POINT('Ctrl Pts',(-0.222595560227536,-4.31611474413946,
3.53264401312328));
#6234=CARTESIAN_POINT('Ctrl Pts',(-0.947037633780862,-4.21681336890861,
3.49295138878521));
#6235=CARTESIAN_POINT('Ctrl Pts',(-1.60359587878984,-3.95028742195374,3.45325876444714));
#6236=CARTESIAN_POINT('Ctrl Pts',(-2.26015412379881,-3.68376147499888,3.41356614010907));
#6237=CARTESIAN_POINT('Ctrl Pts',(-2.84882854026343,-3.25001095632,3.373873515771));
#6238=CARTESIAN_POINT('Ctrl Pts',(-3.29789560145552,-2.70188361341204,3.33418089143293));
#6239=CARTESIAN_POINT('Ctrl Pts',(-3.74696266264763,-2.15375627050407,3.29448826709485));
#6240=CARTESIAN_POINT('Ctrl Pts',(-4.05642236856721,-1.49125210336701,3.25479564275677));
#6241=CARTESIAN_POINT('Ctrl Pts',(-4.18857044522221,-0.795089984802832,
3.2151030184187));
#6242=CARTESIAN_POINT('Ctrl Pts',(-4.3207185218772,-0.0989278662386563,
3.17541039408063));
#6243=CARTESIAN_POINT('Ctrl Pts',(-4.27555496926759,0.630892203752637,3.13571776974256));
#6244=CARTESIAN_POINT('Ctrl Pts',(-4.058582471364,1.30544964730165,3.09602514540449));
#6245=CARTESIAN_POINT('Ctrl Pts',(-3.84160997346041,1.98000709085067,3.05633252106642));
#6246=CARTESIAN_POINT('Ctrl Pts',(-3.45282853026283,2.59930190795741,3.01663989672834));
#6247=CARTESIAN_POINT('Ctrl Pts',(-2.93960690020219,3.08787981159557,2.97694727239027));
#6248=CARTESIAN_POINT('Ctrl Pts',(-2.42638527014155,3.57645771523373,2.93725464805219));
#6249=CARTESIAN_POINT('Ctrl Pts',(-1.78872345321787,3.93431870540331,2.89756202371413));
#6250=CARTESIAN_POINT('Ctrl Pts',(-1.10431355410068,4.11786134208411,2.85786939937605));
#6251=CARTESIAN_POINT('Ctrl Pts',(-0.419903654983506,4.3014039787649,2.81817677503798));
#6252=CARTESIAN_POINT('Ctrl Pts',(0.311254326327169,4.31062826195692,2.77848415069991));
#6253=CARTESIAN_POINT('Ctrl Pts',(1.00007680214697,4.14441031372744,2.73879152636183));
#6254=CARTESIAN_POINT('Ctrl Pts',(1.68889927796677,3.97819236549795,2.69909890202376));
#6255=CARTESIAN_POINT('Ctrl Pts',(2.3353862482957,3.63653218584697,2.65940627768569));
#6256=CARTESIAN_POINT('Ctrl Pts',(2.86077036018424,3.1610573238359,2.61971365334762));
#6257=CARTESIAN_POINT('Ctrl Pts',(3.38615447207279,2.68558246182482,2.58002102900955));
#6258=CARTESIAN_POINT('Ctrl Pts',(3.79043572552094,2.07629291745365,2.54032840467147));
#6259=CARTESIAN_POINT('Ctrl Pts',(4.02435688018701,1.40742394446471,2.5006357803334));
#6260=CARTESIAN_POINT('Ctrl Pts',(4.18213469241303,0.956277559800553,2.47386344570419));
#6261=CARTESIAN_POINT('Ctrl Pts',(4.26240910647551,0.47802618863116,2.44709111107499));
#6262=CARTESIAN_POINT('Ctrl Pts',(4.26280379165018,-9.59726418660323E-5,
2.42031877644578));
#6263=CARTESIAN_POINT('Origin',(-3.11853751248533E-16,0.,12.5000004470348));
#6264=CARTESIAN_POINT('',(4.26291095437924,0.000108880714151938,0.920318776445777));
#6265=CARTESIAN_POINT('',(4.26302427369962,-0.000109827332810329,1.32968211762387));
#6266=CARTESIAN_POINT('',(4.263,5.22066930476517E-16,12.5000004470348));
#6267=CARTESIAN_POINT('',(-3.22335278395788,2.78983258102543,4.4703483581543E-7));
#6268=CARTESIAN_POINT('Ctrl Pts',(4.26291095437924,0.000108880714151938,
0.920318776445777));
#6269=CARTESIAN_POINT('Ctrl Pts',(4.26240826230575,-0.516408642572646,0.89139437034197));
#6270=CARTESIAN_POINT('Ctrl Pts',(4.1684055435235,-1.03310388571317,0.862469964238163));
#6271=CARTESIAN_POINT('Ctrl Pts',(3.984827644014,-1.51572851167372,0.833545558134355));
#6272=CARTESIAN_POINT('Ctrl Pts',(3.73290583874507,-2.17802864346567,0.793852933796283));
#6273=CARTESIAN_POINT('Ctrl Pts',(3.31229827434981,-2.77616783384231,0.754160309458211));
#6274=CARTESIAN_POINT('Ctrl Pts',(2.77424860571684,-3.23726014279446,0.714467685120139));
#6275=CARTESIAN_POINT('Ctrl Pts',(2.23619893708387,-3.69835245174662,0.674775060782066));
#6276=CARTESIAN_POINT('Ctrl Pts',(1.58070716421319,-4.02239787927429,0.635082436443994));
#6277=CARTESIAN_POINT('Ctrl Pts',(0.887643173485004,-4.1699330452922,0.595389812105921));
#6278=CARTESIAN_POINT('Ctrl Pts',(0.194579182756831,-4.31746821131009,0.555697187767849));
#6279=CARTESIAN_POINT('Ctrl Pts',(-0.536057025828841,-4.28849311581823,
0.516004563429776));
#6280=CARTESIAN_POINT('Ctrl Pts',(-1.21525597682478,-4.08650292476484,0.476311939091704));
#6281=CARTESIAN_POINT('Ctrl Pts',(-1.89445492782073,-3.88451273371145,0.436619314753631));
#6282=CARTESIAN_POINT('Ctrl Pts',(-2.52221662122694,-3.50950744709655,0.396926690415559));
#6283=CARTESIAN_POINT('Ctrl Pts',(-3.0220344257438,-3.00724620289125,0.357234066077486));
#6284=CARTESIAN_POINT('Ctrl Pts',(-3.52185223026066,-2.50498495868595,0.317541441739414));
#6285=CARTESIAN_POINT('Ctrl Pts',(-3.89372614588815,-1.87546775689027,0.277848817401341));
#6286=CARTESIAN_POINT('Ctrl Pts',(-4.09238996327135,-1.19525630536707,0.238156193063269));
#6287=CARTESIAN_POINT('Ctrl Pts',(-4.29105378065454,-0.515044853843865,
0.198463568725196));
#6288=CARTESIAN_POINT('Ctrl Pts',(-4.31650749979343,0.215860847406851,0.158770944387124));
#6289=CARTESIAN_POINT('Ctrl Pts',(-4.16554448470961,0.908098263038646,0.119078320049051));
#6290=CARTESIAN_POINT('Ctrl Pts',(-4.0145814696258,1.60033567867044,0.0793856957109787));
#6291=CARTESIAN_POINT('Ctrl Pts',(-3.68720172031928,2.25390480868331,0.0396930713729064));
#6292=CARTESIAN_POINT('Ctrl Pts',(-3.22335278395786,2.78983258102545,4.47034833963129E-7));
#6293=CARTESIAN_POINT('',(3.22363598973441,2.79003280302194,4.47034837827709E-7));
#6294=CARTESIAN_POINT('Origin',(-3.11853751248533E-16,0.,4.4703483581543E-7));
#6295=CARTESIAN_POINT('Ctrl Pts',(3.22363598973441,2.79003280302194,4.47034837827709E-7));
#6296=CARTESIAN_POINT('Ctrl Pts',(2.78440249086157,3.29703473750683,0.0375752937110223));
#6297=CARTESIAN_POINT('Ctrl Pts',(2.22352982759566,3.6989399013231,0.0751501403872067));
#6298=CARTESIAN_POINT('Ctrl Pts',(1.60189200663136,3.95097381853398,0.112724987063391));
#6299=CARTESIAN_POINT('Ctrl Pts',(0.945217696965763,4.2172127650962,0.152417611401464));
#6300=CARTESIAN_POINT('Ctrl Pts',(0.220735560947182,4.3162104199372,0.192110235739536));
#6301=CARTESIAN_POINT('Ctrl Pts',(-0.483289814230739,4.23588709935329,0.231802860077609));
#6302=CARTESIAN_POINT('Ctrl Pts',(-1.18731518940866,4.15556377876938,0.271495484415681));
#6303=CARTESIAN_POINT('Ctrl Pts',(-1.87088380374592,3.89591948276058,0.311188108753754));
#6304=CARTESIAN_POINT('Ctrl Pts',(-2.45070742913472,3.48859820451611,0.350880733091827));
#6305=CARTESIAN_POINT('Ctrl Pts',(-3.03053105452351,3.08127692627165,0.390573357429899));
#6306=CARTESIAN_POINT('Ctrl Pts',(-3.50660969096384,2.52627866579153,0.430265981767971));
#6307=CARTESIAN_POINT('Ctrl Pts',(-3.82093985243287,1.89121917056907,0.469958606106043));
#6308=CARTESIAN_POINT('Ctrl Pts',(-4.1352700139019,1.25615967534662,0.509651230444116));
#6309=CARTESIAN_POINT('Ctrl Pts',(-4.28785170039963,0.541038945381835,0.549343854782188));
#6310=CARTESIAN_POINT('Ctrl Pts',(-4.260093747024,-0.167010979928176,0.58903647912026));
#6311=CARTESIAN_POINT('Ctrl Pts',(-4.23233579364837,-0.875060905238193,
0.628729103458333));
#6312=CARTESIAN_POINT('Ctrl Pts',(-4.02423820039936,-1.57604002589344,0.668421727796406));
#6313=CARTESIAN_POINT('Ctrl Pts',(-3.66115576760439,-2.18454295627387,0.708114352134478));
#6314=CARTESIAN_POINT('Ctrl Pts',(-3.29807333480941,-2.79304588665431,0.747806976472551));
#6315=CARTESIAN_POINT('Ctrl Pts',(-2.78000606246845,-3.30907262675994,0.787499600810623));
#6316=CARTESIAN_POINT('Ctrl Pts',(-2.17007457102347,-3.66975033783915,0.827192225148695));
#6317=CARTESIAN_POINT('Ctrl Pts',(-1.56014307957849,-4.03042804891836,0.866884849486768));
#6318=CARTESIAN_POINT('Ctrl Pts',(-0.858347369029492,-4.23575673097115,
0.906577473824841));
#6319=CARTESIAN_POINT('Ctrl Pts',(-0.150193658493861,-4.26071965999119,
0.946270098162913));
#6320=CARTESIAN_POINT('Ctrl Pts',(0.557960052041772,-4.28568258901124,0.985962722500985));
#6321=CARTESIAN_POINT('Ctrl Pts',(1.27247176256403,-4.13027976499852,1.02565534683906));
#6322=CARTESIAN_POINT('Ctrl Pts',(1.90628610351938,-3.81344515197955,1.06534797117713));
#6323=CARTESIAN_POINT('Ctrl Pts',(2.54010044447473,-3.49661053896057,1.1050405955152));
#6324=CARTESIAN_POINT('Ctrl Pts',(3.09321741586317,-3.01834413693532,1.14473321985327));
#6325=CARTESIAN_POINT('Ctrl Pts',(3.49824574906738,-2.43691755167905,1.18442584419135));
#6326=CARTESIAN_POINT('Ctrl Pts',(3.90327408227159,-1.85549096642278,1.22411846852942));
#6327=CARTESIAN_POINT('Ctrl Pts',(4.16021377729156,-1.17090419793548,1.26381109286749));
#6328=CARTESIAN_POINT('Ctrl Pts',(4.23775956173777,-0.46656659803541,1.30350371720557));
#6329=CARTESIAN_POINT('Ctrl Pts',(4.25480743591119,-0.311723122475077,1.31222985067833));
#6330=CARTESIAN_POINT('Ctrl Pts',(4.26318505704601,-0.155925073230922,1.3209559841511));
#6331=CARTESIAN_POINT('Ctrl Pts',(4.26302427369962,-0.000109827332810329,
1.32968211762387));
#6332=CARTESIAN_POINT('Origin',(-3.11853751248533E-16,0.,-3.31234604859673));
#6333=CARTESIAN_POINT('',(5.09915706977707,-0.000120179709398316,24.3123469426664));
#6334=CARTESIAN_POINT('',(5.09887930715391,-0.000129334813793978,24.4376539514033));
#6335=CARTESIAN_POINT('',(5.099,4.28207035244329E-13,-3.31234604859673));
#6336=CARTESIAN_POINT('',(-3.60321838015671,3.60785508368904,25.0000004470348));
#6337=CARTESIAN_POINT('Ctrl Pts',(5.09887930715391,-0.000129334813794152,
24.4376539514033));
#6338=CARTESIAN_POINT('Ctrl Pts',(5.09829846364205,0.612429170155421,24.4663322859282));
#6339=CARTESIAN_POINT('Ctrl Pts',(4.83490446484495,2.07329861011451,24.5347032447911));
#6340=CARTESIAN_POINT('Ctrl Pts',(3.47115070329865,4.02532165021175,24.6427668279922));
#6341=CARTESIAN_POINT('Ctrl Pts',(1.12288776355,5.19534505300344,24.7618447010064));
#6342=CARTESIAN_POINT('Ctrl Pts',(-1.49967477154318,5.09953544255722,24.8809225740206));
#6343=CARTESIAN_POINT('Ctrl Pts',(-3.00336168821845,4.20694085839866,24.9603078226968));
#6344=CARTESIAN_POINT('Ctrl Pts',(-3.60321838015666,3.60785508368909,25.0000004470348));
#6345=CARTESIAN_POINT('',(-4.9265126894639,1.31661848427636,25.0000004470348));
#6346=CARTESIAN_POINT('Origin',(-3.11853751248533E-16,0.,25.0000004470348));
#6347=CARTESIAN_POINT('Ctrl Pts',(5.09915706977707,-0.000120179709398333,
24.3123469426664));
#6348=CARTESIAN_POINT('Ctrl Pts',(5.09845465380236,0.701914923336934,24.3452194334274));
#6349=CARTESIAN_POINT('Ctrl Pts',(4.77578210703582,2.252263490144,24.4177845485265));
#6350=CARTESIAN_POINT('Ctrl Pts',(3.25435046039522,4.2025841138579,24.5300422879636));
#6351=CARTESIAN_POINT('Ctrl Pts',(0.847479751337214,5.24730861023299,24.6491201609778));
#6352=CARTESIAN_POINT('Ctrl Pts',(-1.76591926985296,5.01339602733546,24.7681980339921));
#6353=CARTESIAN_POINT('Ctrl Pts',(-3.91014596493229,3.58368309602613,24.8851581293444));
#6354=CARTESIAN_POINT('Ctrl Pts',(-4.71898012746283,2.09166603428749,24.9624256003587));
#6355=CARTESIAN_POINT('Ctrl Pts',(-4.9265126894639,1.31661848427636,25.0000004470348));
#6356=CARTESIAN_POINT('Origin',(-3.11853751248533E-16,0.,-3.31234604859673));
#6357=CARTESIAN_POINT('',(5.09860300621486,5.74296062103019E-5,22.8123469426665));
#6358=CARTESIAN_POINT('',(5.09877885157667,0.000117206416839559,22.9376539514033));
#6359=CARTESIAN_POINT('',(5.099,4.28207035244329E-13,-3.31234604859673));
#6360=CARTESIAN_POINT('Ctrl Pts',(5.09877885157667,0.0001172064168398,22.9376539514033));
#6361=CARTESIAN_POINT('Ctrl Pts',(5.09900792220459,0.270849572439615,22.9503281695332));
#6362=CARTESIAN_POINT('Ctrl Pts',(5.01145620161982,1.38930435231018,23.0026950120012));
#6363=CARTESIAN_POINT('Ctrl Pts',(4.20536313820103,3.25075781515531,23.0947544788074));
#6364=CARTESIAN_POINT('Ctrl Pts',(2.13793604587329,4.86638827192437,23.2138323518216));
#6365=CARTESIAN_POINT('Ctrl Pts',(-0.450459094420416,5.29618653773699,23.3329102248358));
#6366=CARTESIAN_POINT('Ctrl Pts',(-2.92908744002466,4.43542026736001,23.45198809785));
#6367=CARTESIAN_POINT('Ctrl Pts',(-4.69396095539428,2.49383919462192,23.5710659708642));
#6368=CARTESIAN_POINT('Ctrl Pts',(-5.31501987559391,-0.0554356512398522,
23.6901438438784));
#6369=CARTESIAN_POINT('Ctrl Pts',(-4.6409233547794,-2.5912023981377,23.8092217168927));
#6370=CARTESIAN_POINT('Ctrl Pts',(-2.83593861674617,-4.49554922075887,23.9282995899069));
#6371=CARTESIAN_POINT('Ctrl Pts',(-0.339891768211755,-5.30443057236266,
24.0473774629211));
#6372=CARTESIAN_POINT('Ctrl Pts',(2.23896751167941,-4.82073582512604,24.1664553359353));
#6373=CARTESIAN_POINT('Ctrl Pts',(4.27226237172785,-3.16233852790638,24.2855332089495));
#6374=CARTESIAN_POINT('Ctrl Pts',(5.02549918001679,-1.31833123319756,24.3759327474389));
#6375=CARTESIAN_POINT('Ctrl Pts',(5.09910238770868,-0.23539044788155,24.4266396615901));
#6376=CARTESIAN_POINT('Ctrl Pts',(5.09887930715391,-0.000129334813794152,
24.4376539514033));
#6377=CARTESIAN_POINT('Ctrl Pts',(5.09860300621487,5.74296062105448E-5,
22.8123469426665));
#6378=CARTESIAN_POINT('Ctrl Pts',(5.0987456125242,0.360416238770965,22.8292153170325));
#6379=CARTESIAN_POINT('Ctrl Pts',(4.97244908604115,1.56862942758971,22.8857763157366));
#6380=CARTESIAN_POINT('Ctrl Pts',(4.02827062119032,3.46778622116456,22.9820299387788));
#6381=CARTESIAN_POINT('Ctrl Pts',(1.87860149752604,4.97225923407952,23.101107811793));
#6382=CARTESIAN_POINT('Ctrl Pts',(-0.728841635502721,5.26510164455025,23.2201856848072));
#6383=CARTESIAN_POINT('Ctrl Pts',(-3.15868204112922,4.27495418383557,23.3392635578215));
#6384=CARTESIAN_POINT('Ctrl Pts',(-4.81882085101468,2.24309407065046,23.4583414308356));
#6385=CARTESIAN_POINT('Ctrl Pts',(-5.30471865267396,-0.335358884760485,
23.5774193038499));
#6386=CARTESIAN_POINT('Ctrl Pts',(-4.49797274143385,-2.832092271747,23.6964971768641));
#6387=CARTESIAN_POINT('Ctrl Pts',(-2.59516953103344,-4.63870676086158,23.8155750498783));
#6388=CARTESIAN_POINT('Ctrl Pts',(-0.0599802335783741,-5.3149702367094,
23.9346529228925));
#6389=CARTESIAN_POINT('Ctrl Pts',(2.48982463968942,-4.69609164287082,24.0537307959067));
#6390=CARTESIAN_POINT('Ctrl Pts',(4.43291438751598,-2.93287904299905,24.172808668921));
#6391=CARTESIAN_POINT('Ctrl Pts',(5.05759209621851,-1.13903076443946,24.2590140511742));
#6392=CARTESIAN_POINT('Ctrl Pts',(5.09930280168431,-0.145773066598656,24.3055268090893));
#6393=CARTESIAN_POINT('Ctrl Pts',(5.09915706977707,-0.000120179709398333,
24.3123469426664));
#6394=CARTESIAN_POINT('Origin',(-3.11853751248533E-16,0.,-3.31234604859673));
#6395=CARTESIAN_POINT('',(5.09943166491744,1.95280242515361E-5,21.3123469426664));
#6396=CARTESIAN_POINT('',(5.09935641767296,-7.0940820906E-5,21.4376539514033));
#6397=CARTESIAN_POINT('',(5.099,4.28207035244329E-13,-3.31234604859673));
#6398=CARTESIAN_POINT('Ctrl Pts',(5.09935641767296,-7.09408209059216E-5,
21.4376539514033));
#6399=CARTESIAN_POINT('Ctrl Pts',(5.09882675176923,0.776415119235224,21.4740166774764));
#6400=CARTESIAN_POINT('Ctrl Pts',(4.72235313989262,2.40098957697797,21.5500720278875));
#6401=CARTESIAN_POINT('Ctrl Pts',(3.06695833536867,4.34122931589358,21.6658200026368));
#6402=CARTESIAN_POINT('Ctrl Pts',(0.616589738893071,5.27942444760261,21.7848978756509));
#6403=CARTESIAN_POINT('Ctrl Pts',(-1.98402826326721,4.93113954928225,21.9039757486652));
#6404=CARTESIAN_POINT('Ctrl Pts',(-4.10118206120447,3.38124401740192,22.0230536216794));
#6405=CARTESIAN_POINT('Ctrl Pts',(-5.21896767529579,1.00741342435123,22.1421314946936));
#6406=CARTESIAN_POINT('Ctrl Pts',(-5.06500525003082,-1.61190174091891,22.2612093677078));
#6407=CARTESIAN_POINT('Ctrl Pts',(-3.67681205329295,-3.83843177970253,22.380287240722));
#6408=CARTESIAN_POINT('Ctrl Pts',(-1.39266034398813,-5.12962011951755,22.4993651137363));
#6409=CARTESIAN_POINT('Ctrl Pts',(1.23085217055005,-5.1708324612878,22.6184429867505));
#6410=CARTESIAN_POINT('Ctrl Pts',(3.55443298351188,-3.95202625924596,22.7375208597647));
#6411=CARTESIAN_POINT('Ctrl Pts',(4.85675138289542,-2.0024237972225,22.843924514649));
#6412=CARTESIAN_POINT('Ctrl Pts',(5.09829052770438,-0.577019541892646,22.9106355451952));
#6413=CARTESIAN_POINT('Ctrl Pts',(5.09877885157667,0.0001172064168398,22.9376539514033));
#6414=CARTESIAN_POINT('Ctrl Pts',(5.09943166491744,1.95280242513713E-5,
21.3123469426664));
#6415=CARTESIAN_POINT('Ctrl Pts',(5.09943565831592,0.0184740158901731,21.3132112006375));
#6416=CARTESIAN_POINT('Ctrl Pts',(5.09483287390108,0.88448253333671,21.3537680829467));
#6417=CARTESIAN_POINT('Ctrl Pts',(4.63980698668116,2.59320199740647,21.434017589594));
#6418=CARTESIAN_POINT('Ctrl Pts',(2.83399957744096,4.49677127148718,21.5530954626082));
#6419=CARTESIAN_POINT('Ctrl Pts',(0.337608583256272,5.30457594134747,21.6721733356224));
#6420=CARTESIAN_POINT('Ctrl Pts',(-2.241050223382,4.81977171339907,21.7912512086366));
#6421=CARTESIAN_POINT('Ctrl Pts',(-4.27361420713561,3.16049475265968,21.9103290816508));
#6422=CARTESIAN_POINT('Ctrl Pts',(-5.26479207236834,0.731074488487078,22.0294069546651));
#6423=CARTESIAN_POINT('Ctrl Pts',(-4.97305549673692,-1.87649260574126,22.1484848276793));
#6424=CARTESIAN_POINT('Ctrl Pts',(-3.46949428978347,-4.02679957859562,22.2675627006935));
#6425=CARTESIAN_POINT('Ctrl Pts',(-1.12049336449646,-5.19586374850462,22.3866405737077));
#6426=CARTESIAN_POINT('Ctrl Pts',(1.50154723618796,-5.09880979943573,22.5057184467219));
#6427=CARTESIAN_POINT('Ctrl Pts',(3.75769368436142,-3.75928765151394,22.6247963197361));
#6428=CARTESIAN_POINT('Ctrl Pts',(4.90828252292248,-1.82323096227828,22.7270058183843));
#6429=CARTESIAN_POINT('Ctrl Pts',(5.0984100485545,-0.487536653944253,22.7895226926944));
#6430=CARTESIAN_POINT('Ctrl Pts',(5.09860300621487,5.74296062105448E-5,
22.8123469426665));
#6431=CARTESIAN_POINT('Origin',(-3.11853751248533E-16,0.,-3.31234604859673));
#6432=CARTESIAN_POINT('',(5.09866014556403,-8.63396900890878E-5,19.8123469426664));
#6433=CARTESIAN_POINT('',(5.09856487766258,-1.01970867321071E-5,19.9376539514033));
#6434=CARTESIAN_POINT('',(5.099,4.28207035244329E-13,-3.31234604859673));
#6435=CARTESIAN_POINT('Ctrl Pts',(5.09856487766258,-1.01970867320833E-5,
19.9376539514033));
#6436=CARTESIAN_POINT('Ctrl Pts',(5.09853459499772,0.434919755728942,19.9580125610814));
#6437=CARTESIAN_POINT('Ctrl Pts',(4.93611298083203,1.71784294357028,20.0180637950976));
#6438=CARTESIAN_POINT('Ctrl Pts',(3.87234979357449,3.64107298474586,20.1178076534519));
#6439=CARTESIAN_POINT('Ctrl Pts',(1.65878354584058,5.04984579488238,20.2368855264661));
#6440=CARTESIAN_POINT('Ctrl Pts',(-0.958991896859828,5.22808186104615,20.3559633994803));
#6441=CARTESIAN_POINT('Ctrl Pts',(-3.34308203228725,4.13234896026953,20.4750412724946));
#6442=CARTESIAN_POINT('Ctrl Pts',(-4.91253634596081,2.02965318556073,20.5941191455088));
#6443=CARTESIAN_POINT('Ctrl Pts',(-5.28491321898603,-0.567624587054843,
20.713197018523));
#6444=CARTESIAN_POINT('Ctrl Pts',(-4.36947256869999,-3.02658468829491,20.8322748915372));
#6445=CARTESIAN_POINT('Ctrl Pts',(-2.38928721808745,-4.74803243391684,20.9513527645514));
#6446=CARTESIAN_POINT('Ctrl Pts',(0.173115062146725,-5.31248873686337,21.0704306375657));
#6447=CARTESIAN_POINT('Ctrl Pts',(2.69333299585705,-4.58240796715793,21.1895085105799));
#6448=CARTESIAN_POINT('Ctrl Pts',(4.5572447075989,-2.73569480737495,21.3085863835941));
#6449=CARTESIAN_POINT('Ctrl Pts',(5.08058716132298,-0.989850262151506,21.3913015305352));
#6450=CARTESIAN_POINT('Ctrl Pts',(5.09940492156044,-0.0711772593892533,
21.4343240531383));
#6451=CARTESIAN_POINT('Ctrl Pts',(5.09935641767296,-7.09408209059216E-5,
21.4376539514033));
#6452=CARTESIAN_POINT('Ctrl Pts',(5.09866014556403,-8.63396900890531E-5,
19.8123469426664));
#6453=CARTESIAN_POINT('Ctrl Pts',(5.09834360531685,0.524417175500865,19.8368997085807));
#6454=CARTESIAN_POINT('Ctrl Pts',(4.88768980614911,1.89709485780643,19.901145098833));
#6455=CARTESIAN_POINT('Ctrl Pts',(3.67515754923304,3.84001594545175,20.0050831134233));
#6456=CARTESIAN_POINT('Ctrl Pts',(1.39044961252753,5.13021981478673,20.1241609864376));
#6457=CARTESIAN_POINT('Ctrl Pts',(-1.23308042060549,5.17030155303612,20.2432388594518));
#6458=CARTESIAN_POINT('Ctrl Pts',(-3.55613578036018,3.95049411905023,20.362316732466));
#6459=CARTESIAN_POINT('Ctrl Pts',(-5.0126387894027,1.76803785026902,20.4813946054802));
#6460=CARTESIAN_POINT('Ctrl Pts',(-5.24767158625098,-0.845250492967912,
20.6004724784944));
#6461=CARTESIAN_POINT('Ctrl Pts',(-4.20396182946968,-3.25256981621768,20.7195503515087));
#6462=CARTESIAN_POINT('Ctrl Pts',(-2.13583871205392,-4.86730916103551,20.8386282245229));
#6463=CARTESIAN_POINT('Ctrl Pts',(0.452741488832663,-5.29599193893816,20.9577060975371));
#6464=CARTESIAN_POINT('Ctrl Pts',(2.93099851151565,-4.43415755228675,21.0767839705513));
#6465=CARTESIAN_POINT('Ctrl Pts',(4.68223219168531,-2.50591351579813,21.1949975855944));
#6466=CARTESIAN_POINT('Ctrl Pts',(5.0992522542039,-0.82908201333255,21.2735185762995));
#6467=CARTESIAN_POINT('Ctrl Pts',(5.09943166491744,1.95280242513713E-5,
21.3123469426664));
#6468=CARTESIAN_POINT('Origin',(-3.11853751248533E-16,0.,-3.31234604859673));
#6469=CARTESIAN_POINT('',(5.0990410689562,0.00013082536313852,18.3123469426664));
#6470=CARTESIAN_POINT('',(5.09930608699228,8.88737350565104E-5,18.4376539514033));
#6471=CARTESIAN_POINT('',(5.099,4.28207035244329E-13,-3.31234604859673));
#6472=CARTESIAN_POINT('Ctrl Pts',(5.09930608699228,8.88737350566646E-5,
18.4376539514033));
#6473=CARTESIAN_POINT('Ctrl Pts',(5.09938181021299,0.0930769535734621,18.4420084446865));
#6474=CARTESIAN_POINT('Ctrl Pts',(5.074182194509,1.03364063588155,18.4860555623077));
#6475=CARTESIAN_POINT('Ctrl Pts',(4.52164466654854,2.79414296583328,18.5697953042671));
#6476=CARTESIAN_POINT('Ctrl Pts',(2.63411086060939,4.61670503476909,18.6888731772813));
#6477=CARTESIAN_POINT('Ctrl Pts',(0.10470196910575,5.31427726993125,18.8079510502955));
#6478=CARTESIAN_POINT('Ctrl Pts',(-2.45022049754139,4.71687660613149,18.9270289233097));
#6479=CARTESIAN_POINT('Ctrl Pts',(-4.40807792982347,2.97007649205301,19.046106796324));
#6480=CARTESIAN_POINT('Ctrl Pts',(-5.2917833813777,0.499533831304137,19.1651846693382));
#6481=CARTESIAN_POINT('Ctrl Pts',(-4.88599720161744,-2.09273427597225,19.2842625423524));
#6482=CARTESIAN_POINT('Ctrl Pts',(-3.28960058903342,-4.17504890614154,19.4033404153666));
#6483=CARTESIAN_POINT('Ctrl Pts',(-0.891600410276656,-5.23999562141393,
19.5224182883808));
#6484=CARTESIAN_POINT('Ctrl Pts',(1.72366324747552,-5.02807024745525,19.6414961613951));
#6485=CARTESIAN_POINT('Ctrl Pts',(3.91890794892541,-3.59091435318246,19.7605740344093));
#6486=CARTESIAN_POINT('Ctrl Pts',(4.94714922448503,-1.67404265612984,19.8592932977453));
#6487=CARTESIAN_POINT('Ctrl Pts',(5.09859363628096,-0.41305127487729,19.9183199367433));
#6488=CARTESIAN_POINT('Ctrl Pts',(5.09856487766258,-1.01970867320833E-5,
19.9376539514033));
#6489=CARTESIAN_POINT('Ctrl Pts',(5.0990410689562,0.000130825363138364,
18.3123469426664));
#6490=CARTESIAN_POINT('Ctrl Pts',(5.09922962507997,0.182710461849299,18.3208955921857));
#6491=CARTESIAN_POINT('Ctrl Pts',(5.04496396388453,1.21292243130041,18.3691368660431));
#6492=CARTESIAN_POINT('Ctrl Pts',(4.36816786541004,3.02846742967585,18.4570707642385));
#6493=CARTESIAN_POINT('Ctrl Pts',(2.38724084050774,4.74906165915125,18.5761486372527));
#6494=CARTESIAN_POINT('Ctrl Pts',(-0.175404456650383,5.31241364631893,18.695226510267));
#6495=CARTESIAN_POINT('Ctrl Pts',(-2.69530753201951,4.58124685875442,18.8143043832812));
#6496=CARTESIAN_POINT('Ctrl Pts',(-4.55842323423406,2.73373061778286,18.9333822562954));
#6497=CARTESIAN_POINT('Ctrl Pts',(-5.31075110011734,0.220064139765625,19.0524601293096));
#6498=CARTESIAN_POINT('Ctrl Pts',(-4.76896531734018,-2.34722714602037,19.1715380023238));
#6499=CARTESIAN_POINT('Ctrl Pts',(-3.06508720697828,-4.34255061992679,19.2906158753381));
#6500=CARTESIAN_POINT('Ctrl Pts',(-0.614314521045407,-5.27968968238107,
19.4096937483523));
#6501=CARTESIAN_POINT('Ctrl Pts',(1.9861531498845,-4.93028408291168,19.5287716213665));
#6502=CARTESIAN_POINT('Ctrl Pts',(4.10263882822231,-3.3794763082719,19.6478494943807));
#6503=CARTESIAN_POINT('Ctrl Pts',(4.98913514715331,-1.49472561253343,19.7423746014807));
#6504=CARTESIAN_POINT('Ctrl Pts',(5.09885533231181,-0.323508515038181,19.7972070842426));
#6505=CARTESIAN_POINT('Ctrl Pts',(5.09866014556403,-8.63396900890531E-5,
19.8123469426664));
#6506=CARTESIAN_POINT('Origin',(-3.11853751248533E-16,0.,-3.31234604859673));
#6507=CARTESIAN_POINT('',(5.09911493769853,-0.000125256949955188,16.8123469426664));
#6508=CARTESIAN_POINT('',(5.09883855238222,-0.000125447815533236,16.9376539514033));
#6509=CARTESIAN_POINT('',(5.099,4.28207035244329E-13,-3.31234604859673));
#6510=CARTESIAN_POINT('Ctrl Pts',(5.09883855238223,-0.000125447815533322,
16.9376539514033));
#6511=CARTESIAN_POINT('Ctrl Pts',(5.09828634346154,0.59887742150355,16.9656969526296));
#6512=CARTESIAN_POINT('Ctrl Pts',(4.84334855191215,2.0461785738894,17.033432578194));
#6513=CARTESIAN_POINT('Ctrl Pts',(3.50325569383783,3.99746231347306,17.1408608280965));
#6514=CARTESIAN_POINT('Ctrl Pts',(1.16417524015702,5.18625119081666,17.2599387011107));
#6515=CARTESIAN_POINT('Ctrl Pts',(-1.4585892046046,5.1112643187624,17.3790165741249));
#6516=CARTESIAN_POINT('Ctrl Pts',(-3.72592742774849,3.79077435456057,17.4980944471391));
#6517=CARTESIAN_POINT('Ctrl Pts',(-5.08533879699381,1.54655576163042,17.6171723201534));
#6518=CARTESIAN_POINT('Ctrl Pts',(-5.2055645555433,-1.07452457492322,17.7362501931676));
#6519=CARTESIAN_POINT('Ctrl Pts',(-4.05730832099713,-3.43376682266138,17.8553280661818));
#6520=CARTESIAN_POINT('Ctrl Pts',(-1.92037497166207,-4.95627535274791,17.974405939196));
#6521=CARTESIAN_POINT('Ctrl Pts',(0.684511669876586,-5.27104820484933,18.0934838122102));
#6522=CARTESIAN_POINT('Ctrl Pts',(3.12259781974187,-4.30138213370842,18.2125616852245));
#6523=CARTESIAN_POINT('Ctrl Pts',(4.73844353612796,-2.35735200905667,18.3272850649555));
#6524=CARTESIAN_POINT('Ctrl Pts',(5.09869156839657,-0.754539676168444,18.4023158203484));
#6525=CARTESIAN_POINT('Ctrl Pts',(5.09930608699228,8.88737350566646E-5,
18.4376539514033));
#6526=CARTESIAN_POINT('Ctrl Pts',(5.09911493769853,-0.000125256949955171,
16.8123469426664));
#6527=CARTESIAN_POINT('Ctrl Pts',(5.09841178684418,0.688358086666273,16.8445841001289));
#6528=CARTESIAN_POINT('Ctrl Pts',(4.78508830878854,2.2251703539092,16.9165138819294));
#6529=CARTESIAN_POINT('Ctrl Pts',(3.28780105548953,4.17646617280301,17.0281362880679));
#6530=CARTESIAN_POINT('Ctrl Pts',(0.889342159019618,5.24037937531163,17.1472141610822));
#6531=CARTESIAN_POINT('Ctrl Pts',(-1.72582993009686,5.027326976176,17.2662920340963));
#6532=CARTESIAN_POINT('Ctrl Pts',(-3.92045508984859,3.58922517564637,17.3853699071106));
#6533=CARTESIAN_POINT('Ctrl Pts',(-5.15975126786042,1.27650786398578,17.5044477801248));
#6534=CARTESIAN_POINT('Ctrl Pts',(-5.14172914690774,-1.34726643721636,17.623525653139));
#6535=CARTESIAN_POINT('Ctrl Pts',(-3.87078032287803,-3.64274143537911,17.7426035261532));
#6536=CARTESIAN_POINT('Ctrl Pts',(-1.65660716911272,-5.05056018281665,17.8616813991674));
#6537=CARTESIAN_POINT('Ctrl Pts',(0.961244844309802,-5.22766810559892,17.9807592721817));
#6538=CARTESIAN_POINT('Ctrl Pts',(3.34486255654301,-4.13090788457513,18.0998371451959));
#6539=CARTESIAN_POINT('Ctrl Pts',(4.80080386457858,-2.17853788529935,18.2103663686908));
#6540=CARTESIAN_POINT('Ctrl Pts',(5.09835413154496,-0.665033372597271,18.2812029678477));
#6541=CARTESIAN_POINT('Ctrl Pts',(5.0990410689562,0.000130825363138364,
18.3123469426664));
#6542=CARTESIAN_POINT('Origin',(-3.11853751248533E-16,0.,-3.31234604859673));
#6543=CARTESIAN_POINT('',(5.09862122806994,6.86020019396993E-5,15.3123469426664));
#6544=CARTESIAN_POINT('',(5.09881527842778,0.00012266813123797,15.4376539514033));
#6545=CARTESIAN_POINT('',(5.099,4.28207035244329E-13,-3.31234604859673));
#6546=CARTESIAN_POINT('Ctrl Pts',(5.09881527842779,0.000122668131237666,
15.4376539514033));
#6547=CARTESIAN_POINT('Ctrl Pts',(5.09904545685579,0.257278490119341,15.4496928362347));
#6548=CARTESIAN_POINT('Ctrl Pts',(5.01692796531734,1.36214038748116,15.5014243454041));
#6549=CARTESIAN_POINT('Ctrl Pts',(4.23118233051851,3.21707965062972,15.5928484789116));
#6550=CARTESIAN_POINT('Ctrl Pts',(2.17671995680754,4.84916442688203,15.7119263519259));
#6551=CARTESIAN_POINT('Ctrl Pts',(-0.40816136554272,5.29961410878154,15.8310042249401));
#6552=CARTESIAN_POINT('Ctrl Pts',(-2.89358270775681,4.45866398348014,15.9500820979543));
#6553=CARTESIAN_POINT('Ctrl Pts',(-4.67390136251323,2.53123516446826,16.0691599709685));
#6554=CARTESIAN_POINT('Ctrl Pts',(-5.31529269173887,-0.0130001874606409,
16.1882378439827));
#6555=CARTESIAN_POINT('Ctrl Pts',(-4.66146368608795,-2.55406767872963,16.307315716997));
#6556=CARTESIAN_POINT('Ctrl Pts',(-2.87173814423723,-4.47276485351887,16.4263935900112));
#6557=CARTESIAN_POINT('Ctrl Pts',(-0.382232955854131,-5.30154726203016,
16.5454714630254));
#6558=CARTESIAN_POINT('Ctrl Pts',(2.2004140265809,-4.8384587954907,16.6645493360396));
#6559=CARTESIAN_POINT('Ctrl Pts',(4.24686833666767,-3.19634396382002,16.7836272090538));
#6560=CARTESIAN_POINT('Ctrl Pts',(5.02022413067618,-1.3454974983893,16.8746620808417));
#6561=CARTESIAN_POINT('Ctrl Pts',(5.09906795100304,-0.248963210011402,16.9260043282915));
#6562=CARTESIAN_POINT('Ctrl Pts',(5.09883855238223,-0.000125447815533322,
16.9376539514033));
#6563=CARTESIAN_POINT('Ctrl Pts',(5.09862122806994,6.8602001939734E-5,15.3123469426664));
#6564=CARTESIAN_POINT('Ctrl Pts',(5.09878591033915,0.346851247296468,15.3285799837339));
#6565=CARTESIAN_POINT('Ctrl Pts',(4.97868231499019,1.54146561629828,15.3845056491395));
#6566=CARTESIAN_POINT('Ctrl Pts',(4.05582814158885,3.43551499720819,15.4801239388831));
#6567=CARTESIAN_POINT('Ctrl Pts',(1.91823891046205,4.95710248315393,15.5992018118973));
#6568=CARTESIAN_POINT('Ctrl Pts',(-0.686783166687779,5.27075273165683,15.7182796849115));
#6569=CARTESIAN_POINT('Ctrl Pts',(-3.12445120477652,4.30003606028761,15.8373575579258));
#6570=CARTESIAN_POINT('Ctrl Pts',(-4.800758979227,2.28149484231558,15.95643543094));
#6571=CARTESIAN_POINT('Ctrl Pts',(-5.30722699871919,-0.292996664965296,
16.0755133039542));
#6572=CARTESIAN_POINT('Ctrl Pts',(-4.52044012033088,-2.79609130693937,16.1945911769684));
#6573=CARTESIAN_POINT('Ctrl Pts',(-2.63212105569165,-4.61783977845471,16.3136690499826));
#6574=CARTESIAN_POINT('Ctrl Pts',(-0.102411778521737,-5.31432190413761,
16.4327469229968));
#6575=CARTESIAN_POINT('Ctrl Pts',(2.45225300514789,-4.7158202544256,16.551824796011));
#6576=CARTESIAN_POINT('Ctrl Pts',(4.40935747658289,-2.96817656422207,16.6709026690253));
#6577=CARTESIAN_POINT('Ctrl Pts',(5.05304674854212,-1.16618985525985,16.7577433845771));
#6578=CARTESIAN_POINT('Ctrl Pts',(5.0992775549488,-0.159350361357777,16.8048914757908));
#6579=CARTESIAN_POINT('Ctrl Pts',(5.09911493769853,-0.000125256949955171,
16.8123469426664));
#6580=CARTESIAN_POINT('Origin',(-3.11853751248533E-16,0.,-3.31234604859673));
#6581=CARTESIAN_POINT('',(5.09935043574667,-2.69718327366997E-6,13.8123469426664));
#6582=CARTESIAN_POINT('',(5.09932331662057,-8.47568844234694E-5,13.9376539514033));
#6583=CARTESIAN_POINT('',(5.099,4.28207035244329E-13,-3.31234604859673));
#6584=CARTESIAN_POINT('Ctrl Pts',(5.09932331662057,-8.47568844234477E-5,
13.9376539514033));
#6585=CARTESIAN_POINT('Ctrl Pts',(5.09873642110625,0.762846830923441,13.9733813441778));
#6586=CARTESIAN_POINT('Ctrl Pts',(4.73237514328306,2.37393683503622,14.0488013612904));
#6587=CARTESIAN_POINT('Ctrl Pts',(3.10151736121532,4.31660307809294,14.1639140027411));
#6588=CARTESIAN_POINT('Ctrl Pts',(0.658720975911816,5.27433454553511,14.2829918757553));
#6589=CARTESIAN_POINT('Ctrl Pts',(-1.94459671251849,4.94682183340079,14.4020697487695));
#6590=CARTESIAN_POINT('Ctrl Pts',(-4.0740560115424,3.41387934010142,14.5211476217837));
#6591=CARTESIAN_POINT('Ctrl Pts',(-5.21075858180158,1.0490481024686,14.6402254947979));
#6592=CARTESIAN_POINT('Ctrl Pts',(-5.07771275443078,-1.57141256564289,14.7593033678121));
#6593=CARTESIAN_POINT('Ctrl Pts',(-3.70733999242285,-3.80895473975425,14.8783812408264));
#6594=CARTESIAN_POINT('Ctrl Pts',(-1.43356953392367,-5.11833796572893,14.9974591138406));
#6595=CARTESIAN_POINT('Ctrl Pts',(1.18953030168565,-5.18049448787031,15.1165369868548));
#6596=CARTESIAN_POINT('Ctrl Pts',(3.52276772426414,-3.98027800137611,15.235614859869));
#6597=CARTESIAN_POINT('Ctrl Pts',(4.84847853976453,-2.02955649402522,15.3426538480518));
#6598=CARTESIAN_POINT('Ctrl Pts',(5.09828655052838,-0.590573248764624,15.4100002118966));
#6599=CARTESIAN_POINT('Ctrl Pts',(5.09881527842779,0.000122668131237666,
15.4376539514033));
#6600=CARTESIAN_POINT('Ctrl Pts',(5.09935043574667,-2.69718327363527E-6,
13.8123469426664));
#6601=CARTESIAN_POINT('Ctrl Pts',(5.09935023596436,0.0048854670904188,13.812575867339));
#6602=CARTESIAN_POINT('Ctrl Pts',(5.09806553472652,0.857319084920402,13.8524974163496));
#6603=CARTESIAN_POINT('Ctrl Pts',(4.66053965763777,2.55609235554489,13.9321115896983));
#6604=CARTESIAN_POINT('Ctrl Pts',(2.86971953044662,4.47399377908451,14.0511894627125));
#6605=CARTESIAN_POINT('Ctrl Pts',(0.379994805535438,5.30171572345992,14.1702673357267));
#6606=CARTESIAN_POINT('Ctrl Pts',(-2.20252284309189,4.83750791975862,14.2893452087409));
#6607=CARTESIAN_POINT('Ctrl Pts',(-4.24823315475191,3.19451459959261,14.4084230817552));
#6608=CARTESIAN_POINT('Ctrl Pts',(-5.25879384954017,0.773083396516509,14.5275009547693));
#6609=CARTESIAN_POINT('Ctrl Pts',(-4.98787522476553,-1.8367288821781,14.6465788277836));
#6610=CARTESIAN_POINT('Ctrl Pts',(-3.50153432462355,-3.99897182073965,14.7656567007978));
#6611=CARTESIAN_POINT('Ctrl Pts',(-1.16193927711113,-5.18675233852232,14.884734573812));
#6612=CARTESIAN_POINT('Ctrl Pts',(1.46079132901434,-5.1106353126268,15.0038124468262));
#6613=CARTESIAN_POINT('Ctrl Pts',(3.72756093882102,-3.78916830319486,15.1228903198404));
#6614=CARTESIAN_POINT('Ctrl Pts',(4.90081770839964,-1.85038232920074,15.2257351517872));
#6615=CARTESIAN_POINT('Ctrl Pts',(5.09838323339035,-0.501092967802591,15.2888873593958));
#6616=CARTESIAN_POINT('Ctrl Pts',(5.09862122806994,6.8602001939734E-5,15.3123469426664));
#6617=CARTESIAN_POINT('Origin',(-3.11853751248533E-16,0.,-3.31234604859673));
#6618=CARTESIAN_POINT('',(5.09980861980765,0.000633708741096806,12.3123469426664));
#6619=CARTESIAN_POINT('',(5.09909479178547,-0.00492698388322904,12.4376539514033));
#6620=CARTESIAN_POINT('',(5.099,4.28207035244329E-13,-3.31234604859673));
#6621=CARTESIAN_POINT('Ctrl Pts',(5.09909479178547,-0.00492698388322936,
12.4376539514033));
#6622=CARTESIAN_POINT('Ctrl Pts',(5.08661635363766,1.26150292566402,12.4970698521209));
#6623=CARTESIAN_POINT('Ctrl Pts',(4.28218232379845,3.38561652274153,12.5961783771766));
#6624=CARTESIAN_POINT('Ctrl Pts',(1.69166864903665,5.03051666421333,12.7349795265704));
#6625=CARTESIAN_POINT('Ctrl Pts',(-0.913358423050772,5.23872024026762,12.8540573995847));
#6626=CARTESIAN_POINT('Ctrl Pts',(-3.3119731316893,4.15728187481135,12.9731352725989));
#6627=CARTESIAN_POINT('Ctrl Pts',(-4.89515433522732,2.06964393866156,13.0922131456131));
#6628=CARTESIAN_POINT('Ctrl Pts',(-5.28980049604979,-0.525841512670486,
13.2112910186273));
#6629=CARTESIAN_POINT('Ctrl Pts',(-4.39322802001686,-2.99138366376014,13.3303688916415));
#6630=CARTESIAN_POINT('Ctrl Pts',(-2.42725605279947,-4.72891839530986,13.4494467646557));
#6631=CARTESIAN_POINT('Ctrl Pts',(0.130766702455288,-5.31364369001376,13.56852463767));
#6632=CARTESIAN_POINT('Ctrl Pts',(2.65662607739244,-4.60379448953738,13.6876025106842));
#6633=CARTESIAN_POINT('Ctrl Pts',(4.53527697931505,-2.7719762946936,13.8066803836984));
#6634=CARTESIAN_POINT('Ctrl Pts',(5.07664813950301,-1.01700447097227,13.8900308639381));
#6635=CARTESIAN_POINT('Ctrl Pts',(5.09938845366073,-0.0847592930840076,
13.9336887198397));
#6636=CARTESIAN_POINT('Ctrl Pts',(5.09932331662057,-8.47568844234477E-5,
13.9376539514033));
#6637=CARTESIAN_POINT('Ctrl Pts',(5.09980861980765,0.00063370874109684,
12.3123469426664));
#6638=CARTESIAN_POINT('Ctrl Pts',(5.10196347248296,0.512511430107648,12.3362643752821));
#6639=CARTESIAN_POINT('Ctrl Pts',(4.78260315602536,2.72289310866117,12.4395670565739));
#6640=CARTESIAN_POINT('Ctrl Pts',(1.63363191812811,5.80489175431687,12.6222549865419));
#6641=CARTESIAN_POINT('Ctrl Pts',(-4.00617507735369,4.50733654976565,12.8604107325703));
#6642=CARTESIAN_POINT('Ctrl Pts',(-5.61994926790495,0.000877156248658998,
13.0588738542607));
#6643=CARTESIAN_POINT('Ctrl Pts',(-4.22036857972487,-3.2181322744866,13.217644351613));
#6644=CARTESIAN_POINT('Ctrl Pts',(-2.1795903458854,-4.8505438146408,13.3367222246272));
#6645=CARTESIAN_POINT('Ctrl Pts',(0.41300130088254,-5.29920668103596,13.4558000976414));
#6646=CARTESIAN_POINT('Ctrl Pts',(2.89419174274741,-4.45753551744069,13.5748779706556));
#6647=CARTESIAN_POINT('Ctrl Pts',(4.6722400255738,-2.53286694379565,13.6937269189973));
#6648=CARTESIAN_POINT('Ctrl Pts',(5.09938487567429,-0.842659998688556,13.7728832430009));
#6649=CARTESIAN_POINT('Ctrl Pts',(5.09935043574667,-2.69718327363527E-6,
13.8123469426664));
#6650=CARTESIAN_POINT('Origin',(-3.11853751248533E-16,0.,-3.31234604859673));
#6651=CARTESIAN_POINT('',(5.09908314571628,0.000127702342063996,10.8123469426664));
#6652=CARTESIAN_POINT('',(5.09932230160265,5.5280385641757E-5,10.9376539514033));
#6653=CARTESIAN_POINT('',(5.099,4.28207035244329E-13,-3.31234604859673));
#6654=CARTESIAN_POINT('Ctrl Pts',(5.09932230160265,5.52803856416345E-5,
10.9376539514032));
#6655=CARTESIAN_POINT('Ctrl Pts',(5.0993813268455,0.0794754401032794,10.9413731113879));
#6656=CARTESIAN_POINT('Ctrl Pts',(5.07818173558968,1.00647852846912,10.9847848957106));
#6657=CARTESIAN_POINT('Ctrl Pts',(4.54391093468431,2.75809980838406,11.0678893043714));
#6658=CARTESIAN_POINT('Ctrl Pts',(2.67068544402464,4.59524405431823,11.1869671773856));
#6659=CARTESIAN_POINT('Ctrl Pts',(0.147516494628867,5.31382512586448,11.3060450503999));
#6660=CARTESIAN_POINT('Ctrl Pts',(-2.41324413085088,4.73521010763484,11.425122923414));
#6661=CARTESIAN_POINT('Ctrl Pts',(-4.38274528822132,3.00727490433458,11.5442007964283));
#6662=CARTESIAN_POINT('Ctrl Pts',(-5.2904919013781,0.537688391357112,11.6632786694425));
#6663=CARTESIAN_POINT('Ctrl Pts',(-4.89716539407477,-2.04587678762378,11.7823565424567));
#6664=CARTESIAN_POINT('Ctrl Pts',(-2.80921838016526,-4.86746104882257,11.941127039809));
#6665=CARTESIAN_POINT('Ctrl Pts',(1.90038266170167,-5.72311522605902,12.1395901614993));
#6666=CARTESIAN_POINT('Ctrl Pts',(4.86013107149933,-2.54435186229288,12.3183300068101));
#6667=CARTESIAN_POINT('Ctrl Pts',(5.10328872422346,-0.430566908942421,12.4176846034448));
#6668=CARTESIAN_POINT('Ctrl Pts',(5.09909479178547,-0.00492698388322936,
12.4376539514033));
#6669=CARTESIAN_POINT('Ctrl Pts',(5.09908314571628,0.000127702342063891,
10.8123469426664));
#6670=CARTESIAN_POINT('Ctrl Pts',(5.0992571567851,0.169133957433433,10.8202602588872));
#6671=CARTESIAN_POINT('Ctrl Pts',(5.04970114910821,1.18576196482929,10.8678661994459));
#6672=CARTESIAN_POINT('Ctrl Pts',(4.39221307433573,2.99349878897008,10.9551647643428));
#6673=CARTESIAN_POINT('Ctrl Pts',(2.42506856648865,4.72984681696695,11.0742426373571));
#6674=CARTESIAN_POINT('Ctrl Pts',(-0.13296345467901,5.31365321297775,11.1933205103713));
#6675=CARTESIAN_POINT('Ctrl Pts',(-2.65868984910458,4.60260295386039,11.3123983833855));
#6676=CARTESIAN_POINT('Ctrl Pts',(-4.53636724914774,2.77006907848404,11.4314762563997));
#6677=CARTESIAN_POINT('Ctrl Pts',(-5.30899119192932,0.262393891900062,11.5505541294139));
#6678=CARTESIAN_POINT('Ctrl Pts',(-4.78722878920278,-2.3089554060415,11.6696320024281));
#6679=CARTESIAN_POINT('Ctrl Pts',(-3.10029145566149,-4.31818058474098,11.7887098754424));
#6680=CARTESIAN_POINT('Ctrl Pts',(-0.655214458814485,-5.2741504288362,11.9077877484566));
#6681=CARTESIAN_POINT('Ctrl Pts',(1.94432761936865,-4.94689312916978,12.0268656214708));
#6682=CARTESIAN_POINT('Ctrl Pts',(4.08018184840398,-3.41035268815143,12.145943494485));
#6683=CARTESIAN_POINT('Ctrl Pts',(4.9769917591084,-1.52427273853226,12.2411039348836));
#6684=CARTESIAN_POINT('Ctrl Pts',(5.09838734626911,-0.336984852696444,12.296571750944));
#6685=CARTESIAN_POINT('Ctrl Pts',(5.09980861980765,0.00063370874109684,
12.3123469426664));
#6686=CARTESIAN_POINT('Origin',(-3.11853751248533E-16,0.,-3.31234604859673));
#6687=CARTESIAN_POINT('',(5.09907210659376,-0.000128972934717517,9.31234694266643));
#6688=CARTESIAN_POINT('',(5.09880092922356,-0.000120687925044991,9.43765395140325));
#6689=CARTESIAN_POINT('',(5.099,4.28207035244329E-13,-3.31234604859673));
#6690=CARTESIAN_POINT('Ctrl Pts',(5.09880092922356,-0.000120687925044931,
9.43765395140325));
#6691=CARTESIAN_POINT('Ctrl Pts',(5.09828756433307,0.585323755030671,9.46506161933102));
#6692=CARTESIAN_POINT('Ctrl Pts',(4.8516973976754,2.01904811100696,9.53216191159687));
#6693=CARTESIAN_POINT('Ctrl Pts',(3.53505881221451,3.96936584646701,9.63895482820078));
#6694=CARTESIAN_POINT('Ctrl Pts',(1.20554379781993,5.17679132470174,9.75803270121501));
#6695=CARTESIAN_POINT('Ctrl Pts',(-1.41773553813693,5.12274661319641,9.87711057422922));
#6696=CARTESIAN_POINT('Ctrl Pts',(-3.69554434212679,3.8204000509542,9.99618844724343));
#6697=CARTESIAN_POINT('Ctrl Pts',(-5.07282891894268,1.58710723799225,10.1152663202577));
#6698=CARTESIAN_POINT('Ctrl Pts',(-5.21397834489088,-1.0329317699346,10.2343441932719));
#6699=CARTESIAN_POINT('Ctrl Pts',(-4.08459147342806,-3.40126220261248,10.3534220662861));
#6700=CARTESIAN_POINT('Ctrl Pts',(-1.95988707234067,-4.94079077318953,10.4724999393003));
#6701=CARTESIAN_POINT('Ctrl Pts',(0.642414237092126,-5.27633510127399,10.5915778123145));
#6702=CARTESIAN_POINT('Ctrl Pts',(3.08814328941523,-4.32619473457773,10.7106556853287));
#6703=CARTESIAN_POINT('Ctrl Pts',(4.7285319007725,-2.3843767518354,10.8260143983583));
#6704=CARTESIAN_POINT('Ctrl Pts',(5.0987513816964,-0.768133852736893,10.9016804870498));
#6705=CARTESIAN_POINT('Ctrl Pts',(5.09932230160265,5.52803856416345E-5,
10.9376539514032));
#6706=CARTESIAN_POINT('Ctrl Pts',(5.09907210659376,-0.000128972934717794,
9.31234694266642));
#6707=CARTESIAN_POINT('Ctrl Pts',(5.09837591784659,0.674802008417494,9.34394876683029));
#6708=CARTESIAN_POINT('Ctrl Pts',(4.79426767636201,2.19807057937393,9.41524321533221));
#6709=CARTESIAN_POINT('Ctrl Pts',(3.32104013026145,4.1500840889474,9.52623028817224));
#6710=CARTESIAN_POINT('Ctrl Pts',(0.931151684264397,5.23311207520867,9.64530816118643));
#6711=CARTESIAN_POINT('Ctrl Pts',(-1.68563800327678,5.04094534767268,9.76438603420067));
#6712=CARTESIAN_POINT('Ctrl Pts',(-3.8916746845012,3.62041070820894,9.88346390721487));
#6713=CARTESIAN_POINT('Ctrl Pts',(-5.14939547684668,1.31766134995961,10.0025417802291));
#6714=CARTESIAN_POINT('Ctrl Pts',(-5.15232156876088,-1.30617324553937,10.1216196532433));
#6715=CARTESIAN_POINT('Ctrl Pts',(-3.89973958407812,-3.61172196019508,10.2406975262575));
#6716=CARTESIAN_POINT('Ctrl Pts',(-1.69687698564557,-5.037173361931,10.3597753992717));
#6717=CARTESIAN_POINT('Ctrl Pts',(0.919478227860549,-5.23517567939051,10.478853272286));
#6718=CARTESIAN_POINT('Ctrl Pts',(3.3117750262174,-4.15748107398975,10.5979311453002));
#6719=CARTESIAN_POINT('Ctrl Pts',(4.7917175870065,-2.20564108797187,10.7090957020937));
#6720=CARTESIAN_POINT('Ctrl Pts',(5.09838432979416,-0.678589248237514,10.7805676345491));
#6721=CARTESIAN_POINT('Ctrl Pts',(5.09908314571628,0.000127702342063891,
10.8123469426664));
#6722=CARTESIAN_POINT('Origin',(-3.11853751248533E-16,0.,-3.31234604859673));
#6723=CARTESIAN_POINT('',(5.09864272795774,7.91643428979527E-5,7.81234694266642));
#6724=CARTESIAN_POINT('',(5.0988536036089,0.000126975123207994,7.93765395140325));
#6725=CARTESIAN_POINT('',(5.099,4.28207035244329E-13,-3.31234604859673));
#6726=CARTESIAN_POINT('Ctrl Pts',(5.0988536036089,0.00012697512320789,7.93765395140325));
#6727=CARTESIAN_POINT('Ctrl Pts',(5.09908195565383,0.243706545997739,7.94905750293608));
#6728=CARTESIAN_POINT('Ctrl Pts',(5.02228576867999,1.33497678546665,8.00015367880699));
#6729=CARTESIAN_POINT('Ctrl Pts',(4.25673183694907,3.18319642376101,8.09094247901595));
#6730=CARTESIAN_POINT('Ctrl Pts',(2.21536509399523,4.83163149511171,8.21002035203018));
#6731=CARTESIAN_POINT('Ctrl Pts',(-0.365837568795919,5.3027038647264,8.32909822504439));
#6732=CARTESIAN_POINT('Ctrl Pts',(-2.85789363395128,4.48162352070813,8.44817609805861));
#6733=CARTESIAN_POINT('Ctrl Pts',(-4.65354365645279,2.5684697470868,8.56725397107284));
#6734=CARTESIAN_POINT('Ctrl Pts',(-5.31522708010559,0.0294361891280097,
8.68633184408704));
#6735=CARTESIAN_POINT('Ctrl Pts',(-4.6817061575635,-2.51677032395376,8.80540971710127));
#6736=CARTESIAN_POINT('Ctrl Pts',(-2.90735605089194,-4.44969506662309,8.92448759011548));
#6737=CARTESIAN_POINT('Ctrl Pts',(-0.424546997053449,-5.29832664815657,
9.0435654631297));
#6738=CARTESIAN_POINT('Ctrl Pts',(2.16171486038333,-4.85587214042223,9.16264333614392));
#6739=CARTESIAN_POINT('Ctrl Pts',(4.22121417416255,-3.23014803115971,9.28172120915813));
#6740=CARTESIAN_POINT('Ctrl Pts',(5.01482223732433,-1.37266124267687,9.37339141424457));
#6741=CARTESIAN_POINT('Ctrl Pts',(5.09903103509462,-0.262534822586788,9.42536899499295));
#6742=CARTESIAN_POINT('Ctrl Pts',(5.09880092922356,-0.000120687925044931,
9.43765395140325));
#6743=CARTESIAN_POINT('Ctrl Pts',(5.09864272795774,7.91643428984731E-5,
7.81234694266642));
#6744=CARTESIAN_POINT('Ctrl Pts',(5.09882629233539,0.333285313255642,7.82794465043534));
#6745=CARTESIAN_POINT('Ctrl Pts',(4.9847990643717,1.51430145344203,7.88323498254233));
#6746=CARTESIAN_POINT('Ctrl Pts',(4.08312719890078,3.40302479429719,7.97821793898741));
#6747=CARTESIAN_POINT('Ctrl Pts',(1.9577540209142,4.94162975814737,8.09729581200162));
#6748=CARTESIAN_POINT('Ctrl Pts',(-0.644680904353954,5.27606785443159,8.21637368501584));
#6749=CARTESIAN_POINT('Ctrl Pts',(-3.09002122254005,4.32484384888672,8.33545155803005));
#6750=CARTESIAN_POINT('Ctrl Pts',(-4.78239109204591,2.3197501839133,8.45452943104427));
#6751=CARTESIAN_POINT('Ctrl Pts',(-5.30939706690046,-0.250615759472453,
8.5736073040585));
#6752=CARTESIAN_POINT('Ctrl Pts',(-4.54261934135297,-2.75991213497428,8.69268517707269));
#6753=CARTESIAN_POINT('Ctrl Pts',(-2.66890484172222,-4.59667841147564,8.81176305008693));
#6754=CARTESIAN_POINT('Ctrl Pts',(-0.144836726051197,-5.31333490343818,
8.93084092310113));
#6755=CARTESIAN_POINT('Ctrl Pts',(2.41452492570008,-4.73524813038872,9.04991879611537));
#6756=CARTESIAN_POINT('Ctrl Pts',(4.38551977104192,-3.00328516945934,9.16899666912956));
#6757=CARTESIAN_POINT('Ctrl Pts',(5.04838952136424,-1.19334948990707,9.25647271797994));
#6758=CARTESIAN_POINT('Ctrl Pts',(5.09925034706518,-0.172926963113681,9.30425614249222));
#6759=CARTESIAN_POINT('Ctrl Pts',(5.09907210659376,-0.000128972934717794,
9.31234694266642));
#6760=CARTESIAN_POINT('Origin',(-3.11853751248533E-16,0.,-3.31234604859673));
#6761=CARTESIAN_POINT('',(5.09943648554354,-9.21538920495985E-6,6.31234694266642));
#6762=CARTESIAN_POINT('',(5.09929275540699,-9.27885156364812E-5,6.43765395140325));
#6763=CARTESIAN_POINT('',(5.099,4.28207035244329E-13,-3.31234604859673));
#6764=CARTESIAN_POINT('Ctrl Pts',(5.09929275540699,-9.2788515636457E-5,
6.43765395140325));
#6765=CARTESIAN_POINT('Ctrl Pts',(5.09866246774393,0.749286696354986,6.47274601087921));
#6766=CARTESIAN_POINT('Ctrl Pts',(4.74225740028967,2.34686889185365,6.54753069469325));
#6767=CARTESIAN_POINT('Ctrl Pts',(3.13588371812731,4.29170580427254,6.66200800284535));
#6768=CARTESIAN_POINT('Ctrl Pts',(0.700807647075197,5.26890634248167,6.78108587585957));
#6769=CARTESIAN_POINT('Ctrl Pts',(-1.90503988813866,4.96218988236475,6.90016374887378));
#6770=CARTESIAN_POINT('Ctrl Pts',(-4.04667095490826,3.44629650302242,7.019241621888));
#6771=CARTESIAN_POINT('Ctrl Pts',(-5.20221699986828,1.09061619753434,7.13831949490222));
#6772=CARTESIAN_POINT('Ctrl Pts',(-5.09009677768298,-1.53082337252317,7.25739736791644));
#6773=CARTESIAN_POINT('Ctrl Pts',(-3.73763152918764,-3.77923483738006,7.37647524093065));
#6774=CARTESIAN_POINT('Ctrl Pts',(-1.47438739378853,-5.10672960093605,7.49555311394488));
#6775=CARTESIAN_POINT('Ctrl Pts',(1.14813263568664,-5.18982628369378,7.61463098695908));
#6776=CARTESIAN_POINT('Ctrl Pts',(3.49087790518995,-4.00827604527131,7.73370885997331));
#6777=CARTESIAN_POINT('Ctrl Pts',(4.84008153666944,-2.05668546637868,7.84138318145469));
#6778=CARTESIAN_POINT('Ctrl Pts',(5.09828712503373,-0.604126900917098,7.90936487859801));
#6779=CARTESIAN_POINT('Ctrl Pts',(5.0988536036089,0.00012697512320789,7.93765395140325));
#6780=CARTESIAN_POINT('Ctrl Pts',(5.09943648554354,-9.2153892050455E-6,
6.31234694266642));
#6781=CARTESIAN_POINT('Ctrl Pts',(5.09934810780339,0.838866464249057,6.35163315837847));
#6782=CARTESIAN_POINT('Ctrl Pts',(4.6745624917839,2.52538206264542,6.43061199842859));
#6783=CARTESIAN_POINT('Ctrl Pts',(2.90543819457314,4.45094758119256,6.54928346281679));
#6784=CARTESIAN_POINT('Ctrl Pts',(0.422263649705511,5.29850911890749,6.66836133583102));
#6785=CARTESIAN_POINT('Ctrl Pts',(-2.16380729194582,4.85494011047824,6.78743920884521));
#6786=CARTESIAN_POINT('Ctrl Pts',(-4.22260582018724,3.22832860166515,6.90651708185946));
#6787=CARTESIAN_POINT('Ctrl Pts',(-5.25244785587213,0.81504416711777,7.02559495487365));
#6788=CARTESIAN_POINT('Ctrl Pts',(-5.00238346570109,-1.79684866783174,7.14467282788789));
#6789=CARTESIAN_POINT('Ctrl Pts',(-3.53334786095852,-3.97088886352519,7.26375070090209));
#6790=CARTESIAN_POINT('Ctrl Pts',(-1.20331282202463,-5.17731047218142,7.38282857391632));
#6791=CARTESIAN_POINT('Ctrl Pts',(1.4199431789226,-5.12213498861945,7.50190644693053));
#6792=CARTESIAN_POINT('Ctrl Pts',(3.69719014771525,-3.81880746891564,7.62098431994475));
#6793=CARTESIAN_POINT('Ctrl Pts',(4.89323188957938,-1.87753146894676,7.72446448519005));
#6794=CARTESIAN_POINT('Ctrl Pts',(5.09835916267816,-0.514648671139319,7.78825202609727));
#6795=CARTESIAN_POINT('Ctrl Pts',(5.09864272795774,7.91643428984731E-5,
7.81234694266642));
#6796=CARTESIAN_POINT('Origin',(-3.11853751248533E-16,0.,-3.31234604859673));
#6797=CARTESIAN_POINT('',(5.09861581633284,-6.55392914997166E-5,4.81234694266642));
#6798=CARTESIAN_POINT('',(5.09856627797755,1.50778648029367E-5,4.93765395140325));
#6799=CARTESIAN_POINT('',(5.099,4.28207035244329E-13,-3.31234604859673));
#6800=CARTESIAN_POINT('Ctrl Pts',(5.09856627797755,1.50778648030578E-5,
4.93765395140325));
#6801=CARTESIAN_POINT('Ctrl Pts',(5.09860827437689,0.407798899699213,4.95674189448427));
#6802=CARTESIAN_POINT('Ctrl Pts',(4.94975383542864,1.66352294390273,5.01552246190336));
#6803=CARTESIAN_POINT('Ctrl Pts',(3.929993116299,3.57877905295718,5.11399565366052));
#6804=CARTESIAN_POINT('Ctrl Pts',(1.7392029148443,5.02271625965868,5.23307352667474));
#6805=CARTESIAN_POINT('Ctrl Pts',(-0.875392919271337,5.24272759553004,5.35215139968896));
#6806=CARTESIAN_POINT('Ctrl Pts',(-3.27667468473391,4.18520111995427,5.47122927270318));
#6807=CARTESIAN_POINT('Ctrl Pts',(-4.87950264360768,2.10783285747905,5.59030714571739));
#6808=CARTESIAN_POINT('Ctrl Pts',(-5.293302751105,-0.483168075504577,5.70938501873161));
#6809=CARTESIAN_POINT('Ctrl Pts',(-4.41724099018494,-2.95643153796474,5.82846289174582));
#6810=CARTESIAN_POINT('Ctrl Pts',(-2.46479441155152,-4.7092774300127,5.94754076476005));
#6811=CARTESIAN_POINT('Ctrl Pts',(0.0882685448783383,-5.31457562445277,
6.06661863777426));
#6812=CARTESIAN_POINT('Ctrl Pts',(2.61982239148153,-4.62482821747301,6.18569651078848));
#6813=CARTESIAN_POINT('Ctrl Pts',(4.51298293928984,-2.80811153512845,6.3047743838027));
#6814=CARTESIAN_POINT('Ctrl Pts',(5.07260132536463,-1.04415795053183,6.38876019734095));
#6815=CARTESIAN_POINT('Ctrl Pts',(5.09937538604534,-0.0983363506765757,
6.43305338654113));
#6816=CARTESIAN_POINT('Ctrl Pts',(5.09929275540699,-9.2788515636457E-5,
6.43765395140325));
#6817=CARTESIAN_POINT('Ctrl Pts',(5.09861581633284,-6.55392914997166E-5,
4.81234694266642));
#6818=CARTESIAN_POINT('Ctrl Pts',(5.09839048893097,0.497305996207711,4.83562904198353));
#6819=CARTESIAN_POINT('Ctrl Pts',(4.9029152706376,1.84279765087848,4.89860376563871));
#6820=CARTESIAN_POINT('Ctrl Pts',(3.73600253015914,3.78084521868495,5.00127111363197));
#6821=CARTESIAN_POINT('Ctrl Pts',(1.4721865199536,5.10736451836711,5.12034898664618));
#6822=CARTESIAN_POINT('Ctrl Pts',(-1.15036907961133,5.18933102178716,5.23942685966041));
#6823=CARTESIAN_POINT('Ctrl Pts',(-3.49260494683384,4.00677128850152,5.35850473267461));
#6824=CARTESIAN_POINT('Ctrl Pts',(-4.98376953508475,1.84784920763832,5.47758260568884));
#6825=CARTESIAN_POINT('Ctrl Pts',(-5.26049871569831,-0.76135322626543,5.59666047870304));
#6826=CARTESIAN_POINT('Ctrl Pts',(-4.25535965236505,-3.18503056532147,5.71573835171727));
#6827=CARTESIAN_POINT('Ctrl Pts',(-2.21328270543128,-4.83258576114767,5.83481622473149));
#6828=CARTESIAN_POINT('Ctrl Pts',(0.368122728838206,-5.30254572158704,5.9538940977457));
#6829=CARTESIAN_POINT('Ctrl Pts',(2.85982472214599,-4.48039150427851,6.07297197075993));
#6830=CARTESIAN_POINT('Ctrl Pts',(4.65465010874856,-2.56646407302643,6.19204984377413));
#6831=CARTESIAN_POINT('Ctrl Pts',(5.09729745649324,-0.864918482805386,6.27184150107631));
#6832=CARTESIAN_POINT('Ctrl Pts',(5.09943739979489,-0.00868722894142769,
6.3119405340404));
#6833=CARTESIAN_POINT('Ctrl Pts',(5.09943648554354,-9.2153892050455E-6,
6.31234694266642));
#6834=CARTESIAN_POINT('Origin',(-3.11853751248533E-16,0.,-3.31234604859673));
#6835=CARTESIAN_POINT('',(5.09912680358403,0.00012398232549643,3.31234694266641));
#6836=CARTESIAN_POINT('',(5.09936709462211,6.6274526961593E-5,3.43765395140325));
#6837=CARTESIAN_POINT('',(5.099,4.28207035244329E-13,-3.31234604859673));
#6838=CARTESIAN_POINT('Ctrl Pts',(5.09936709462211,6.62745269616738E-5,
3.43765395140325));
#6839=CARTESIAN_POINT('Ctrl Pts',(5.09940958396174,0.0659176047906607,3.44073777808932));
#6840=CARTESIAN_POINT('Ctrl Pts',(5.08208286964718,0.979333778427677,3.48351422911347));
#6841=CARTESIAN_POINT('Ctrl Pts',(4.5656822946667,2.72158971709723,3.5659833044757));
#6842=CARTESIAN_POINT('Ctrl Pts',(2.7074899407158,4.57405767617393,3.68506117748991));
#6843=CARTESIAN_POINT('Ctrl Pts',(0.189541627609968,5.31192802807468,3.80413905050413));
#6844=CARTESIAN_POINT('Ctrl Pts',(-2.37459382600675,4.75539793976627,3.92321692351835));
#6845=CARTESIAN_POINT('Ctrl Pts',(-4.36009280762003,3.04008159643499,4.04229479653257));
#6846=CARTESIAN_POINT('Ctrl Pts',(-5.28313273110822,0.58396399678026,4.16137266954678));
#6847=CARTESIAN_POINT('Ctrl Pts',(-4.9187889971584,-2.01445283029316,4.280450542561));
#6848=CARTESIAN_POINT('Ctrl Pts',(-3.35584418850126,-4.12199165289608,4.39952841557522));
#6849=CARTESIAN_POINT('Ctrl Pts',(-0.975153700325938,-5.22509145037513,
4.51860628858944));
#6850=CARTESIAN_POINT('Ctrl Pts',(1.64316037241272,-5.0549509784542,4.63768416160365));
#6851=CARTESIAN_POINT('Ctrl Pts',(3.86107227513999,-3.65302974121316,4.75676203461787));
#6852=CARTESIAN_POINT('Ctrl Pts',(4.93341643028976,-1.72836174861681,4.85675196455107));
#6853=CARTESIAN_POINT('Ctrl Pts',(5.09852094452184,-0.440171464761452,4.91704927014619));
#6854=CARTESIAN_POINT('Ctrl Pts',(5.09856627797755,1.50778648030578E-5,
4.93765395140325));
#6855=CARTESIAN_POINT('Ctrl Pts',(5.09912680358403,0.000123982325496257,
3.31234694266642));
#6856=CARTESIAN_POINT('Ctrl Pts',(5.09928482300088,0.155557549858172,3.31962492558858));
#6857=CARTESIAN_POINT('Ctrl Pts',(5.05432781906589,1.15860280925061,3.36659553284882));
#6858=CARTESIAN_POINT('Ctrl Pts',(4.41596651492922,2.95833487151355,3.45325876444715));
#6859=CARTESIAN_POINT('Ctrl Pts',(2.46276472847317,4.71033919853011,3.57233663746135));
#6860=CARTESIAN_POINT('Ctrl Pts',(-0.0905588464986818,5.31453709821684,
3.69141451047558));
#6861=CARTESIAN_POINT('Ctrl Pts',(-2.62181521533422,4.6236987844855,3.81049238348979));
#6862=CARTESIAN_POINT('Ctrl Pts',(-4.51419267787857,2.80616641345367,3.92957025650401));
#6863=CARTESIAN_POINT('Ctrl Pts',(-5.30656032128495,0.304832789529501,4.04864812951822));
#6864=CARTESIAN_POINT('Ctrl Pts',(-4.80583551698413,-2.27078190425734,4.16772600253245));
#6865=CARTESIAN_POINT('Ctrl Pts',(-3.13403392552051,-4.29305681615032,4.28680387554666));
#6866=CARTESIAN_POINT('Ctrl Pts',(-0.698536954265634,-5.26920787182797,
4.40588174856088));
#6867=CARTESIAN_POINT('Ctrl Pts',(1.90717816307954,-4.9613684530864,4.5249596215751));
#6868=CARTESIAN_POINT('Ctrl Pts',(4.0481557612414,-3.44455227943145,4.64403749458931));
#6869=CARTESIAN_POINT('Ctrl Pts',(4.97695273051978,-1.54905401815774,4.73983326828642));
#6870=CARTESIAN_POINT('Ctrl Pts',(5.09877463968102,-0.350640799574254,4.79593641764546));
#6871=CARTESIAN_POINT('Ctrl Pts',(5.09861581633284,-6.55392914997166E-5,
4.81234694266642));
#6872=CARTESIAN_POINT('Origin',(-3.11853751248533E-16,0.,-3.31234604859673));
#6873=CARTESIAN_POINT('',(5.09902903391845,-0.000131365134555458,1.81234694266642));
#6874=CARTESIAN_POINT('',(5.09876531400991,-0.000114793455646061,1.93765395140324));
#6875=CARTESIAN_POINT('',(5.099,4.28207035244329E-13,-3.31234604859673));
#6876=CARTESIAN_POINT('Ctrl Pts',(5.09876531400991,-0.000114793455646099,
1.93765395140324));
#6877=CARTESIAN_POINT('Ctrl Pts',(5.0982932286931,0.571770006059097,1.96442628603245));
#6878=CARTESIAN_POINT('Ctrl Pts',(4.85992228275771,1.99191405907998,2.03089124499973));
#6879=CARTESIAN_POINT('Ctrl Pts',(3.56663653337252,3.94101627013683,2.13704882830509));
#6880=CARTESIAN_POINT('Ctrl Pts',(1.24683564547159,5.16700167199494,2.2561267013193));
#6881=CARTESIAN_POINT('Ctrl Pts',(-1.37679176248278,5.13390200978798,2.37520457433353));
#6882=CARTESIAN_POINT('Ctrl Pts',(-3.66492519280921,3.8497829465405,2.49428244734774));
#6883=CARTESIAN_POINT('Ctrl Pts',(-5.05999667687993,1.62755615384009,2.61336032036196));
#6884=CARTESIAN_POINT('Ctrl Pts',(-5.22205786953042,-0.991270402729644,
2.73243819337617));
#6885=CARTESIAN_POINT('Ctrl Pts',(-4.11161800993581,-3.36854608762188,2.85151606639039));
#6886=CARTESIAN_POINT('Ctrl Pts',(-1.99926695465566,-4.92498091854631,2.97059393940461));
#6887=CARTESIAN_POINT('Ctrl Pts',(0.600261640030107,-5.28130583923744,3.08967181241883));
#6888=CARTESIAN_POINT('Ctrl Pts',(3.05351962882721,-4.35069227599509,3.20874968543305));
#6889=CARTESIAN_POINT('Ctrl Pts',(4.71843815464195,-2.41146675775585,3.32474373176118));
#6890=CARTESIAN_POINT('Ctrl Pts',(5.09886269414986,-0.781669623804064,3.40104515375125));
#6891=CARTESIAN_POINT('Ctrl Pts',(5.09936709462211,6.62745269616738E-5,
3.43765395140325));
#6892=CARTESIAN_POINT('Ctrl Pts',(5.09902903391845,-0.000131365134555406,
1.81234694266642));
#6893=CARTESIAN_POINT('Ctrl Pts',(5.09834656813069,0.661246675038759,1.84331343353172));
#6894=CARTESIAN_POINT('Ctrl Pts',(4.80331987869499,2.17096536837812,1.91397254873509));
#6895=CARTESIAN_POINT('Ctrl Pts',(3.35406751174431,4.12343746534642,2.02432428827653));
#6896=CARTESIAN_POINT('Ctrl Pts',(0.97290186542296,5.22551121624497,2.14340216129075));
#6897=CARTESIAN_POINT('Ctrl Pts',(-1.6453386471808,5.05424239557041,2.26248003430496));
#6898=CARTESIAN_POINT('Ctrl Pts',(-3.8626461896285,3.65136548309597,2.38155790731918));
#6899=CARTESIAN_POINT('Ctrl Pts',(-5.13871151353145,1.35873082468276,2.5006357803334));
#6900=CARTESIAN_POINT('Ctrl Pts',(-5.16258546486375,-1.26499675478617,2.61971365334761));
#6901=CARTESIAN_POINT('Ctrl Pts',(-3.92845048585036,-3.58047235073801,2.73879152636184));
#6902=CARTESIAN_POINT('Ctrl Pts',(-1.73703822216667,-5.02346530664311,2.85786939937605));
#6903=CARTESIAN_POINT('Ctrl Pts',(0.877652185932976,-5.24234986564734,2.97694727239027));
#6904=CARTESIAN_POINT('Ctrl Pts',(3.27847799165222,-4.18378865756351,3.09602514540449));
#6905=CARTESIAN_POINT('Ctrl Pts',(4.78250120799995,-2.23273981409476,3.20782503549654));
#6906=CARTESIAN_POINT('Ctrl Pts',(5.09842301755035,-0.692145209488713,3.27993230125051));
#6907=CARTESIAN_POINT('Ctrl Pts',(5.09912680358403,0.000123982325496257,
3.31234694266642));
#6908=CARTESIAN_POINT('Origin',(-3.11853751248533E-16,0.,-3.31234604859673));
#6909=CARTESIAN_POINT('',(5.09867253161234,0.00010612082926853,0.312346942666417));
#6910=CARTESIAN_POINT('',(5.09889349199619,0.000130232878497685,0.437653951403244));
#6911=CARTESIAN_POINT('',(5.099,4.28207035244329E-13,-3.31234604859673));
#6912=CARTESIAN_POINT('',(1.3228849655691,-4.92440619444327,4.4703483581543E-7));
#6913=CARTESIAN_POINT('Ctrl Pts',(1.32288496556905,-4.92440619444328,4.47034833039872E-7));
#6914=CARTESIAN_POINT('Ctrl Pts',(2.14163681148252,-4.70445794794952,0.0396930713729055));
#6915=CARTESIAN_POINT('Ctrl Pts',(3.6664897819317,-3.84852383333215,0.119078320049051));
#6916=CARTESIAN_POINT('Ctrl Pts',(4.88555378128832,-1.90458556060757,0.223193818592912));
#6917=CARTESIAN_POINT('Ctrl Pts',(5.0983505317761,-0.528163463923165,0.287616692798701));
#6918=CARTESIAN_POINT('Ctrl Pts',(5.09867253161234,0.000106120829268599,
0.312346942666417));
#6919=CARTESIAN_POINT('',(-1.32303127720836,-4.92479439227028,4.47034836162374E-7));
#6920=CARTESIAN_POINT('Origin',(-3.11853751248533E-16,0.,4.4703483581543E-7));
#6921=CARTESIAN_POINT('Ctrl Pts',(-1.32303127720836,-4.92479439227028,4.47034835540042E-7));
#6922=CARTESIAN_POINT('Ctrl Pts',(-0.548054124532442,-5.13258970092227,
0.0375752937110209));
#6923=CARTESIAN_POINT('Ctrl Pts',(1.14848759609384,-5.17812725222078,0.114842764725279));
#6924=CARTESIAN_POINT('Ctrl Pts',(3.4587686910763,-4.03602897407751,0.231802860077609));
#6925=CARTESIAN_POINT('Ctrl Pts',(4.83155871970718,-2.08380655633999,0.340112514857559));
#6926=CARTESIAN_POINT('Ctrl Pts',(5.09829221897653,-0.617679490611824,0.408729545299438));
#6927=CARTESIAN_POINT('Ctrl Pts',(5.0988934919962,0.000130232878497727,
0.437653951403243));
#6928=CARTESIAN_POINT('Origin',(0.,0.,55.5000012740493));
#6929=CARTESIAN_POINT('',(-5.91663533950356,0.000145466125881372,50.5633763842978));
#6930=CARTESIAN_POINT('',(-5.91667591445609,0.000107241678128796,50.311625999888));
#6931=CARTESIAN_POINT('',(-5.91675,-7.2459289488551E-16,55.5000012740493));
#6932=CARTESIAN_POINT('',(2.58391981634415,5.3227144339335,50.0000011920929));
#6933=CARTESIAN_POINT('Ctrl Pts',(-5.91663533950356,0.000145466125881372,
50.5633763842978));
#6934=CARTESIAN_POINT('Ctrl Pts',(-5.91688645467444,0.264545435002143,50.5509306804818));
#6935=CARTESIAN_POINT('Ctrl Pts',(-5.89948399977014,0.528912547077661,50.5384849766658));
#6936=CARTESIAN_POINT('Ctrl Pts',(-5.86415651820455,0.790862137192291,50.5260392728498));
#6937=CARTESIAN_POINT('Ctrl Pts',(-5.73375898748577,1.75774622317837,50.4801008426605));
#6938=CARTESIAN_POINT('Ctrl Pts',(-5.35914597715056,2.691693326904,50.4341624124712));
#6939=CARTESIAN_POINT('Ctrl Pts',(-4.7852484888199,3.48068783412399,50.3882239822819));
#6940=CARTESIAN_POINT('Ctrl Pts',(-4.21135100048923,4.26968234134399,50.3422855520927));
#6941=CARTESIAN_POINT('Ctrl Pts',(-3.43816903416313,4.91372425205835,50.2963471219034));
#6942=CARTESIAN_POINT('Ctrl Pts',(-2.5584404722663,5.33555924513132,50.2504086917141));
#6943=CARTESIAN_POINT('Ctrl Pts',(-1.67871191036946,5.75739423820429,50.2044702615248));
#6944=CARTESIAN_POINT('Ctrl Pts',(-0.692436752901893,5.95702231363587,50.1585318313356));
#6945=CARTESIAN_POINT('Ctrl Pts',(0.282092438333864,5.91051433230354,50.1125934011463));
#6946=CARTESIAN_POINT('Ctrl Pts',(1.07826239869261,5.87251828458458,50.0750626647952));
#6947=CARTESIAN_POINT('Ctrl Pts',(1.86659245734185,5.67023754081639,50.037531928444));
#6948=CARTESIAN_POINT('Ctrl Pts',(2.58410996472359,5.32279561907036,50.0000011920929));
#6949=CARTESIAN_POINT('',(-2.5839198163438,5.32271443393367,50.0000011920929));
#6950=CARTESIAN_POINT('Origin',(0.,0.,50.0000011920929));
#6951=CARTESIAN_POINT('Ctrl Pts',(-2.58391981634372,5.32271443393371,50.0000011920929));
#6952=CARTESIAN_POINT('Ctrl Pts',(-3.46183212239329,4.89653056989782,50.0459396222822));
#6953=CARTESIAN_POINT('Ctrl Pts',(-4.23184437511479,4.24916346577363,50.0918780524715));
#6954=CARTESIAN_POINT('Ctrl Pts',(-4.80192699509373,3.45755010575041,50.1378164826607));
#6955=CARTESIAN_POINT('Ctrl Pts',(-5.37200961507267,2.66593674572718,50.18375491285));
#6956=CARTESIAN_POINT('Ctrl Pts',(-5.74216260230905,1.73007712980493,50.2296933430393));
#6957=CARTESIAN_POINT('Ctrl Pts',(-5.8679098804006,0.762546549934951,50.2756317732286));
#6958=CARTESIAN_POINT('Ctrl Pts',(-5.90075221604263,0.509849517201629,50.2876298487817));
#6959=CARTESIAN_POINT('Ctrl Pts',(-5.91692276170999,0.254992094430449,50.2996279243349));
#6960=CARTESIAN_POINT('Ctrl Pts',(-5.91667591445609,0.000107241678128796,
50.311625999888));
#6961=CARTESIAN_POINT('Origin',(0.,0.,55.5000012740493));
#6962=CARTESIAN_POINT('',(-5.91723168574277,-3.0762990070321E-5,52.3133763842978));
#6963=CARTESIAN_POINT('',(-5.91722207782829,-4.0194568222406E-5,52.061625999888));
#6964=CARTESIAN_POINT('',(-5.91675,-7.2459289488551E-16,55.5000012740493));
#6965=CARTESIAN_POINT('Ctrl Pts',(-5.91723168574277,-3.0762990070321E-5,
52.3133763842978));
#6966=CARTESIAN_POINT('Ctrl Pts',(-5.91695600127686,0.945443837667416,52.2688585094198));
#6967=CARTESIAN_POINT('Ctrl Pts',(-5.68609190451333,1.8910483014552,52.2243406345418));
#6968=CARTESIAN_POINT('Ctrl Pts',(-5.24990554051382,2.72988765870829,52.1798227596639));
#6969=CARTESIAN_POINT('Ctrl Pts',(-4.7998005683643,3.59549418999077,52.1338843294746));
#6970=CARTESIAN_POINT('Ctrl Pts',(-4.13106068878529,4.34741320214468,52.0879458992853));
#6971=CARTESIAN_POINT('Ctrl Pts',(-3.32389553882871,4.89545843198083,52.042007469096));
#6972=CARTESIAN_POINT('Ctrl Pts',(-2.51673038887213,5.44350366181699,51.9960690389068));
#6973=CARTESIAN_POINT('Ctrl Pts',(-1.57113996853798,5.78767510933539,51.9501306087175));
#6974=CARTESIAN_POINT('Ctrl Pts',(-0.600539773082974,5.88669234774711,51.9041921785282));
#6975=CARTESIAN_POINT('Ctrl Pts',(0.370060422372036,5.98570958615883,51.8582537483389));
#6976=CARTESIAN_POINT('Ctrl Pts',(1.36567039294791,5.83957261546387,51.8123153181496));
#6977=CARTESIAN_POINT('Ctrl Pts',(2.26687522614912,5.46580931943733,51.7663768879604));
#6978=CARTESIAN_POINT('Ctrl Pts',(3.16808005935033,5.09204602341079,51.7204384577711));
#6979=CARTESIAN_POINT('Ctrl Pts',(3.97487975517687,4.49065640205267,51.6745000275818));
#6980=CARTESIAN_POINT('Ctrl Pts',(4.59050557976052,3.73377199960905,51.6285615973925));
#6981=CARTESIAN_POINT('Ctrl Pts',(5.20613140434416,2.97688759716544,51.5826231672032));
#6982=CARTESIAN_POINT('Ctrl Pts',(5.63058335768492,2.06450841363632,51.5366847370139));
#6983=CARTESIAN_POINT('Ctrl Pts',(5.81295205483708,1.10606654950566,51.4907463068247));
#6984=CARTESIAN_POINT('Ctrl Pts',(5.99532075198925,0.147624685374997,51.4448078766354));
#6985=CARTESIAN_POINT('Ctrl Pts',(5.93560619295284,-0.856879859357219,51.3988694464461));
#6986=CARTESIAN_POINT('Ctrl Pts',(5.64097062533851,-1.78696536361507,51.3529310162568));
#6987=CARTESIAN_POINT('Ctrl Pts',(5.34633505772419,-2.71705086787291,51.3069925860675));
#6988=CARTESIAN_POINT('Ctrl Pts',(4.81677848153195,-3.57271733165638,51.2610541558783));
#6989=CARTESIAN_POINT('Ctrl Pts',(4.1158166931684,-4.25133482882968,51.215115725689));
#6990=CARTESIAN_POINT('Ctrl Pts',(3.41485490480486,-4.92995232600297,51.1691772954997));
#6991=CARTESIAN_POINT('Ctrl Pts',(2.54248790427,-5.43152085656609,51.1232388653105));
#6992=CARTESIAN_POINT('Ctrl Pts',(1.60334864657283,-5.69588164557664,51.0773004351212));
#6993=CARTESIAN_POINT('Ctrl Pts',(0.664209388875672,-5.9602424345872,51.0313620049319));
#6994=CARTESIAN_POINT('Ctrl Pts',(-0.341702125983793,-5.98739548204519,
50.9854235747426));
#6995=CARTESIAN_POINT('Ctrl Pts',(-1.29373536913566,-5.77408383171375,50.9394851445533));
#6996=CARTESIAN_POINT('Ctrl Pts',(-2.24576861228753,-5.5607721813823,50.893546714364));
#6997=CARTESIAN_POINT('Ctrl Pts',(-3.14392358373179,-5.10699583326143,50.8476082841748));
#6998=CARTESIAN_POINT('Ctrl Pts',(-3.88047433544592,-4.46718175922537,50.8016698539855));
#6999=CARTESIAN_POINT('Ctrl Pts',(-4.61702508716004,-3.82736768518932,50.7557314237962));
#7000=CARTESIAN_POINT('Ctrl Pts',(-5.19197161914401,-3.0015158852381,50.7097929936069));
#7001=CARTESIAN_POINT('Ctrl Pts',(-5.53635385958483,-2.08867945113921,50.6638545634176));
#7002=CARTESIAN_POINT('Ctrl Pts',(-5.78743558134535,-1.42314994164447,50.6303618370443));
#7003=CARTESIAN_POINT('Ctrl Pts',(-5.9159595615941,-0.711383262308669,50.5968691106711));
#7004=CARTESIAN_POINT('Ctrl Pts',(-5.91663533950356,0.000145466125881372,
50.5633763842978));
#7005=CARTESIAN_POINT('Ctrl Pts',(-5.91667591445609,0.000107241678128796,
50.311625999888));
#7006=CARTESIAN_POINT('Ctrl Pts',(-5.91597762886008,-0.72091524692634,50.3455663545242));
#7007=CARTESIAN_POINT('Ctrl Pts',(-5.78390403160911,-1.44215723580946,50.3795067091603));
#7008=CARTESIAN_POINT('Ctrl Pts',(-5.52621384885959,-2.11533541074094,50.4134470637964));
#7009=CARTESIAN_POINT('Ctrl Pts',(-5.17742897028032,-3.02648524772915,50.4593854939857));
#7010=CARTESIAN_POINT('Ctrl Pts',(-4.59851764417506,-3.84958337788787,50.505323924175));
#7011=CARTESIAN_POINT('Ctrl Pts',(-3.85889329887108,-4.48584602360467,50.5512623543643));
#7012=CARTESIAN_POINT('Ctrl Pts',(-3.1192689535671,-5.12210866932147,50.5972007845535));
#7013=CARTESIAN_POINT('Ctrl Pts',(-2.21893158906438,-5.57153583059635,50.6431392147428));
#7014=CARTESIAN_POINT('Ctrl Pts',(-1.26587964392933,-5.78025130507872,50.6890776449321));
#7015=CARTESIAN_POINT('Ctrl Pts',(-0.31282769879428,-5.98896677956109,50.7350160751214));
#7016=CARTESIAN_POINT('Ctrl Pts',(0.69293882697311,-5.95697056725095,50.7809545053107));
#7017=CARTESIAN_POINT('Ctrl Pts',(1.63079194953674,-5.68808650689388,50.8268929355));
#7018=CARTESIAN_POINT('Ctrl Pts',(2.56864507210036,-5.4192024465368,50.8728313656892));
#7019=CARTESIAN_POINT('Ctrl Pts',(3.43858479146023,-4.91343053813279,50.9187697958785));
#7020=CARTESIAN_POINT('Ctrl Pts',(4.13626680517859,-4.23144045295326,50.9647082260677));
#7021=CARTESIAN_POINT('Ctrl Pts',(4.83394881889695,-3.54945036777374,51.010646656257));
#7022=CARTESIAN_POINT('Ctrl Pts',(5.35937312697382,-2.6912421058187,51.0565850864463));
#7023=CARTESIAN_POINT('Ctrl Pts',(5.64952075525713,-1.75974722070043,51.1025235166356));
#7024=CARTESIAN_POINT('Ctrl Pts',(5.93966838354045,-0.828252335582149,51.1484619468249));
#7025=CARTESIAN_POINT('Ctrl Pts',(5.99453933203022,0.176529172699376,51.1944003770142));
#7026=CARTESIAN_POINT('Ctrl Pts',(5.80755172968274,1.13408080599593,51.2403388072034));
#7027=CARTESIAN_POINT('Ctrl Pts',(5.62056412733527,2.09163243929248,51.2862772373927));
#7028=CARTESIAN_POINT('Ctrl Pts',(5.19171797415056,3.00195419760406,51.332215667582));
#7029=CARTESIAN_POINT('Ctrl Pts',(4.57244997740701,3.75586150000862,51.3781540977713));
#7030=CARTESIAN_POINT('Ctrl Pts',(3.95318198066345,4.50976880241319,51.4240925279606));
#7031=CARTESIAN_POINT('Ctrl Pts',(3.14349214036105,5.10726164891073,51.4700309581499));
#7032=CARTESIAN_POINT('Ctrl Pts',(2.24049570600121,5.4766755199838,51.5159693883391));
#7033=CARTESIAN_POINT('Ctrl Pts',(1.33749927164138,5.84608939105687,51.5619078185284));
#7034=CARTESIAN_POINT('Ctrl Pts',(0.341196243224115,5.98742428670548,51.6078462487177));
#7035=CARTESIAN_POINT('Ctrl Pts',(-0.62891527666916,5.88372846420972,51.653784678907));
#7036=CARTESIAN_POINT('Ctrl Pts',(-1.59902679656244,5.78003264171397,51.6997231090963));
#7037=CARTESIAN_POINT('Ctrl Pts',(-2.54294680793172,5.43130610107386,51.7456615392855));
#7038=CARTESIAN_POINT('Ctrl Pts',(-3.34746019744672,4.87937553033104,51.7915999694748));
#7039=CARTESIAN_POINT('Ctrl Pts',(-4.1519735869617,4.32744495958823,51.8375383996641));
#7040=CARTESIAN_POINT('Ctrl Pts',(-4.81708035462239,3.57231035874272,51.8834768298534));
#7041=CARTESIAN_POINT('Ctrl Pts',(-5.26300660939124,2.70454371342073,51.9294152600427));
#7042=CARTESIAN_POINT('Ctrl Pts',(-5.69079832841266,1.87206663690463,51.9734855066578));
#7043=CARTESIAN_POINT('Ctrl Pts',(-5.91687393031532,0.935932084752663,52.0175557532729));
#7044=CARTESIAN_POINT('Ctrl Pts',(-5.91722207782829,-4.0194568222406E-5,
52.061625999888));
#7045=CARTESIAN_POINT('Origin',(0.,0.,55.5000012740493));
#7046=CARTESIAN_POINT('',(-5.91647312027023,-0.000124531499895719,54.0633763842978));
#7047=CARTESIAN_POINT('',(-5.91645078850807,-0.000119631401638507,53.811625999888));
#7048=CARTESIAN_POINT('',(-5.91675,-7.2459289488551E-16,55.5000012740493));
#7049=CARTESIAN_POINT('Ctrl Pts',(-5.91647312027023,-0.000124531499895719,
54.0633763842978));
#7050=CARTESIAN_POINT('Ctrl Pts',(-5.9159647044407,0.651098096338865,54.0327247685471));
#7051=CARTESIAN_POINT('Ctrl Pts',(-5.80870909964115,1.30248411199062,54.0020731527965));
#7052=CARTESIAN_POINT('Ctrl Pts',(-5.59766965774289,1.91830373405122,53.9714215370458));
#7053=CARTESIAN_POINT('Ctrl Pts',(-5.28137896860958,2.84124975253657,53.9254831068565));
#7054=CARTESIAN_POINT('Ctrl Pts',(-4.73197056370407,3.68430706518865,53.8795446766672));
#7055=CARTESIAN_POINT('Ctrl Pts',(-4.01534128894432,4.34635814752873,53.833606246478));
#7056=CARTESIAN_POINT('Ctrl Pts',(-3.29871201418456,5.00840922986882,53.7876678162887));
#7057=CARTESIAN_POINT('Ctrl Pts',(-2.41486186957056,5.4894540818969,53.7417293860994));
#7058=CARTESIAN_POINT('Ctrl Pts',(-1.46980113138157,5.73179548200034,53.6957909559101));
#7059=CARTESIAN_POINT('Ctrl Pts',(-0.524740393192591,5.97413688210379,53.6498525257208));
#7060=CARTESIAN_POINT('Ctrl Pts',(0.481530938571376,5.9777748302826,53.6039140955316));
#7061=CARTESIAN_POINT('Ctrl Pts',(1.42831921177677,5.74227298572265,53.5579756653423));
#7062=CARTESIAN_POINT('Ctrl Pts',(2.37510748498216,5.5067711411627,53.512037235153));
#7063=CARTESIAN_POINT('Ctrl Pts',(3.26241269962898,5.03212950386399,53.4660988049637));
#7064=CARTESIAN_POINT('Ctrl Pts',(3.98381017329578,4.37527728451976,53.4201603747744));
#7065=CARTESIAN_POINT('Ctrl Pts',(4.70520764696258,3.71842506517553,53.3742219445852));
#7066=CARTESIAN_POINT('Ctrl Pts',(5.26069737964937,2.87936226378578,53.3282835143959));
#7067=CARTESIAN_POINT('Ctrl Pts',(5.58365312210858,1.95872729731791,53.2823450842066));
#7068=CARTESIAN_POINT('Ctrl Pts',(5.9066088645678,1.03809233085003,53.2364066540173));
#7069=CARTESIAN_POINT('Ctrl Pts',(5.99703061679945,0.0358851993040289,53.190468223828));
#7070=CARTESIAN_POINT('Ctrl Pts',(5.84407306187519,-0.927687911290724,53.1445297936387));
#7071=CARTESIAN_POINT('Ctrl Pts',(5.69111550695093,-1.89126102188548,53.0985913634495));
#7072=CARTESIAN_POINT('Ctrl Pts',(5.29477864487077,-2.81620011152898,53.0526529332602));
#7073=CARTESIAN_POINT('Ctrl Pts',(4.70259969730548,-3.59156663591098,53.0067145030709));
#7074=CARTESIAN_POINT('Ctrl Pts',(4.1104207497402,-4.36693316029299,52.9607760728816));
#7075=CARTESIAN_POINT('Ctrl Pts',(3.3223997166898,-4.99272711941348,52.9148376426924));
#7076=CARTESIAN_POINT('Ctrl Pts',(2.43305299093609,-5.39388987249475,52.8688992125031));
#7077=CARTESIAN_POINT('Ctrl Pts',(1.5437062651824,-5.79505262557602,52.8229607823138));
#7078=CARTESIAN_POINT('Ctrl Pts',(0.553033846725419,-5.97158417261807,52.7770223521245));
#7079=CARTESIAN_POINT('Ctrl Pts',(-0.42014156873168,-5.90231106224318,52.7310839219352));
#7080=CARTESIAN_POINT('Ctrl Pts',(-1.39331698418879,-5.83303795186828,52.685145491746));
#7081=CARTESIAN_POINT('Ctrl Pts',(-2.34899539664602,-5.51796018407643,52.6392070615567));
#7082=CARTESIAN_POINT('Ctrl Pts',(-3.17255134254411,-4.9948686461489,52.5932686313674));
#7083=CARTESIAN_POINT('Ctrl Pts',(-3.9961072884422,-4.47177710822138,52.5473302011781));
#7084=CARTESIAN_POINT('Ctrl Pts',(-4.68754076778115,-3.74067180015817,52.5013917709888));
#7085=CARTESIAN_POINT('Ctrl Pts',(-5.16392023994784,-2.88924255967679,52.4554533407996));
#7086=CARTESIAN_POINT('Ctrl Pts',(-5.64029971211453,-2.03781331919541,52.4095149106103));
#7087=CARTESIAN_POINT('Ctrl Pts',(-5.90162517710897,-1.06606014629584,52.363576480421));
#7088=CARTESIAN_POINT('Ctrl Pts',(-5.91655287724617,-0.0905365346405345,
52.3176380502317));
#7089=CARTESIAN_POINT('Ctrl Pts',(-5.91701448691869,-0.0603703917808432,
52.3162174949204));
#7090=CARTESIAN_POINT('Ctrl Pts',(-5.91724048277168,-0.0302006435009617,
52.3147969396091));
#7091=CARTESIAN_POINT('Ctrl Pts',(-5.91723168574277,-3.0762990070321E-5,
52.3133763842978));
#7092=CARTESIAN_POINT('Ctrl Pts',(-5.91722207782829,-4.0194568222406E-5,
52.061625999888));
#7093=CARTESIAN_POINT('Ctrl Pts',(-5.91723683616333,-0.039717032625723,
52.0634941834622));
#7094=CARTESIAN_POINT('Ctrl Pts',(-5.91684596220699,-0.0793935790789062,
52.0653623670363));
#7095=CARTESIAN_POINT('Ctrl Pts',(-5.91604762685459,-0.11906192528102,52.0672305506105));
#7096=CARTESIAN_POINT('Ctrl Pts',(-5.89641664767209,-1.09450222886228,52.1131689807998));
#7097=CARTESIAN_POINT('Ctrl Pts',(-5.63040894743009,-2.06498414622633,52.159107410989));
#7098=CARTESIAN_POINT('Ctrl Pts',(-5.14992987453671,-2.91410665069846,52.2050458411783));
#7099=CARTESIAN_POINT('Ctrl Pts',(-4.66945080164333,-3.76322915517059,52.2509842713676));
#7100=CARTESIAN_POINT('Ctrl Pts',(-3.97450035609856,-4.49099224675081,52.2969227015569));
#7101=CARTESIAN_POINT('Ctrl Pts',(-3.14843191021278,-5.01010696249525,52.3428611317462));
#7102=CARTESIAN_POINT('Ctrl Pts',(-2.322363464327,-5.52922167823969,52.3887995619355));
#7103=CARTESIAN_POINT('Ctrl Pts',(-1.3651770181002,-5.83968801814835,52.4347379921247));
#7104=CARTESIAN_POINT('Ctrl Pts',(-0.391678910075405,-5.90426819419027,
52.480676422314));
#7105=CARTESIAN_POINT('Ctrl Pts',(0.581819197949377,-5.9688483702322,52.5266148525033));
#7106=CARTESIAN_POINT('Ctrl Pts',(1.57162896777216,-5.78754238240738,52.5725532826926));
#7107=CARTESIAN_POINT('Ctrl Pts',(2.4590311706473,-5.38209633651817,52.6184917128818));
#7108=CARTESIAN_POINT('Ctrl Pts',(3.34643337352245,-4.97665029062894,52.6644301430711));
#7109=CARTESIAN_POINT('Ctrl Pts',(4.13142800944996,-4.3470641866753,52.7103685732604));
#7110=CARTESIAN_POINT('Ctrl Pts',(4.71986167631786,-3.56885150032588,52.7563070034497));
#7111=CARTESIAN_POINT('Ctrl Pts',(5.30829534318576,-2.79063881397647,52.802245433639));
#7112=CARTESIAN_POINT('Ctrl Pts',(5.70016804099405,-1.86379954523128,52.8481838638283));
#7113=CARTESIAN_POINT('Ctrl Pts',(5.84847798636239,-0.899500148893163,52.8941222940176));
#7114=CARTESIAN_POINT('Ctrl Pts',(5.99678793173073,0.0647992474449562,52.9400607242068));
#7115=CARTESIAN_POINT('Ctrl Pts',(5.90153512465912,1.06655877137599,52.9859991543961));
#7116=CARTESIAN_POINT('Ctrl Pts',(5.57414432588617,1.98562592369559,53.0319375845854));
#7117=CARTESIAN_POINT('Ctrl Pts',(5.24675352711322,2.90469307601519,53.0778760147747));
#7118=CARTESIAN_POINT('Ctrl Pts',(4.68722473663893,3.74106785672334,53.1238144449639));
#7119=CARTESIAN_POINT('Ctrl Pts',(3.96266865417645,4.39443425392122,53.1697528751532));
#7120=CARTESIAN_POINT('Ctrl Pts',(3.23811257171398,5.0478006511191,53.2156913053425));
#7121=CARTESIAN_POINT('Ctrl Pts',(2.34852919726331,5.51815866480671,53.2616297355318));
#7122=CARTESIAN_POINT('Ctrl Pts',(1.40061645906737,5.7490928683849,53.3075681657211));
#7123=CARTESIAN_POINT('Ctrl Pts',(0.452703720871418,5.98002707196309,53.3535065959103));
#7124=CARTESIAN_POINT('Ctrl Pts',(-0.553538381069813,5.97153746543187,53.3994450260996));
#7125=CARTESIAN_POINT('Ctrl Pts',(-1.49741970049505,5.72464230457618,53.4453834562889));
#7126=CARTESIAN_POINT('Ctrl Pts',(-2.44130101992029,5.47774714372049,53.4913218864782));
#7127=CARTESIAN_POINT('Ctrl Pts',(-3.32282155682954,4.99244642854033,53.5372603166675));
#7128=CARTESIAN_POINT('Ctrl Pts',(-4.03625045148933,4.32694783509212,53.5831987468568));
#7129=CARTESIAN_POINT('Ctrl Pts',(-4.74967934614913,3.66144924164391,53.629137177046));
#7130=CARTESIAN_POINT('Ctrl Pts',(-5.29501659855947,2.81575276992765,53.6750756072353));
#7131=CARTESIAN_POINT('Ctrl Pts',(-5.6068536627754,1.89129248900902,53.7210140374246));
#7132=CARTESIAN_POINT('Ctrl Pts',(-5.81188293232169,1.28347052724869,53.7512180249124));
#7133=CARTESIAN_POINT('Ctrl Pts',(-5.91597215604472,0.641599674258003,53.7814220124002));
#7134=CARTESIAN_POINT('Ctrl Pts',(-5.91645078850807,-0.000119631401638507,
53.811625999888));
#7135=CARTESIAN_POINT('Origin',(0.,0.,55.5000012740493));
#7136=CARTESIAN_POINT('',(-5.91640243670646,0.000106561052323068,55.8133763842978));
#7137=CARTESIAN_POINT('',(-5.91642230400235,0.000112386138709495,55.561625999888));
#7138=CARTESIAN_POINT('',(-5.91675,-7.2459289488551E-16,55.5000012740493));
#7139=CARTESIAN_POINT('Ctrl Pts',(-5.91640243670646,0.000106561052323068,
55.8133763842978));
#7140=CARTESIAN_POINT('Ctrl Pts',(-5.916636649904,0.356739589982683,55.7965910276744));
#7141=CARTESIAN_POINT('Ctrl Pts',(-5.88489895413268,0.713331419996432,55.7798056710511));
#7142=CARTESIAN_POINT('Ctrl Pts',(-5.82079747040752,1.06400734104035,55.7630203144277));
#7143=CARTESIAN_POINT('Ctrl Pts',(-5.64536351322607,2.02374276277804,55.7170818842385));
#7144=CARTESIAN_POINT('Ctrl Pts',(-5.22751957238347,2.9391670736296,55.6711434540492));
#7145=CARTESIAN_POINT('Ctrl Pts',(-4.61738245996634,3.70048294573634,55.6252050238599));
#7146=CARTESIAN_POINT('Ctrl Pts',(-4.0072453475492,4.46179881784309,55.5792665936706));
#7147=CARTESIAN_POINT('Ctrl Pts',(-3.20481506355752,5.06900625120501,55.5333281634813));
#7148=CARTESIAN_POINT('Ctrl Pts',(-2.30633626735938,5.44927590007637,55.487389733292));
#7149=CARTESIAN_POINT('Ctrl Pts',(-1.40785747116125,5.82954554894772,55.4414513031028));
#7150=CARTESIAN_POINT('Ctrl Pts',(-0.413330162756665,5.98287741332849,55.3955128729135));
#7151=CARTESIAN_POINT('Ctrl Pts',(0.557960601022372,5.89088064562481,55.3495744427242));
#7152=CARTESIAN_POINT('Ctrl Pts',(1.52925136480141,5.79888387792114,55.3036360125349));
#7153=CARTESIAN_POINT('Ctrl Pts',(2.4773055839549,5.46155847813301,55.2576975823456));
#7154=CARTESIAN_POINT('Ctrl Pts',(3.28841225180072,4.91936374702026,55.2117591521564));
#7155=CARTESIAN_POINT('Ctrl Pts',(4.09951891964654,4.37716901590751,55.1658207219671));
#7156=CARTESIAN_POINT('Ctrl Pts',(4.7736780361847,3.63010495347014,55.1198822917778));
#7157=CARTESIAN_POINT('Ctrl Pts',(5.23002997307672,2.76777551365883,55.0739438615885));
#7158=CARTESIAN_POINT('Ctrl Pts',(5.68638190996874,1.90544607384753,55.0280054313993));
#7159=CARTESIAN_POINT('Ctrl Pts',(5.92492666721462,0.927851256662289,54.98206700121));
#7160=CARTESIAN_POINT('Ctrl Pts',(5.91705283848636,-0.0477547887738448,
54.9361285710207));
#7161=CARTESIAN_POINT('Ctrl Pts',(5.9091790097581,-1.02336083420999,54.8901901408314));
#7162=CARTESIAN_POINT('Ctrl Pts',(5.65488659505571,-1.99697810789702,54.8442517106421));
#7163=CARTESIAN_POINT('Ctrl Pts',(5.18467579772541,-2.85182953308411,54.7983132804528));
#7164=CARTESIAN_POINT('Ctrl Pts',(4.71446500039511,-3.70668095827119,54.7523748502636));
#7165=CARTESIAN_POINT('Ctrl Pts',(4.0283358204369,-4.44276653495833,54.7064364200743));
#7166=CARTESIAN_POINT('Ctrl Pts',(3.20858359306557,-4.97179908479825,54.660497989885));
#7167=CARTESIAN_POINT('Ctrl Pts',(2.38883136569424,-5.50083163463817,54.6145595596957));
#7168=CARTESIAN_POINT('Ctrl Pts',(1.43545609090978,-5.82281115763088,54.5686211295065));
#7169=CARTESIAN_POINT('Ctrl Pts',(0.462806990572498,-5.89911895987592,54.5226826993172));
#7170=CARTESIAN_POINT('Ctrl Pts',(-0.509842109764769,-5.97542676212095,
54.4767442691279));
#7171=CARTESIAN_POINT('Ctrl Pts',(-1.50176503565486,-5.80606284361832,54.4308058389386));
#7172=CARTESIAN_POINT('Ctrl Pts',(-2.39398910370553,-5.41134095993124,54.3848674087493));
#7173=CARTESIAN_POINT('Ctrl Pts',(-3.28621317175621,-5.01661907624415,54.33892897856));
#7174=CARTESIAN_POINT('Ctrl Pts',(-4.07873838196747,-4.39653922737261,54.2929905483708));
#7175=CARTESIAN_POINT('Ctrl Pts',(-4.67650810397638,-3.62547469536522,54.2470521181815));
#7176=CARTESIAN_POINT('Ctrl Pts',(-5.2742778259853,-2.85441016335783,54.2011136879922));
#7177=CARTESIAN_POINT('Ctrl Pts',(-5.67729205979188,-1.93236094821459,54.1551752578029));
#7178=CARTESIAN_POINT('Ctrl Pts',(-5.8372126900146,-0.969918978483665,54.1092368276136));
#7179=CARTESIAN_POINT('Ctrl Pts',(-5.8904290709194,-0.649649614933569,54.093950013175));
#7180=CARTESIAN_POINT('Ctrl Pts',(-5.91672668140407,-0.324907392898708,
54.0786631987364));
#7181=CARTESIAN_POINT('Ctrl Pts',(-5.91647312027023,-0.000124531499895719,
54.0633763842978));
#7182=CARTESIAN_POINT('Ctrl Pts',(-5.91645078850807,-0.000119631401638507,
53.811625999888));
#7183=CARTESIAN_POINT('Ctrl Pts',(-5.91670012694634,-0.334416407594187,
53.8273604425895));
#7184=CARTESIAN_POINT('Ctrl Pts',(-5.88883186080362,-0.668672057219675,
53.843094885291));
#7185=CARTESIAN_POINT('Ctrl Pts',(-5.83246845160071,-0.998051619829041,
53.8588293279924));
#7186=CARTESIAN_POINT('Ctrl Pts',(-5.66790930018858,-1.95971135762745,53.9047677581817));
#7187=CARTESIAN_POINT('Ctrl Pts',(-5.26045412134282,-2.87980674310326,53.950706188371));
#7188=CARTESIAN_POINT('Ctrl Pts',(-4.65897368387452,-3.64798019289083,53.9966446185603));
#7189=CARTESIAN_POINT('Ctrl Pts',(-4.05749324640622,-4.4161536426784,54.0425830487496));
#7190=CARTESIAN_POINT('Ctrl Pts',(-3.26198755031538,-5.03240515677772,54.0885214789388));
#7191=CARTESIAN_POINT('Ctrl Pts',(-2.36787070979106,-5.42282062919971,54.1344599091281));
#7192=CARTESIAN_POINT('Ctrl Pts',(-1.47375386926673,-5.8132361016217,54.1803983393174));
#7193=CARTESIAN_POINT('Ctrl Pts',(-0.481025884308912,-5.97781553236636,
54.2263367695067));
#7194=CARTESIAN_POINT('Ctrl Pts',(0.491244001730555,-5.89681902431502,54.2722751996959));
#7195=CARTESIAN_POINT('Ctrl Pts',(1.46351388777002,-5.81582251626367,54.3182136298852));
#7196=CARTESIAN_POINT('Ctrl Pts',(2.41532567489114,-5.48925006941634,54.3641520600745));
#7197=CARTESIAN_POINT('Ctrl Pts',(3.23251766822581,-4.95627125966365,54.4100904902638));
#7198=CARTESIAN_POINT('Ctrl Pts',(4.04970966156048,-4.42329244991097,54.4560289204531));
#7199=CARTESIAN_POINT('Ctrl Pts',(4.73228186110871,-3.68390727725294,54.5019673506424));
#7200=CARTESIAN_POINT('Ctrl Pts',(5.19836556107729,-2.82679867839321,54.5479057808316));
#7201=CARTESIAN_POINT('Ctrl Pts',(5.66444926104587,-1.96969007953347,54.5938442110209));
#7202=CARTESIAN_POINT('Ctrl Pts',(5.91404446143481,-0.994858054472029,54.6397826412102));
#7203=CARTESIAN_POINT('Ctrl Pts',(5.91721434963799,-0.0192253790124231,
54.6857210713995));
#7204=CARTESIAN_POINT('Ctrl Pts',(5.92038423784117,0.956407296447183,54.7316595015888));
#7205=CARTESIAN_POINT('Ctrl Pts',(5.67712881385859,1.93284062230495,54.7775979317781));
#7206=CARTESIAN_POINT('Ctrl Pts',(5.21662448826161,2.79295976040279,54.8235363619673));
#7207=CARTESIAN_POINT('Ctrl Pts',(4.75612016266464,3.65307889850062,54.8694747921566));
#7208=CARTESIAN_POINT('Ctrl Pts',(4.07836693545328,4.39688384883852,54.9154132223459));
#7209=CARTESIAN_POINT('Ctrl Pts',(3.26465551784558,4.93516156012752,54.9613516525351));
#7210=CARTESIAN_POINT('Ctrl Pts',(2.45094410023788,5.47343927141653,55.0072900827244));
#7211=CARTESIAN_POINT('Ctrl Pts',(1.50127449223381,5.80618974365666,55.0532285129137));
#7212=CARTESIAN_POINT('Ctrl Pts',(0.529551452611836,5.89350239957503,55.099166943103));
#7213=CARTESIAN_POINT('Ctrl Pts',(-0.442171587010148,5.98081505549341,55.1451053732923));
#7214=CARTESIAN_POINT('Ctrl Pts',(-1.43594805825003,5.82268989509004,55.1910438034816));
#7215=CARTESIAN_POINT('Ctrl Pts',(-2.33258296078119,5.43809268087932,55.2369822336709));
#7216=CARTESIAN_POINT('Ctrl Pts',(-3.22921786331234,5.0534954666686,55.2829206638601));
#7217=CARTESIAN_POINT('Ctrl Pts',(-4.02871119713475,4.44242619865054,55.3288590940494));
#7218=CARTESIAN_POINT('Ctrl Pts',(-4.63517056496996,3.67817741665569,55.3747975242387));
#7219=CARTESIAN_POINT('Ctrl Pts',(-5.24162993280518,2.91392863466085,55.4207359544279));
#7220=CARTESIAN_POINT('Ctrl Pts',(-5.65505533465319,1.99650033868921,55.4666743846172));
#7221=CARTESIAN_POINT('Ctrl Pts',(-5.82585992444303,1.0359302174995,55.5126128148065));
#7222=CARTESIAN_POINT('Ctrl Pts',(-5.88660555678645,0.69430919025627,55.528950543167));
#7223=CARTESIAN_POINT('Ctrl Pts',(-5.91666385986452,0.347231469564754,55.5452882715275));
#7224=CARTESIAN_POINT('Ctrl Pts',(-5.91642230400235,0.000112386138709494,
55.561625999888));
#7225=CARTESIAN_POINT('Origin',(0.,0.,55.5000012740493));
#7226=CARTESIAN_POINT('',(-5.91719077400072,6.14717925959477E-5,57.5633763842978));
#7227=CARTESIAN_POINT('',(-5.91720552834781,5.25805225426016E-5,57.311625999888));
#7228=CARTESIAN_POINT('',(-5.91675,-7.2459289488551E-16,55.5000012740493));
#7229=CARTESIAN_POINT('Ctrl Pts',(-5.91719077400072,6.14717925959477E-5,
57.5633763842978));
#7230=CARTESIAN_POINT('Ctrl Pts',(-5.91722424540989,0.0620587723355479,
57.5604572868017));
#7231=CARTESIAN_POINT('Ctrl Pts',(-5.9162698229841,0.124055040486791,57.5575381893057));
#7232=CARTESIAN_POINT('Ctrl Pts',(-5.91432087076846,0.186020028214881,57.5546190918096));
#7233=CARTESIAN_POINT('Ctrl Pts',(-5.88364981390195,1.16117562571677,57.5086806616204));
#7234=CARTESIAN_POINT('Ctrl Pts',(-5.60667394520152,2.12858432733112,57.4627422314311));
#7235=CARTESIAN_POINT('Ctrl Pts',(-5.11661415459671,2.97221372149904,57.4168038012418));
#7236=CARTESIAN_POINT('Ctrl Pts',(-4.62655436399191,3.81584311566694,57.3708653710525));
#7237=CARTESIAN_POINT('Ctrl Pts',(-3.92341065148274,4.53569320238841,57.3249269408632));
#7238=CARTESIAN_POINT('Ctrl Pts',(-3.09151910014737,5.04542411167924,57.278988510674));
#7239=CARTESIAN_POINT('Ctrl Pts',(-2.25962754881198,5.55515502097007,57.2330500804847));
#7240=CARTESIAN_POINT('Ctrl Pts',(-1.29898815865039,5.85476675283027,57.1871116502954));
#7241=CARTESIAN_POINT('Ctrl Pts',(-0.324821420124094,5.90832343887163,57.1411732201062));
#7242=CARTESIAN_POINT('Ctrl Pts',(0.64934531840219,5.96188012491298,57.0952347899169));
#7243=CARTESIAN_POINT('Ctrl Pts',(1.63703940529318,5.76938176513551,57.0492963597276));
#7244=CARTESIAN_POINT('Ctrl Pts',(2.51979537027856,5.35391689375286,57.0033579295383));
#7245=CARTESIAN_POINT('Ctrl Pts',(3.40255133526395,4.93845202237021,56.957419499349));
#7246=CARTESIAN_POINT('Ctrl Pts',(4.18036917834374,4.30002063938237,56.9114810691597));
#7247=CARTESIAN_POINT('Ctrl Pts',(4.75995629223311,3.51519713662281,56.8655426389704));
#7248=CARTESIAN_POINT('Ctrl Pts',(5.33954340612248,2.73037363386325,56.8196042087812));
#7249=CARTESIAN_POINT('Ctrl Pts',(5.72089979082143,1.79915801133197,56.7736657785919));
#7250=CARTESIAN_POINT('Ctrl Pts',(5.8582850049791,0.833241629857227,56.7277273484026));
#7251=CARTESIAN_POINT('Ctrl Pts',(5.99567021913677,-0.132674751617515,56.6817889182133));
#7252=CARTESIAN_POINT('Ctrl Pts',(5.88908426275315,-1.13329189203571,56.635850488024));
#7253=CARTESIAN_POINT('Ctrl Pts',(5.5513112109936,-2.0485943112259,56.5899120578348));
#7254=CARTESIAN_POINT('Ctrl Pts',(5.21353815923405,-2.9638967304161,56.5439736276455));
#7255=CARTESIAN_POINT('Ctrl Pts',(4.64457801209857,-3.79388442837828,56.4980351974562));
#7256=CARTESIAN_POINT('Ctrl Pts',(3.91267268000299,-4.43900746929407,56.4520967672669));
#7257=CARTESIAN_POINT('Ctrl Pts',(3.18076734790741,-5.08413051020986,56.4061583370777));
#7258=CARTESIAN_POINT('Ctrl Pts',(2.28591683085172,-5.54438889407927,56.3602199068884));
#7259=CARTESIAN_POINT('Ctrl Pts',(1.33545080584032,-5.76457855861734,56.3142814766991));
#7260=CARTESIAN_POINT('Ctrl Pts',(0.384984780828909,-5.98476822315541,56.2683430465098));
#7261=CARTESIAN_POINT('Ctrl Pts',(-0.621096752138218,-5.96488916836214,
56.2224046163205));
#7262=CARTESIAN_POINT('Ctrl Pts',(-1.56212290567222,-5.7073257170819,56.1764661861312));
#7263=CARTESIAN_POINT('Ctrl Pts',(-2.50314905920622,-5.44976226580166,56.130527755942));
#7264=CARTESIAN_POINT('Ctrl Pts',(-3.37911983330711,-4.95451441803445,56.0845893257527));
#7265=CARTESIAN_POINT('Ctrl Pts',(-4.08497001489447,-4.28098292343048,56.0386508955634));
#7266=CARTESIAN_POINT('Ctrl Pts',(-4.79082019648184,-3.6074514288265,55.9927124653741));
#7267=CARTESIAN_POINT('Ctrl Pts',(-5.3265497855557,-2.75563628738576,55.9467740351848));
#7268=CARTESIAN_POINT('Ctrl Pts',(-5.62790259333248,-1.82770545035347,55.9008356049956));
#7269=CARTESIAN_POINT('Ctrl Pts',(-5.81914466534528,-1.23882951696554,55.8716825314296));
#7270=CARTESIAN_POINT('Ctrl Pts',(-5.91599565151082,-0.619299339086557,
55.8425294578637));
#7271=CARTESIAN_POINT('Ctrl Pts',(-5.91640243670646,0.000106561052323068,
55.8133763842978));
#7272=CARTESIAN_POINT('Ctrl Pts',(-5.91642230400235,0.000112386138709494,
55.561625999888));
#7273=CARTESIAN_POINT('Ctrl Pts',(-5.91598465300868,-0.628798087879362,
55.5912267017168));
#7274=CARTESIAN_POINT('Ctrl Pts',(-5.81608406455393,-1.25784434005685,55.6208274035456));
#7275=CARTESIAN_POINT('Ctrl Pts',(-5.61902500014904,-1.85481894600523,55.6504281053744));
#7276=CARTESIAN_POINT('Ctrl Pts',(-5.31320170833354,-2.78128604191248,55.6963665355636));
#7277=CARTESIAN_POINT('Ctrl Pts',(-4.77337134697085,-3.63050828731919,55.7423049657529));
#7278=CARTESIAN_POINT('Ctrl Pts',(-4.06428195745773,-4.30062872671467,55.7882433959422));
#7279=CARTESIAN_POINT('Ctrl Pts',(-3.35519256794461,-4.97074916611016,55.8341818261315));
#7280=CARTESIAN_POINT('Ctrl Pts',(-2.47684415028106,-5.46176779949442,55.8801202563207));
#7281=CARTESIAN_POINT('Ctrl Pts',(-1.53458709558643,-5.71479113536265,55.92605868651));
#7282=CARTESIAN_POINT('Ctrl Pts',(-0.592330040891801,-5.96781447123088,
55.9719971166993));
#7283=CARTESIAN_POINT('Ctrl Pts',(0.413835650833927,-5.98284250958309,56.0179355468886));
#7284=CARTESIAN_POINT('Ctrl Pts',(1.36322899807756,-5.75807276556665,56.0638739770779));
#7285=CARTESIAN_POINT('Ctrl Pts',(2.31262234532119,-5.53330302155022,56.1098124072672));
#7286=CARTESIAN_POINT('Ctrl Pts',(3.20524334808274,-5.06873549516514,56.1557508374564));
#7287=CARTESIAN_POINT('Ctrl Pts',(3.93402974055611,-4.42009109353868,56.2016892676457));
#7288=CARTESIAN_POINT('Ctrl Pts',(4.66281613302947,-3.77144669191223,56.247627697835));
#7289=CARTESIAN_POINT('Ctrl Pts',(5.22776791521465,-2.93872541504441,56.2935661280243));
#7290=CARTESIAN_POINT('Ctrl Pts',(5.561123945838,-2.02180506819702,56.3395045582136));
#7291=CARTESIAN_POINT('Ctrl Pts',(5.89447997646135,-1.10488472134963,56.3854429884028));
#7292=CARTESIAN_POINT('Ctrl Pts',(5.99624025552287,-0.103765304522686,56.4313814185921));
#7293=CARTESIAN_POINT('Ctrl Pts',(5.85419950663797,0.861477458346796,56.4773198487814));
#7294=CARTESIAN_POINT('Ctrl Pts',(5.71215875775308,1.82672022121626,56.5232582789707));
#7295=CARTESIAN_POINT('Ctrl Pts',(5.32631698092178,2.75608633012827,56.56919670916));
#7296=CARTESIAN_POINT('Ctrl Pts',(4.74295260197364,3.5381062576174,56.6151351393492));
#7297=CARTESIAN_POINT('Ctrl Pts',(4.15958822302548,4.32012618510657,56.6610735695385));
#7298=CARTESIAN_POINT('Ctrl Pts',(3.37870124196047,4.95479993117285,56.7070119997278));
#7299=CARTESIAN_POINT('Ctrl Pts',(2.49395238295232,5.36600380043906,56.7529504299171));
#7300=CARTESIAN_POINT('Ctrl Pts',(1.60920352394419,5.77720766970526,56.7988888601064));
#7301=CARTESIAN_POINT('Ctrl Pts',(0.620592786992904,5.96494166217139,56.8448272902956));
#7302=CARTESIAN_POINT('Ctrl Pts',(-0.353304413284537,5.90668868879287,56.8907657204849));
#7303=CARTESIAN_POINT('Ctrl Pts',(-1.32720161356199,5.84843571541434,56.9367041506742));
#7304=CARTESIAN_POINT('Ctrl Pts',(-2.28638527716561,5.54419577619117,56.9826425808635));
#7305=CARTESIAN_POINT('Ctrl Pts',(-3.1158095156031,5.03045985345645,57.0285810110528));
#7306=CARTESIAN_POINT('Ctrl Pts',(-3.94523375404058,4.51672393072174,57.074519441242));
#7307=CARTESIAN_POINT('Ctrl Pts',(-4.64489856731193,3.79349202447551,57.1204578714313));
#7308=CARTESIAN_POINT('Ctrl Pts',(-5.1308851365882,2.94750962507305,57.1663963016206));
#7309=CARTESIAN_POINT('Ctrl Pts',(-5.61687170586448,2.10152722567057,57.2123347318099));
#7310=CARTESIAN_POINT('Ctrl Pts',(-5.88918003114567,1.13279433311187,57.2582731619992));
#7311=CARTESIAN_POINT('Ctrl Pts',(-5.91514905447748,0.15750218434673,57.3042115921884));
#7312=CARTESIAN_POINT('Ctrl Pts',(-5.91654617758151,0.105031855493317,57.3066830614216));
#7313=CARTESIAN_POINT('Ctrl Pts',(-5.91723029692167,0.052542541547691,57.3091545306548));
#7314=CARTESIAN_POINT('Ctrl Pts',(-5.91720552834781,5.25805225426016E-5,
57.311625999888));
#7315=CARTESIAN_POINT('Origin',(0.,0.,55.5000012740493));
#7316=CARTESIAN_POINT('',(-5.91673095236919,-0.000147569754957444,59.3133763842978));
#7317=CARTESIAN_POINT('',(-5.91670202907252,-0.00014743887765539,59.061625999888));
#7318=CARTESIAN_POINT('',(-5.91675,-7.2459289488551E-16,55.5000012740493));
#7319=CARTESIAN_POINT('Ctrl Pts',(-5.91673095236919,-0.000147569754957444,
59.3133763842978));
#7320=CARTESIAN_POINT('Ctrl Pts',(-5.91599061739214,0.743181998745297,59.2783851157398));
#7321=CARTESIAN_POINT('Ctrl Pts',(-5.77542466353983,1.48678368307659,59.2433938471818));
#7322=CARTESIAN_POINT('Ctrl Pts',(-5.50192061349677,2.17776592896557,59.2084025786237));
#7323=CARTESIAN_POINT('Ctrl Pts',(-5.14284970160469,3.08492479953267,59.1624641484345));
#7324=CARTESIAN_POINT('Ctrl Pts',(-4.55464856516393,3.90138954936697,59.1165257182452));
#7325=CARTESIAN_POINT('Ctrl Pts',(-3.80786694245021,4.5292321816492,59.0705872880559));
#7326=CARTESIAN_POINT('Ctrl Pts',(-3.06108531973651,5.15707481393141,59.0246488578666));
#7327=CARTESIAN_POINT('Ctrl Pts',(-2.15572321074987,5.59629532866157,58.9787104276773));
#7328=CARTESIAN_POINT('Ctrl Pts',(-1.20037105108607,5.79421298741119,58.9327719974881));
#7329=CARTESIAN_POINT('Ctrl Pts',(-0.245018891422243,5.99213064616083,58.8868335672988));
#7330=CARTESIAN_POINT('Ctrl Pts',(0.760323318918747,5.94874544892992,58.8408951371095));
#7331=CARTESIAN_POINT('Ctrl Pts',(1.69507335976443,5.6692610742401,58.7949567069202));
#7332=CARTESIAN_POINT('Ctrl Pts',(2.62982340061009,5.38977669955028,58.7490182767309));
#7333=CARTESIAN_POINT('Ctrl Pts',(3.49398127196044,4.87419314740158,58.7030798465417));
#7334=CARTESIAN_POINT('Ctrl Pts',(4.18389862148443,4.18435026408131,58.6571414163524));
#7335=CARTESIAN_POINT('Ctrl Pts',(4.87381597100841,3.49450738076104,58.6112029861631));
#7336=CARTESIAN_POINT('Ctrl Pts',(5.38949279870603,2.63040516626921,58.5652645559738));
#7337=CARTESIAN_POINT('Ctrl Pts',(5.66907807135771,1.6956853000867,58.5193261257846));
#7338=CARTESIAN_POINT('Ctrl Pts',(5.94866334400939,0.760965433904181,58.4733876955953));
#7339=CARTESIAN_POINT('Ctrl Pts',(5.99215706161513,-0.244372083969021,58.427449265406));
#7340=CARTESIAN_POINT('Ctrl Pts',(5.79434252512303,-1.1997456038046,58.3815108352167));
#7341=CARTESIAN_POINT('Ctrl Pts',(5.59652798863094,-2.15511912364017,58.3355724050274));
#7342=CARTESIAN_POINT('Ctrl Pts',(5.157405198041,-3.06052864543812,58.2896339748381));
#7343=CARTESIAN_POINT('Ctrl Pts',(4.52964318129401,-3.80737803004144,58.2436955446489));
#7344=CARTESIAN_POINT('Ctrl Pts',(3.90188116454702,-4.55422741464476,58.1977571144596));
#7345=CARTESIAN_POINT('Ctrl Pts',(3.08547992164298,-5.14251666205345,58.1518186842703));
#7346=CARTESIAN_POINT('Ctrl Pts',(2.17835980936343,-5.50168550121731,58.105880254081));
#7347=CARTESIAN_POINT('Ctrl Pts',(1.27123969708387,-5.86085434038118,58.0599418238917));
#7348=CARTESIAN_POINT('Ctrl Pts',(0.273400715428801,-5.99090277130021,58.0140033937024));
#7349=CARTESIAN_POINT('Ctrl Pts',(-0.695474871948685,-5.8762325954372,57.9680649635132));
#7350=CARTESIAN_POINT('Ctrl Pts',(-1.66435045932617,-5.76156241957419,57.9221265333239));
#7351=CARTESIAN_POINT('Ctrl Pts',(-2.60426265242607,-5.40217363692915,57.8761881031346));
#7352=CARTESIAN_POINT('Ctrl Pts',(-3.40247701100505,-4.84117186257025,57.8302496729453));
#7353=CARTESIAN_POINT('Ctrl Pts',(-4.20069136958403,-4.28017008821136,57.7843112427561));
#7354=CARTESIAN_POINT('Ctrl Pts',(-4.85720789364209,-3.51755532213861,57.7383728125668));
#7355=CARTESIAN_POINT('Ctrl Pts',(-5.29328303315483,-2.64479669240752,57.6924343823775));
#7356=CARTESIAN_POINT('Ctrl Pts',(-5.70164834796097,-1.82749636893998,57.6494150496843));
#7357=CARTESIAN_POINT('Ctrl Pts',(-5.91669749904544,-0.913605338496842,
57.606395716991));
#7358=CARTESIAN_POINT('Ctrl Pts',(-5.91719077400072,6.14717925959477E-5,
57.5633763842978));
#7359=CARTESIAN_POINT('Ctrl Pts',(-5.91720552834781,5.25805225426016E-5,
57.311625999888));
#7360=CARTESIAN_POINT('Ctrl Pts',(-5.91676991109703,-0.923114520176334,
57.3550929608441));
#7361=CARTESIAN_POINT('Ctrl Pts',(-5.69706101571805,-1.84648177557547,57.3985599218002));
#7362=CARTESIAN_POINT('Ctrl Pts',(-5.28046975146122,-2.67028734009347,57.4420268827563));
#7363=CARTESIAN_POINT('Ctrl Pts',(-4.84019170373072,-3.54093331079702,57.4879653129456));
#7364=CARTESIAN_POINT('Ctrl Pts',(-4.18000588688728,-4.30037384723253,57.5339037431349));
#7365=CARTESIAN_POINT('Ctrl Pts',(-3.37909595131099,-4.8575205430953,57.5798421733241));
#7366=CARTESIAN_POINT('Ctrl Pts',(-2.57818601573471,-5.41466723895806,57.6257806035134));
#7367=CARTESIAN_POINT('Ctrl Pts',(-1.63655196142558,-5.76952009424807,57.6717190337027));
#7368=CARTESIAN_POINT('Ctrl Pts',(-0.667134751123722,-5.8795175396119,57.717657463892));
#7369=CARTESIAN_POINT('Ctrl Pts',(0.302282459178118,-5.98951498497572,57.7635958940812));
#7370=CARTESIAN_POINT('Ctrl Pts',(1.29948282547268,-5.85465702041337,57.8095343242706));
#7371=CARTESIAN_POINT('Ctrl Pts',(2.20486068046208,-5.49111870701336,57.8554727544598));
#7372=CARTESIAN_POINT('Ctrl Pts',(3.1102385354515,-5.12758039361335,57.9014111846491));
#7373=CARTESIAN_POINT('Ctrl Pts',(3.92379387913577,-4.53536173137569,57.9473496148383));
#7374=CARTESIAN_POINT('Ctrl Pts',(4.54794769625364,-3.78549429096089,57.9932880450276));
#7375=CARTESIAN_POINT('Ctrl Pts',(5.1721015133715,-3.03562685054609,58.0392264752169));
#7376=CARTESIAN_POINT('Ctrl Pts',(5.60685380392297,-2.12811063195416,58.0851649054062));
#7377=CARTESIAN_POINT('Ctrl Pts',(5.80005974367458,-1.17179445491929,58.1311033355955));
#7378=CARTESIAN_POINT('Ctrl Pts',(5.99326568342618,-0.215478277884421,58.1770417657848));
#7379=CARTESIAN_POINT('Ctrl Pts',(5.94492527237792,0.789637857593396,58.222980195974));
#7380=CARTESIAN_POINT('Ctrl Pts',(5.66083652999355,1.72299885531449,58.2689186261633));
#7381=CARTESIAN_POINT('Ctrl Pts',(5.37674778760919,2.65635985303559,58.3148570563526));
#7382=CARTESIAN_POINT('Ctrl Pts',(4.85691071388873,3.51796571299996,58.3607954865419));
#7383=CARTESIAN_POINT('Ctrl Pts',(4.16367532610442,4.20447417088249,58.4067339167312));
#7384=CARTESIAN_POINT('Ctrl Pts',(3.47043993832011,4.89098262876502,58.4526723469205));
#7385=CARTESIAN_POINT('Ctrl Pts',(2.60380623647194,5.40239368456571,58.4986107771097));
#7386=CARTESIAN_POINT('Ctrl Pts',(1.66771953162041,5.67736794989657,58.544549207299));
#7387=CARTESIAN_POINT('Ctrl Pts',(0.731632826768881,5.95234221522743,58.5904876374883));
#7388=CARTESIAN_POINT('Ctrl Pts',(-0.273906881086013,5.99087969008847,58.6364260676776));
#7389=CARTESIAN_POINT('Ctrl Pts',(-1.22829369196054,5.78835813345323,58.6823644978669));
#7390=CARTESIAN_POINT('Ctrl Pts',(-2.18268050283506,5.58583657681801,58.7283029280561));
#7391=CARTESIAN_POINT('Ctrl Pts',(-3.08591441672922,5.14225598868652,58.7742413582454));
#7392=CARTESIAN_POINT('Ctrl Pts',(-3.8296602395571,4.51082007228262,58.8201797884347));
#7393=CARTESIAN_POINT('Ctrl Pts',(-4.57340606238499,3.87938415587872,58.866118218624));
#7394=CARTESIAN_POINT('Ctrl Pts',(-5.1576637941466,3.06009291120241,58.9120566488133));
#7395=CARTESIAN_POINT('Ctrl Pts',(-5.51235671027747,2.15121332564585,58.9579950790026));
#7396=CARTESIAN_POINT('Ctrl Pts',(-5.77906988396627,1.46777661817204,58.9925387192977));
#7397=CARTESIAN_POINT('Ctrl Pts',(-5.91597871234876,0.733683385206347,59.0270823595929));
#7398=CARTESIAN_POINT('Ctrl Pts',(-5.91670202907252,-0.00014743887765539,
59.061625999888));
#7399=CARTESIAN_POINT('Origin',(0.,0.,55.5000012740493));
#7400=CARTESIAN_POINT('',(-5.91675,-7.2459289488551E-16,61.0000013560057));
#7401=CARTESIAN_POINT('',(-5.91628154096056,4.43138918205904E-5,60.811625999888));
#7402=CARTESIAN_POINT('',(-5.91675,-7.2459289488551E-16,55.5000012740493));
#7403=CARTESIAN_POINT('',(-5.76423990651252,1.33471677245343,61.0000013560057));
#7404=CARTESIAN_POINT('Origin',(0.,0.,61.0000013560057));
#7405=CARTESIAN_POINT('Ctrl Pts',(-5.76423990651252,1.33471677245343,61.0000013560057));
#7406=CARTESIAN_POINT('Ctrl Pts',(-5.54409578753494,2.28545294508882,60.9540629258164));
#7407=CARTESIAN_POINT('Ctrl Pts',(-5.08430443401827,3.18021248064761,60.9081244956271));
#7408=CARTESIAN_POINT('Ctrl Pts',(-4.43939426242564,3.91215286563611,60.8621860654378));
#7409=CARTESIAN_POINT('Ctrl Pts',(-3.79448409083301,4.6440932506246,60.8162476352486));
#7410=CARTESIAN_POINT('Ctrl Pts',(-2.96445510116443,5.21321448504281,60.7703092050593));
#7411=CARTESIAN_POINT('Ctrl Pts',(-2.04916398697608,5.55110532726071,60.72437077487));
#7412=CARTESIAN_POINT('Ctrl Pts',(-1.13387287278772,5.88899616947863,60.6784323446807));
#7413=CARTESIAN_POINT('Ctrl Pts',(-0.133319634079585,5.99565661949623,60.6324939144914));
#7414=CARTESIAN_POINT('Ctrl Pts',(0.83259775522649,5.85836699467782,60.5865554843022));
#7415=CARTESIAN_POINT('Ctrl Pts',(1.79851514453254,5.72107736985941,60.5406170541129));
#7416=CARTESIAN_POINT('Ctrl Pts',(2.72979668443653,5.339837670205,60.4946786239236));
#7417=CARTESIAN_POINT('Ctrl Pts',(3.51468915535822,4.76033947272456,60.4487401937343));
#7418=CARTESIAN_POINT('Ctrl Pts',(4.29958162627992,4.18084127524412,60.4028017635451));
#7419=CARTESIAN_POINT('Ctrl Pts',(4.93808502821932,3.40308457993764,60.3568633333558));
#7420=CARTESIAN_POINT('Ctrl Pts',(5.35364208461759,2.52037144999348,60.3109249031665));
#7421=CARTESIAN_POINT('Ctrl Pts',(5.76919914101587,1.63765832004932,60.2649864729772));
#7422=CARTESIAN_POINT('Ctrl Pts',(5.96180985187301,0.649988755467473,60.2190480427879));
#7423=CARTESIAN_POINT('Ctrl Pts',(5.90835980862235,-0.324182788396569,60.1731096125986));
#7424=CARTESIAN_POINT('Ctrl Pts',(5.85490976537169,-1.29835433226061,60.1271711824093));
#7425=CARTESIAN_POINT('Ctrl Pts',(5.55539896801321,-2.25902785540685,60.0812327522201));
#7426=CARTESIAN_POINT('Ctrl Pts',(5.0457571413108,-3.09097488978524,60.0352943220308));
#7427=CARTESIAN_POINT('Ctrl Pts',(4.53611531460839,-3.92292192416363,59.9893558918415));
#7428=CARTESIAN_POINT('Ctrl Pts',(3.81634245856205,-4.62614246977417,59.9434174616522));
#7429=CARTESIAN_POINT('Ctrl Pts',(2.97276631186595,-5.11629309608823,59.897479031463));
#7430=CARTESIAN_POINT('Ctrl Pts',(2.12919016516985,-5.60644372240229,59.8515406012737));
#7431=CARTESIAN_POINT('Ctrl Pts',(1.161810727824,-5.88352442941988,59.8056021710844));
#7432=CARTESIAN_POINT('Ctrl Pts',(0.186658280959634,-5.91430085422616,59.7596637408951));
#7433=CARTESIAN_POINT('Ctrl Pts',(-0.7884941659047,-5.94507727903244,59.7137253107058));
#7434=CARTESIAN_POINT('Ctrl Pts',(-1.77141962228754,-5.72954942162743,59.6677868805166));
#7435=CARTESIAN_POINT('Ctrl Pts',(-2.64422523800286,-5.29356843997686,59.6218484503273));
#7436=CARTESIAN_POINT('Ctrl Pts',(-3.51703085371822,-4.85758745832626,59.575910020138));
#7437=CARTESIAN_POINT('Ctrl Pts',(-4.27971662876605,-4.20115335243009,59.5299715899487));
#7438=CARTESIAN_POINT('Ctrl Pts',(-4.84080459900025,-3.40299957909323,59.4840331597594));
#7439=CARTESIAN_POINT('Ctrl Pts',(-5.40189256923446,-2.60484580575638,59.4380947295702));
#7440=CARTESIAN_POINT('Ctrl Pts',(-5.76138273465505,-1.66497236497884,59.3921562993809));
#7441=CARTESIAN_POINT('Ctrl Pts',(-5.87615747369364,-0.696109148940117,
59.3462178691916));
#7442=CARTESIAN_POINT('Ctrl Pts',(-5.90350837824707,-0.465228333447351,
59.3352707075603));
#7443=CARTESIAN_POINT('Ctrl Pts',(-5.91696256919788,-0.232701268634854,
59.3243235459291));
#7444=CARTESIAN_POINT('Ctrl Pts',(-5.91673095236919,-0.000147569754957444,
59.3133763842978));
#7445=CARTESIAN_POINT('Ctrl Pts',(-5.91670202907252,-0.00014743887765539,
59.061625999888));
#7446=CARTESIAN_POINT('Ctrl Pts',(-5.91694062703219,-0.242213648079155,
59.0730207897821));
#7447=CARTESIAN_POINT('Ctrl Pts',(-5.90236061920134,-0.484251304068744,
59.0844155796763));
#7448=CARTESIAN_POINT('Ctrl Pts',(-5.87273296379283,-0.72443275292176,59.0958103695704));
#7449=CARTESIAN_POINT('Ctrl Pts',(-5.75328820067722,-1.692731319496,59.1417487997597));
#7450=CARTESIAN_POINT('Ctrl Pts',(-5.38927057394588,-2.63086052620766,59.1876872299489));
#7451=CARTESIAN_POINT('Ctrl Pts',(-4.82434089107913,-3.42629978775228,59.2336256601382));
#7452=CARTESIAN_POINT('Ctrl Pts',(-4.25941120821237,-4.2217390492969,59.2795640903275));
#7453=CARTESIAN_POINT('Ctrl Pts',(-3.4935694692102,-4.87448836567447,59.3255025205168));
#7454=CARTESIAN_POINT('Ctrl Pts',(-2.61867184566098,-5.30625602935188,59.3714409507061));
#7455=CARTESIAN_POINT('Ctrl Pts',(-1.74377422211178,-5.73802369302927,59.4173793808953));
#7456=CARTESIAN_POINT('Ctrl Pts',(-0.759820714015541,-5.94880970400651,
59.4633178110846));
#7457=CARTESIAN_POINT('Ctrl Pts',(0.215171849905161,-5.91333208438964,59.5092562412739));
#7458=CARTESIAN_POINT('Ctrl Pts',(1.19016441382588,-5.87785446477277,59.5551946714632));
#7459=CARTESIAN_POINT('Ctrl Pts',(2.15619603357105,-5.59611321456178,59.6011331016525));
#7460=CARTESIAN_POINT('Ctrl Pts',(2.99739948536954,-5.10190078239531,59.6470715318417));
#7461=CARTESIAN_POINT('Ctrl Pts',(3.83860293716802,-4.60768835022885,59.693009962031));
#7462=CARTESIAN_POINT('Ctrl Pts',(4.5549782210198,-3.9010047361069,59.7389483922203));
#7463=CARTESIAN_POINT('Ctrl Pts',(5.06060220123554,-3.06661062091901,59.7848868224096));
#7464=CARTESIAN_POINT('Ctrl Pts',(5.56622618145128,-2.23221650573113,59.8308252525989));
#7465=CARTESIAN_POINT('Ctrl Pts',(5.86109885803098,-1.27011188947731,59.8767636827881));
#7466=CARTESIAN_POINT('Ctrl Pts',(5.90985285213567,-0.295692968944911,59.9227021129774));
#7467=CARTESIAN_POINT('Ctrl Pts',(5.95860684624036,0.678725951587515,59.9686405431667));
#7468=CARTESIAN_POINT('Ctrl Pts',(5.76124215787003,1.66545917639852,60.014578973356));
#7469=CARTESIAN_POINT('Ctrl Pts',(5.34143082870309,2.54615640956715,60.0605174035453));
#7470=CARTESIAN_POINT('Ctrl Pts',(4.92161949953616,3.42685364273577,60.1064558337345));
#7471=CARTESIAN_POINT('Ctrl Pts',(4.27936152957263,4.20151488426202,60.1523942639238));
#7472=CARTESIAN_POINT('Ctrl Pts',(3.49169062457048,4.77722628576698,60.1983326941131));
#7473=CARTESIAN_POINT('Ctrl Pts',(2.70401971956834,5.35293768727194,60.2442711243024));
#7474=CARTESIAN_POINT('Ctrl Pts',(1.77093587952758,5.72969924875561,60.2902095544917));
#7475=CARTESIAN_POINT('Ctrl Pts',(0.804353819311544,5.86232132357382,60.336147984681));
#7476=CARTESIAN_POINT('Ctrl Pts',(-0.162228240904475,5.99494339839203,60.3820864148702));
#7477=CARTESIAN_POINT('Ctrl Pts',(-1.16230852129577,5.88342598654479,60.4280248450595));
#7478=CARTESIAN_POINT('Ctrl Pts',(-2.07593443045218,5.54114530447517,60.4739632752488));
#7479=CARTESIAN_POINT('Ctrl Pts',(-2.98956033960861,5.19886462240554,60.5199017054381));
#7480=CARTESIAN_POINT('Ctrl Pts',(-3.81673187753015,4.62582067011353,60.5658401356273));
#7481=CARTESIAN_POINT('Ctrl Pts',(-4.45824000861586,3.89074381270323,60.6117785658166));
#7482=CARTESIAN_POINT('Ctrl Pts',(-5.09974813970158,3.15566695529292,60.6577169960059));
#7483=CARTESIAN_POINT('Ctrl Pts',(-5.55559286395147,2.25855719276433,60.7036554261952));
#7484=CARTESIAN_POINT('Ctrl Pts',(-5.77109299910084,1.30701801376693,60.7495938563845));
#7485=CARTESIAN_POINT('Ctrl Pts',(-5.86809192609609,0.878720002293733,60.7702712375523));
#7486=CARTESIAN_POINT('Ctrl Pts',(-5.91639711496739,0.439394608170944,60.7909486187202));
#7487=CARTESIAN_POINT('Ctrl Pts',(-5.91628154096056,4.43138918205904E-5,
60.811625999888));
#7488=CARTESIAN_POINT('Origin',(0.,0.,46.7648606280836));
#7489=CARTESIAN_POINT('',(-4.91823416681282,-0.000122666150731935,59.8898606280837));
#7490=CARTESIAN_POINT('',(-4.9178605972585,3.68355597257786E-5,60.2351417561022));
#7491=CARTESIAN_POINT('',(-4.91825,-2.30720163608045E-14,46.7648606280836));
#7492=CARTESIAN_POINT('',(3.26716636493179,3.67642260630647,61.0000013560057));
#7493=CARTESIAN_POINT('Ctrl Pts',(-4.91823416681282,-0.000122666150732097,
59.8898606280837));
#7494=CARTESIAN_POINT('Ctrl Pts',(-4.91842669640554,-0.193431024542763,
59.9008077897149));
#7495=CARTESIAN_POINT('Ctrl Pts',(-4.8603120340745,-1.19781931543412,59.9576933815354));
#7496=CARTESIAN_POINT('Ctrl Pts',(-4.19145571852072,-2.94651885482156,60.0605174035453));
#7497=CARTESIAN_POINT('Ctrl Pts',(-2.28952679818666,-4.58348528469799,60.1983326941131));
#7498=CARTESIAN_POINT('Ctrl Pts',(0.161619418497356,-5.12095258584249,60.3361479846809));
#7499=CARTESIAN_POINT('Ctrl Pts',(2.57399813201045,-4.42998937768468,60.4739632752487));
#7500=CARTESIAN_POINT('Ctrl Pts',(4.36891401450504,-2.6763504128227,60.6117785658167));
#7501=CARTESIAN_POINT('Ctrl Pts',(5.11581170957833,-0.280694408150883,60.7495938563844));
#7502=CARTESIAN_POINT('Ctrl Pts',(4.66479624152326,2.03202355530653,60.8790014531142));
#7503=CARTESIAN_POINT('Ctrl Pts',(3.76206132393059,3.23572022098145,60.9624706196546));
#7504=CARTESIAN_POINT('Ctrl Pts',(3.26716636493179,3.67642260630647,61.0000013560057));
#7505=CARTESIAN_POINT('',(4.53868109676678,-1.89461261590646,61.0000013560057));
#7506=CARTESIAN_POINT('Origin',(0.,0.,61.0000013560057));
#7507=CARTESIAN_POINT('Ctrl Pts',(-4.9178605972585,3.68355597259867E-5,
60.2351417561022));
#7508=CARTESIAN_POINT('Ctrl Pts',(-4.91774323096236,-0.446126779938488,
60.2604028051236));
#7509=CARTESIAN_POINT('Ctrl Pts',(-4.74809715350975,-1.70374741591876,60.3316022843343));
#7510=CARTESIAN_POINT('Ctrl Pts',(-3.68927040403834,-3.55524780010968,60.4487401937344));
#7511=CARTESIAN_POINT('Ctrl Pts',(-1.55845022283605,-4.88069360006215,60.5865554843021));
#7512=CARTESIAN_POINT('Ctrl Pts',(0.946016651363572,-5.03542974283917,60.72437077487));
#7513=CARTESIAN_POINT('Ctrl Pts',(3.2239506842013,-3.98206801350384,60.8621860654378));
#7514=CARTESIAN_POINT('Ctrl Pts',(4.22618946278073,-2.64320885144438,60.9540629258164));
#7515=CARTESIAN_POINT('Ctrl Pts',(4.53868109676678,-1.89461261590646,61.0000013560057));
#7516=CARTESIAN_POINT('Origin',(0.,0.,46.7648606280836));
#7517=CARTESIAN_POINT('',(-4.9186163897797,5.10979244929139E-5,58.1398606280836));
#7518=CARTESIAN_POINT('',(-4.91821012455924,-0.000122557359976683,58.4851417561022));
#7519=CARTESIAN_POINT('',(-4.91825,-2.30720163608045E-14,46.7648606280836));
#7520=CARTESIAN_POINT('Ctrl Pts',(-4.9186163897797,5.10979244930203E-5,
58.1398606280836));
#7521=CARTESIAN_POINT('Ctrl Pts',(-4.91820635901134,-0.759426958391272,
58.1828799607769));
#7522=CARTESIAN_POINT('Ctrl Pts',(-4.54856096675636,-2.33030322887597,58.2718377236594));
#7523=CARTESIAN_POINT('Ctrl Pts',(-2.94606632594044,-4.19177362734319,58.4067339167312));
#7524=CARTESIAN_POINT('Ctrl Pts',(-0.602183378183517,-5.08799057765069,
58.544549207299));
#7525=CARTESIAN_POINT('Ctrl Pts',(1.88615307587911,-4.76368549697253,58.6823644978668));
#7526=CARTESIAN_POINT('Ctrl Pts',(3.92203362495395,-3.29665363434465,58.8201797884347));
#7527=CARTESIAN_POINT('Ctrl Pts',(5.01708529934559,-1.03881087577817,58.9579950790025));
#7528=CARTESIAN_POINT('Ctrl Pts',(4.90862390925081,1.46822486881803,59.0958103695704));
#7529=CARTESIAN_POINT('Ctrl Pts',(3.62266748495174,3.62305854427726,59.2336256601382));
#7530=CARTESIAN_POINT('Ctrl Pts',(1.46769501656847,4.90878236496703,59.371440950706));
#7531=CARTESIAN_POINT('Ctrl Pts',(-1.03935242975401,5.01697313504227,59.5092562412739));
#7532=CARTESIAN_POINT('Ctrl Pts',(-3.29707695378676,3.92167776347597,59.6470715318417));
#7533=CARTESIAN_POINT('Ctrl Pts',(-4.6473749554895,2.04736870172697,59.7739396607783));
#7534=CARTESIAN_POINT('Ctrl Pts',(-4.9176187694239,0.617763952394309,59.8548693595256));
#7535=CARTESIAN_POINT('Ctrl Pts',(-4.91823416681282,-0.000122666150732097,
59.8898606280837));
#7536=CARTESIAN_POINT('Ctrl Pts',(-4.91821012455924,-0.000122557359977116,
58.4851417561022));
#7537=CARTESIAN_POINT('Ctrl Pts',(-4.91840845715994,-0.201338112082657,
58.4965365459963));
#7538=CARTESIAN_POINT('Ctrl Pts',(-4.85742877575632,-1.21364066508242,58.5538697660797));
#7539=CARTESIAN_POINT('Ctrl Pts',(-4.17720037311665,-2.96669349793898,58.6571414163524));
#7540=CARTESIAN_POINT('Ctrl Pts',(-2.26740134518032,-4.59447107445007,58.7949567069202));
#7541=CARTESIAN_POINT('Ctrl Pts',(0.186308550215488,-5.12011351252271,58.9327719974881));
#7542=CARTESIAN_POINT('Ctrl Pts',(2.59532617668865,-4.41752818923704,59.0705872880559));
#7543=CARTESIAN_POINT('Ctrl Pts',(4.38176944696576,-2.65525328232601,59.2084025786238));
#7544=CARTESIAN_POINT('Ctrl Pts',(5.11710094225699,-0.256028524364086,59.3462178691915));
#7545=CARTESIAN_POINT('Ctrl Pts',(4.62492759781414,2.20461322132062,59.4840331597594));
#7546=CARTESIAN_POINT('Ctrl Pts',(3.02331255876071,4.13640566707367,59.6218484503273));
#7547=CARTESIAN_POINT('Ctrl Pts',(0.696457648744002,5.07594555794301,59.7596637408951));
#7548=CARTESIAN_POINT('Ctrl Pts',(-1.79746798899691,4.7978517509623,59.897479031463));
#7549=CARTESIAN_POINT('Ctrl Pts',(-3.86020669675841,3.36883746861463,60.0352943220307));
#7550=CARTESIAN_POINT('Ctrl Pts',(-4.78859578940733,1.54175277478401,60.1478485635772));
#7551=CARTESIAN_POINT('Ctrl Pts',(-4.91795666720554,0.365243170936146,60.2144643749343));
#7552=CARTESIAN_POINT('Ctrl Pts',(-4.9178605972585,3.68355597259867E-5,
60.2351417561022));
#7553=CARTESIAN_POINT('Origin',(0.,0.,46.7648606280836));
#7554=CARTESIAN_POINT('',(-4.91796109085758,8.85780025516433E-5,56.3898606280836));
#7555=CARTESIAN_POINT('',(-4.91862865420993,4.37071290143413E-5,56.7351417561022));
#7556=CARTESIAN_POINT('',(-4.91825,-2.30720163608045E-14,46.7648606280836));
#7557=CARTESIAN_POINT('Ctrl Pts',(-4.91796109085758,8.85780025518951E-5,
56.3898606280836));
#7558=CARTESIAN_POINT('Ctrl Pts',(-4.91762295399386,-0.514787505718814,
56.4190137016495));
#7559=CARTESIAN_POINT('Ctrl Pts',(-4.71025679601374,-1.8412540480413,56.4941052054048));
#7560=CARTESIAN_POINT('Ctrl Pts',(-3.53700923308984,-3.70672883072918,56.6151351393492));
#7561=CARTESIAN_POINT('Ctrl Pts',(-1.3525786285916,-4.94174098805258,56.7529504299171));
#7562=CARTESIAN_POINT('Ctrl Pts',(1.15631248537243,-4.99131389272338,56.890765720485));
#7563=CARTESIAN_POINT('Ctrl Pts',(3.38782398518693,-3.84355585167091,57.0285810110527));
#7564=CARTESIAN_POINT('Ctrl Pts',(4.80665437872175,-1.77379441397159,57.1663963016206));
#7565=CARTESIAN_POINT('Ctrl Pts',(5.0724504897542,0.721470005276375,57.3042115921885));
#7566=CARTESIAN_POINT('Ctrl Pts',(4.12145237133835,3.04366609376134,57.4420268827563));
#7567=CARTESIAN_POINT('Ctrl Pts',(2.18178822798577,4.63573867552324,57.5798421733241));
#7568=CARTESIAN_POINT('Ctrl Pts',(-0.281249643912642,5.1157767325523,57.717657463892));
#7569=CARTESIAN_POINT('Ctrl Pts',(-2.67682053029227,4.36862733454424,57.8554727544598));
#7570=CARTESIAN_POINT('Ctrl Pts',(-4.4302678944947,2.5735188599503,57.9932880450276));
#7571=CARTESIAN_POINT('Ctrl Pts',(-4.90536565498298,0.914119036527578,58.0880840029023));
#7572=CARTESIAN_POINT('Ctrl Pts',(-4.91864421261455,0.0515858464596006,
58.1369415305876));
#7573=CARTESIAN_POINT('Ctrl Pts',(-4.9186163897797,5.10979244930203E-5,
58.1398606280836));
#7574=CARTESIAN_POINT('Ctrl Pts',(-4.91862865420993,4.37071290144454E-5,
56.7351417561022));
#7575=CARTESIAN_POINT('Ctrl Pts',(-4.91826655093642,-0.767331387815416,
56.7786087170582));
#7576=CARTESIAN_POINT('Ctrl Pts',(-4.54261995965976,-2.34605564196493,56.8680141082036));
#7577=CARTESIAN_POINT('Ctrl Pts',(-2.92582161820139,-4.20592928423127,57.0033579295383));
#7578=CARTESIAN_POINT('Ctrl Pts',(-0.577644821342036,-5.09083487709734,
57.1411732201062));
#7579=CARTESIAN_POINT('Ctrl Pts',(1.90909910134944,-4.75453614001592,57.2789885106739));
#7580=CARTESIAN_POINT('Ctrl Pts',(3.93788275913882,-3.27770539566283,57.4168038012418));
#7581=CARTESIAN_POINT('Ctrl Pts',(5.02203560639691,-1.0146091137058,57.5546190918096));
#7582=CARTESIAN_POINT('Ctrl Pts',(4.90148789356227,1.49187456397896,57.6924343823775));
#7583=CARTESIAN_POINT('Ctrl Pts',(3.60515695791737,3.64048301664459,57.8302496729453));
#7584=CARTESIAN_POINT('Ctrl Pts',(1.44401044803538,4.91580177704095,57.9680649635132));
#7585=CARTESIAN_POINT('Ctrl Pts',(-1.06352950286197,5.01190365851403,58.105880254081));
#7586=CARTESIAN_POINT('Ctrl Pts',(-3.31594689265027,3.90573546098445,58.2436955446489));
#7587=CARTESIAN_POINT('Ctrl Pts',(-4.6524599470683,2.03157379507248,58.3701160453226));
#7588=CARTESIAN_POINT('Ctrl Pts',(-4.91760887345405,0.609868307650545,58.450598115807));
#7589=CARTESIAN_POINT('Ctrl Pts',(-4.91821012455924,-0.000122557359977116,
58.4851417561022));
#7590=CARTESIAN_POINT('Origin',(0.,0.,46.7648606280836));
#7591=CARTESIAN_POINT('',(-4.91801984599131,-0.000103515789796611,54.6398606280836));
#7592=CARTESIAN_POINT('',(-4.91797760538463,9.34200576442612E-5,54.9851417561022));
#7593=CARTESIAN_POINT('',(-4.91825,-2.30720163608045E-14,46.7648606280836));
#7594=CARTESIAN_POINT('Ctrl Pts',(-4.91801984599131,-0.000103515789796928,
54.6398606280836));
#7595=CARTESIAN_POINT('Ctrl Pts',(-4.91823061660803,-0.270076610491236,
54.6551474425223));
#7596=CARTESIAN_POINT('Ctrl Pts',(-4.83068040406344,-1.3512109811567,54.7163726871501));
#7597=CARTESIAN_POINT('Ctrl Pts',(-4.04919798237765,-3.13915094237764,54.8235363619673));
#7598=CARTESIAN_POINT('Ctrl Pts',(-2.07285770344673,-4.68545983664177,54.9613516525352));
#7599=CARTESIAN_POINT('Ctrl Pts',(0.400725731847465,-5.10780694891232,55.0991669431029));
#7600=CARTESIAN_POINT('Ctrl Pts',(2.7781819089085,-4.30487842110961,55.2369822336709));
#7601=CARTESIAN_POINT('Ctrl Pts',(4.48919970043059,-2.46928309214954,55.3747975242387));
#7602=CARTESIAN_POINT('Ctrl Pts',(5.12333516429675,-0.0413489274588252,
55.5126128148065));
#7603=CARTESIAN_POINT('Ctrl Pts',(4.52847003445797,2.39650413864401,55.6504281053744));
#7604=CARTESIAN_POINT('Ctrl Pts',(2.84730229461068,4.25947679681747,55.7882433959422));
#7605=CARTESIAN_POINT('Ctrl Pts',(0.483115369346829,5.10067372799148,55.92605868651));
#7606=CARTESIAN_POINT('Ctrl Pts',(-1.9969626808805,4.71830615694787,56.0638739770779));
#7607=CARTESIAN_POINT('Ctrl Pts',(-3.99800349428756,3.20409753272058,56.2016892676457));
#7608=CARTESIAN_POINT('Ctrl Pts',(-4.81957222452718,1.40418154690971,56.3103514846476));
#7609=CARTESIAN_POINT('Ctrl Pts',(-4.91815577866063,0.296536863722989,56.3730752714603));
#7610=CARTESIAN_POINT('Ctrl Pts',(-4.91796109085758,8.85780025518951E-5,
56.3898606280836));
#7611=CARTESIAN_POINT('Ctrl Pts',(-4.91797760538463,9.34200576442959E-5,
54.9851417561022));
#7612=CARTESIAN_POINT('Ctrl Pts',(-4.91761381157897,-0.52268326289147,55.014742457931));
#7613=CARTESIAN_POINT('Ctrl Pts',(-4.70569700073907,-1.85706454826917,55.090281589949));
#7614=CARTESIAN_POINT('Ctrl Pts',(-3.5190962863848,-3.72373933199463,55.2117591521564));
#7615=CARTESIAN_POINT('Ctrl Pts',(-1.32873649164593,-4.94820498981798,55.3495744427242));
#7616=CARTESIAN_POINT('Ctrl Pts',(1.18036449115544,-4.98568079137749,55.487389733292));
#7617=CARTESIAN_POINT('Ctrl Pts',(3.40631619445472,-3.82717693200701,55.6252050238599));
#7618=CARTESIAN_POINT('Ctrl Pts',(4.81515082633823,-1.7505986990471,55.7630203144277));
#7619=CARTESIAN_POINT('Ctrl Pts',(5.06891302306497,0.74591825965952,55.9008356049955));
#7620=CARTESIAN_POINT('Ctrl Pts',(4.10672956817812,3.06350216897959,56.0386508955634));
#7621=CARTESIAN_POINT('Ctrl Pts',(2.15941183735143,4.64620423595409,56.1764661861312));
#7622=CARTESIAN_POINT('Ctrl Pts',(-0.30591190812232,5.11436126901103,56.3142814766991));
#7623=CARTESIAN_POINT('Ctrl Pts',(-2.69785261214995,4.35567039255804,56.4520967672669));
#7624=CARTESIAN_POINT('Ctrl Pts',(-4.44262455681815,2.55212858858005,56.5899120578348));
#7625=CARTESIAN_POINT('Ctrl Pts',(-4.90751044762522,0.89830381753707,56.6842603874465));
#7626=CARTESIAN_POINT('Ctrl Pts',(-4.91864924288418,0.043675557521848,56.732670286869));
#7627=CARTESIAN_POINT('Ctrl Pts',(-4.91862865420993,4.37071290144454E-5,
56.7351417561022));
#7628=CARTESIAN_POINT('Origin',(0.,0.,46.7648606280836));
#7629=CARTESIAN_POINT('',(-4.91865039733035,-2.5571483658529E-5,52.8898606280837));
#7630=CARTESIAN_POINT('',(-4.91800128289683,-9.94426233402734E-5,53.2351417561022));
#7631=CARTESIAN_POINT('',(-4.91825,-2.30720163608045E-14,46.7648606280836));
#7632=CARTESIAN_POINT('Ctrl Pts',(-4.91865039733035,-2.55714836593307E-5,
52.8898606280836));
#7633=CARTESIAN_POINT('Ctrl Pts',(-4.91865770978861,-0.0251040376724778,
52.8912811833949));
#7634=CARTESIAN_POINT('Ctrl Pts',(-4.91239485858716,-0.861175327297251,
52.9386401688955));
#7635=CARTESIAN_POINT('Ctrl Pts',(-4.47122830792215,-2.50167750872457,53.0319375845854));
#7636=CARTESIAN_POINT('Ctrl Pts',(-2.74698305009034,-4.32485341511668,53.1697528751532));
#7637=CARTESIAN_POINT('Ctrl Pts',(-0.363783480021765,-5.110570860391,53.3075681657211));
#7638=CARTESIAN_POINT('Ctrl Pts',(2.10668153307298,-4.67034965048373,53.4453834562889));
#7639=CARTESIAN_POINT('Ctrl Pts',(4.07178963082941,-3.10979133412203,53.5831987468568));
#7640=CARTESIAN_POINT('Ctrl Pts',(5.06014494680139,-0.803247195377369,53.7210140374246));
#7641=CARTESIAN_POINT('Ctrl Pts',(4.83465792288796,1.69598222519614,53.8588293279924));
#7642=CARTESIAN_POINT('Ctrl Pts',(3.44941904455772,3.78837447918784,53.9966446185603));
#7643=CARTESIAN_POINT('Ctrl Pts',(1.23672345731639,4.97200040523393,54.1344599091281));
#7644=CARTESIAN_POINT('Ctrl Pts',(-1.2726409627359,4.96292836130925,54.272275199696));
#7645=CARTESIAN_POINT('Ctrl Pts',(-3.47672055393771,3.76333457579164,54.4100904902638));
#7646=CARTESIAN_POINT('Ctrl Pts',(-4.69482228981516,1.89417937755202,54.532618966393));
#7647=CARTESIAN_POINT('Ctrl Pts',(-4.91759722949515,0.541219962364249,54.609209012333));
#7648=CARTESIAN_POINT('Ctrl Pts',(-4.91801984599131,-0.000103515789796928,
54.6398606280836));
#7649=CARTESIAN_POINT('Ctrl Pts',(-4.91800128289682,-9.94426233401693E-5,
53.2351417561022));
#7650=CARTESIAN_POINT('Ctrl Pts',(-4.91820854343242,-0.277980901111333,
53.2508761988036));
#7651=CARTESIAN_POINT('Ctrl Pts',(-4.82740973591547,-1.36703374122578,53.3125490716944));
#7652=CARTESIAN_POINT('Ctrl Pts',(-4.03401564185341,-3.1586375364658,53.4201603747744));
#7653=CARTESIAN_POINT('Ctrl Pts',(-2.05024284945955,-4.69539961491377,53.5579756653423));
#7654=CARTESIAN_POINT('Ctrl Pts',(0.425348182112897,-5.10581552834254,53.6957909559101));
#7655=CARTESIAN_POINT('Ctrl Pts',(2.79890545021199,-4.29143350947733,53.833606246478));
#7656=CARTESIAN_POINT('Ctrl Pts',(4.50105310919439,-2.4476098941013,53.9714215370457));
#7657=CARTESIAN_POINT('Ctrl Pts',(5.12347501022768,-0.0166464730043749,
54.1092368276137));
#7658=CARTESIAN_POINT('Ctrl Pts',(4.51686277090594,2.41831015262623,54.2470521181815));
#7659=CARTESIAN_POINT('Ctrl Pts',(2.82673230583696,4.27315548004385,54.3848674087493));
#7660=CARTESIAN_POINT('Ctrl Pts',(0.458517044300159,5.10294379800301,54.5226826993172));
#7661=CARTESIAN_POINT('Ctrl Pts',(-2.01968862418792,4.70862306272408,54.660497989885));
#7662=CARTESIAN_POINT('Ctrl Pts',(-4.01340549024043,3.18478408316781,54.7983132804529));
#7663=CARTESIAN_POINT('Ctrl Pts',(-4.82293782692665,1.38835873324941,54.9065278691919));
#7664=CARTESIAN_POINT('Ctrl Pts',(-4.91817839671757,0.288633316463669,54.9688040277417));
#7665=CARTESIAN_POINT('Ctrl Pts',(-4.91797760538463,9.34200576442959E-5,
54.9851417561022));
#7666=CARTESIAN_POINT('Origin',(0.,0.,46.7648606280836));
#7667=CARTESIAN_POINT('',(-4.918154689401,0.000120917526267037,51.1398606280837));
#7668=CARTESIAN_POINT('',(-4.9186424108301,-3.34114058733737E-5,51.4851417561022));
#7669=CARTESIAN_POINT('',(-4.91825,-2.30720163608045E-14,46.7648606280836));
#7670=CARTESIAN_POINT('Ctrl Pts',(-4.918154689401,0.000120917526267063,
51.1398606280837));
#7671=CARTESIAN_POINT('Ctrl Pts',(-4.91759295454602,-0.591331513051873,
51.1733533544569));
#7672=CARTESIAN_POINT('Ctrl Pts',(-4.66422485571984,-1.99448577268571,51.2527845110195));
#7673=CARTESIAN_POINT('Ctrl Pts',(-3.35994470849616,-3.86795060342122,51.3781540977713));
#7674=CARTESIAN_POINT('Ctrl Pts',(-1.12019280670594,-4.99954422702142,51.5159693883392));
#7675=CARTESIAN_POINT('Ctrl Pts',(1.38827432877769,-4.93183198178869,51.653784678907));
#7676=CARTESIAN_POINT('Ctrl Pts',(3.56371811145258,-3.68105777697588,51.7915999694748));
#7677=CARTESIAN_POINT('Ctrl Pts',(4.88428681768022,-1.5472605476677,51.9294152600427));
#7678=CARTESIAN_POINT('Ctrl Pts',(5.03319853271677,0.957697990615589,52.0672305506105));
#7679=CARTESIAN_POINT('Ctrl Pts',(3.97473189840665,3.23292117195267,52.2050458411783));
#7680=CARTESIAN_POINT('Ctrl Pts',(1.96279497154701,4.73262177037811,52.3428611317462));
#7681=CARTESIAN_POINT('Ctrl Pts',(-0.519982940880306,5.0970472519958,52.480676422314));
#7682=CARTESIAN_POINT('Ctrl Pts',(-2.87802582834812,4.23877815743,52.6184917128819));
#7683=CARTESIAN_POINT('Ctrl Pts',(-4.52848984623574,2.38302629961217,52.7548864481384));
#7684=CARTESIAN_POINT('Ctrl Pts',(-4.91842123687496,0.785892450180883,52.8453427532057));
#7685=CARTESIAN_POINT('Ctrl Pts',(-4.91865039733035,-2.55714836593307E-5,
52.8898606280836));
#7686=CARTESIAN_POINT('Ctrl Pts',(-4.9186424108301,-3.34114058734864E-5,
51.4851417561022));
#7687=CARTESIAN_POINT('Ctrl Pts',(-4.91865467857529,-0.0330144582265318,
51.4870099396763));
#7688=CARTESIAN_POINT('Ctrl Pts',(-4.91034024727094,-0.876989643883793,
51.5348165534398));
#7689=CARTESIAN_POINT('Ctrl Pts',(-4.4591146210306,-2.52320631550316,51.6285615973925));
#7690=CARTESIAN_POINT('Ctrl Pts',(-2.72609901509802,-4.33804765162404,51.7663768879603));
#7691=CARTESIAN_POINT('Ctrl Pts',(-0.339138822853161,-5.11226546186908,
51.9041921785282));
#7692=CARTESIAN_POINT('Ctrl Pts',(2.12917498139627,-4.66013810751776,52.042007469096));
#7693=CARTESIAN_POINT('Ctrl Pts',(4.08673607565433,-3.09012322311164,52.1798227596639));
#7694=CARTESIAN_POINT('Ctrl Pts',(5.06395899161103,-0.778840559399616,52.3176380502317));
#7695=CARTESIAN_POINT('Ctrl Pts',(4.82642464333878,1.71927265067712,52.4554533407996));
#7696=CARTESIAN_POINT('Ctrl Pts',(3.43111346384827,3.80496171911056,52.5932686313674));
#7697=CARTESIAN_POINT('Ctrl Pts',(1.21273677154659,4.97790546398017,52.7310839219352));
#7698=CARTESIAN_POINT('Ctrl Pts',(-1.29655475735313,4.95673471619354,52.8688992125031));
#7699=CARTESIAN_POINT('Ctrl Pts',(-3.49482494655525,3.74652797646235,53.0067145030709));
#7700=CARTESIAN_POINT('Ctrl Pts',(-4.69948340219978,1.8783713430051,53.1287953509373));
#7701=CARTESIAN_POINT('Ctrl Pts',(-4.91760342358,0.533324476768337,53.2049377686144));
#7702=CARTESIAN_POINT('Ctrl Pts',(-4.91800128289682,-9.94426233401693E-5,
53.2351417561022));
#7703=CARTESIAN_POINT('Ctrl Pts',(-2.14786219406474,4.42446279878218,49.4235169483071));
#7704=CARTESIAN_POINT('Ctrl Pts',(-2.87761961143547,4.07020095075842,49.4694553784963));
#7705=CARTESIAN_POINT('Ctrl Pts',(-4.15775237416756,2.99396373949927,49.5613322388749));
#7706=CARTESIAN_POINT('Ctrl Pts',(-5.08081229531107,0.660186806549779,49.6991475294428));
#7707=CARTESIAN_POINT('Ctrl Pts',(-4.78491074706526,-1.83154750344207,49.8369628200106));
#7708=CARTESIAN_POINT('Ctrl Pts',(-3.34126484537064,-3.88412825063594,49.9747781105784));
#7709=CARTESIAN_POINT('Ctrl Pts',(-1.09607065448945,-5.00487619635284,50.1125934011462));
#7710=CARTESIAN_POINT('Ctrl Pts',(1.41203491800668,-4.92508642771583,50.2504086917141));
#7711=CARTESIAN_POINT('Ctrl Pts',(3.58142572786427,-3.66383015264521,50.3882239822819));
#7712=CARTESIAN_POINT('Ctrl Pts',(4.8916896919657,-1.52369437657201,50.5260392728497));
#7713=CARTESIAN_POINT('Ctrl Pts',(5.02852277215825,0.981954832760269,50.6638545634176));
#7714=CARTESIAN_POINT('Ctrl Pts',(3.95909820990667,3.2520473604905,50.8016698539855));
#7715=CARTESIAN_POINT('Ctrl Pts',(1.93995405624091,4.74203047231025,50.9394851445533));
#7716=CARTESIAN_POINT('Ctrl Pts',(-0.544552152157212,5.09448089721773,51.0773004351211));
#7717=CARTESIAN_POINT('Ctrl Pts',(-2.89842949829334,4.22485265105053,51.215115725689));
#7718=CARTESIAN_POINT('Ctrl Pts',(-4.55702316544874,2.34175428593027,51.3529310162568));
#7719=CARTESIAN_POINT('Ctrl Pts',(-5.12246479048946,-0.103090868640094,
51.4907463068246));
#7720=CARTESIAN_POINT('Ctrl Pts',(-4.4591146210306,-2.52320631550316,51.6285615973925));
#7721=CARTESIAN_POINT('Ctrl Pts',(-2.72609901509802,-4.33804765162404,51.7663768879603));
#7722=CARTESIAN_POINT('Ctrl Pts',(-0.339138822853161,-5.11226546186908,
51.9041921785282));
#7723=CARTESIAN_POINT('Ctrl Pts',(2.12917498139627,-4.66013810751776,52.042007469096));
#7724=CARTESIAN_POINT('Ctrl Pts',(4.08673607565433,-3.09012322311164,52.1798227596639));
#7725=CARTESIAN_POINT('Ctrl Pts',(5.06395899161103,-0.778840559399616,52.3176380502317));
#7726=CARTESIAN_POINT('Ctrl Pts',(4.82642464333878,1.71927265067712,52.4554533407996));
#7727=CARTESIAN_POINT('Ctrl Pts',(3.43111346384827,3.80496171911056,52.5932686313674));
#7728=CARTESIAN_POINT('Ctrl Pts',(1.21273677154659,4.97790546398017,52.7310839219352));
#7729=CARTESIAN_POINT('Ctrl Pts',(-1.29655475735313,4.95673471619354,52.8688992125031));
#7730=CARTESIAN_POINT('Ctrl Pts',(-3.49482494655525,3.74652797646235,53.0067145030709));
#7731=CARTESIAN_POINT('Ctrl Pts',(-4.85474632653607,1.63759317001363,53.1445297936387));
#7732=CARTESIAN_POINT('Ctrl Pts',(-5.05009698719916,-0.864172266030299,
53.2823450842066));
#7733=CARTESIAN_POINT('Ctrl Pts',(-4.03401564185341,-3.1586375364658,53.4201603747744));
#7734=CARTESIAN_POINT('Ctrl Pts',(-2.05024284945955,-4.69539961491377,53.5579756653423));
#7735=CARTESIAN_POINT('Ctrl Pts',(0.425348182112897,-5.10581552834254,53.6957909559101));
#7736=CARTESIAN_POINT('Ctrl Pts',(2.79890545021199,-4.29143350947733,53.833606246478));
#7737=CARTESIAN_POINT('Ctrl Pts',(4.50105310919439,-2.4476098941013,53.9714215370457));
#7738=CARTESIAN_POINT('Ctrl Pts',(5.12347501022768,-0.0166464730043749,
54.1092368276137));
#7739=CARTESIAN_POINT('Ctrl Pts',(4.51686277090594,2.41831015262623,54.2470521181815));
#7740=CARTESIAN_POINT('Ctrl Pts',(2.82673230583696,4.27315548004385,54.3848674087493));
#7741=CARTESIAN_POINT('Ctrl Pts',(0.458517044300159,5.10294379800301,54.5226826993172));
#7742=CARTESIAN_POINT('Ctrl Pts',(-2.01968862418792,4.70862306272408,54.660497989885));
#7743=CARTESIAN_POINT('Ctrl Pts',(-4.01340549024043,3.18478408316781,54.7983132804529));
#7744=CARTESIAN_POINT('Ctrl Pts',(-5.04437493257227,0.896969801680947,54.9361285710207));
#7745=CARTESIAN_POINT('Ctrl Pts',(-4.8652849920621,-1.60601221399662,55.0739438615885));
#7746=CARTESIAN_POINT('Ctrl Pts',(-3.5190962863848,-3.72373933199463,55.2117591521564));
#7747=CARTESIAN_POINT('Ctrl Pts',(-1.32873649164593,-4.94820498981798,55.3495744427242));
#7748=CARTESIAN_POINT('Ctrl Pts',(1.18036449115544,-4.98568079137749,55.487389733292));
#7749=CARTESIAN_POINT('Ctrl Pts',(3.40631619445472,-3.82717693200701,55.6252050238599));
#7750=CARTESIAN_POINT('Ctrl Pts',(4.81515082633823,-1.7505986990471,55.7630203144277));
#7751=CARTESIAN_POINT('Ctrl Pts',(5.06891302306497,0.74591825965952,55.9008356049955));
#7752=CARTESIAN_POINT('Ctrl Pts',(4.10672956817812,3.06350216897959,56.0386508955634));
#7753=CARTESIAN_POINT('Ctrl Pts',(2.15941183735143,4.64620423595409,56.1764661861312));
#7754=CARTESIAN_POINT('Ctrl Pts',(-0.30591190812232,5.11436126901103,56.3142814766991));
#7755=CARTESIAN_POINT('Ctrl Pts',(-2.69785261214995,4.35567039255804,56.4520967672669));
#7756=CARTESIAN_POINT('Ctrl Pts',(-4.44262455681815,2.55212858858005,56.5899120578348));
#7757=CARTESIAN_POINT('Ctrl Pts',(-5.12168675522818,0.136374729370151,56.7277273484026));
#7758=CARTESIAN_POINT('Ctrl Pts',(-4.5721437851124,-2.31209309798512,56.8655426389704));
#7759=CARTESIAN_POINT('Ctrl Pts',(-2.92582161820139,-4.20592928423127,57.0033579295383));
#7760=CARTESIAN_POINT('Ctrl Pts',(-0.577644821342036,-5.09083487709734,
57.1411732201062));
#7761=CARTESIAN_POINT('Ctrl Pts',(1.90909910134944,-4.75453614001592,57.2789885106739));
#7762=CARTESIAN_POINT('Ctrl Pts',(3.93788275913882,-3.27770539566283,57.4168038012418));
#7763=CARTESIAN_POINT('Ctrl Pts',(5.02203560639691,-1.0146091137058,57.5546190918096));
#7764=CARTESIAN_POINT('Ctrl Pts',(4.90148789356227,1.49187456397896,57.6924343823775));
#7765=CARTESIAN_POINT('Ctrl Pts',(3.60515695791737,3.64048301664459,57.8302496729453));
#7766=CARTESIAN_POINT('Ctrl Pts',(1.44401044803538,4.91580177704095,57.9680649635132));
#7767=CARTESIAN_POINT('Ctrl Pts',(-1.06352950286197,5.01190365851403,58.105880254081));
#7768=CARTESIAN_POINT('Ctrl Pts',(-3.31594689265027,3.90573546098445,58.2436955446489));
#7769=CARTESIAN_POINT('Ctrl Pts',(-4.77292526214528,1.86264804096707,58.3815108352167));
#7770=CARTESIAN_POINT('Ctrl Pts',(-5.08496038968219,-0.627256828698454,
58.5193261257845));
#7771=CARTESIAN_POINT('Ctrl Pts',(-4.17720037311665,-2.96669349793898,58.6571414163524));
#7772=CARTESIAN_POINT('Ctrl Pts',(-2.26740134518032,-4.59447107445007,58.7949567069202));
#7773=CARTESIAN_POINT('Ctrl Pts',(0.186308550215488,-5.12011351252271,58.9327719974881));
#7774=CARTESIAN_POINT('Ctrl Pts',(2.59532617668865,-4.41752818923704,59.0705872880559));
#7775=CARTESIAN_POINT('Ctrl Pts',(4.38176944696576,-2.65525328232601,59.2084025786238));
#7776=CARTESIAN_POINT('Ctrl Pts',(5.11710094225699,-0.256028524364086,59.3462178691915));
#7777=CARTESIAN_POINT('Ctrl Pts',(4.62492759781414,2.20461322132062,59.4840331597594));
#7778=CARTESIAN_POINT('Ctrl Pts',(3.02331255876071,4.13640566707367,59.6218484503273));
#7779=CARTESIAN_POINT('Ctrl Pts',(0.696457648744002,5.07594555794301,59.7596637408951));
#7780=CARTESIAN_POINT('Ctrl Pts',(-1.79746798899691,4.7978517509623,59.897479031463));
#7781=CARTESIAN_POINT('Ctrl Pts',(-3.86020669675841,3.36883746861463,60.0352943220307));
#7782=CARTESIAN_POINT('Ctrl Pts',(-4.99695828253201,1.13169203088806,60.1731096125987));
#7783=CARTESIAN_POINT('Ctrl Pts',(-4.93500303565908,-1.37691744795679,60.3109249031664));
#7784=CARTESIAN_POINT('Ctrl Pts',(-3.68927040403834,-3.55524780010968,60.4487401937344));
#7785=CARTESIAN_POINT('Ctrl Pts',(-1.55845022283605,-4.88069360006215,60.5865554843021));
#7786=CARTESIAN_POINT('Ctrl Pts',(0.946016651363572,-5.03542974283917,60.72437077487));
#7787=CARTESIAN_POINT('Ctrl Pts',(3.2239506842013,-3.98206801350384,60.8621860654378));
#7788=CARTESIAN_POINT('Ctrl Pts',(4.22618946278073,-2.64320885144438,60.9540629258164));
#7789=CARTESIAN_POINT('Ctrl Pts',(4.53868109676678,-1.89461261590646,61.0000013560057));
#7790=CARTESIAN_POINT('Ctrl Pts',(-2.2932147348244,4.72388001049935,49.6156783629023));
#7791=CARTESIAN_POINT('Ctrl Pts',(-3.07235711508807,4.34564415713822,49.6616167930916));
#7792=CARTESIAN_POINT('Ctrl Pts',(-4.43912045872381,3.19657461354933,49.7534936534702));
#7793=CARTESIAN_POINT('Ctrl Pts',(-5.42464672672252,0.704863708994076,49.891308944038));
#7794=CARTESIAN_POINT('Ctrl Pts',(-5.1087205968387,-1.95549404148486,50.0291242346059));
#7795=CARTESIAN_POINT('Ctrl Pts',(-3.56737866960369,-4.14697933643949,50.1669395251737));
#7796=CARTESIAN_POINT('Ctrl Pts',(-1.17024517784686,-5.34357179485897,50.3047548157415));
#7797=CARTESIAN_POINT('Ctrl Pts',(1.50759172958462,-5.25838240345749,50.4425701063093));
#7798=CARTESIAN_POINT('Ctrl Pts',(3.82379198884954,-3.91177297833973,50.5803853968772));
#7799=CARTESIAN_POINT('Ctrl Pts',(5.22272560632736,-1.6268075323359,50.718200687445));
#7800=CARTESIAN_POINT('Ctrl Pts',(5.36881860827883,1.04840678216715,50.8560159780129));
#7801=CARTESIAN_POINT('Ctrl Pts',(4.22702274692639,3.47212355896555,50.9938312685807));
#7802=CARTESIAN_POINT('Ctrl Pts',(2.07123680418015,5.06293848000959,51.1316465591486));
#7803=CARTESIAN_POINT('Ctrl Pts',(-0.581403696502521,5.43924032559651,51.2694618497164));
#7804=CARTESIAN_POINT('Ctrl Pts',(-3.09457527196256,4.51076162084494,51.4072771402843));
#7805=CARTESIAN_POINT('Ctrl Pts',(-4.86541115106019,2.50022810991924,51.5450924308521));
#7806=CARTESIAN_POINT('Ctrl Pts',(-5.46911797629767,-0.110067349592812,
51.6829077214199));
#7807=CARTESIAN_POINT('Ctrl Pts',(-4.76087682974976,-2.69395956486556,51.8207230119878));
#7808=CARTESIAN_POINT('Ctrl Pts',(-2.91058264691661,-4.63161688052637,51.9585383025556));
#7809=CARTESIAN_POINT('Ctrl Pts',(-0.362089405859915,-5.45822842726506,
52.0963535931235));
#7810=CARTESIAN_POINT('Ctrl Pts',(2.27326290012916,-4.97550420320603,52.2341688836913));
#7811=CARTESIAN_POINT('Ctrl Pts',(4.36329826556204,-3.29924150964831,52.3719841742592));
#7812=CARTESIAN_POINT('Ctrl Pts',(5.40665290734147,-0.831547131761775,52.5097994648269));
#7813=CARTESIAN_POINT('Ctrl Pts',(5.15304386808836,1.83562119888709,52.6476147553948));
#7814=CARTESIAN_POINT('Ctrl Pts',(3.6633076246204,4.06245535855087,52.7854300459627));
#7815=CARTESIAN_POINT('Ctrl Pts',(1.29480645530194,5.31477586881822,52.9232453365305));
#7816=CARTESIAN_POINT('Ctrl Pts',(-1.38429666590577,5.29217243042923,53.0610606270984));
#7817=CARTESIAN_POINT('Ctrl Pts',(-3.7313306622831,4.00006722209496,53.1988759176662));
#7818=CARTESIAN_POINT('Ctrl Pts',(-5.18328216801398,1.74841421274622,53.336691208234));
#7819=CARTESIAN_POINT('Ctrl Pts',(-5.39185281781089,-0.922653501404075,
53.4745064988019));
#7820=CARTESIAN_POINT('Ctrl Pts',(-4.30701007540129,-3.37239240050356,53.6123217893697));
#7821=CARTESIAN_POINT('Ctrl Pts',(-2.18898918438121,-5.01315196690153,53.7501370799375));
#7822=CARTESIAN_POINT('Ctrl Pts',(0.454132821624898,-5.45134200659869,53.8879523705054));
#7823=CARTESIAN_POINT('Ctrl Pts',(2.98831612081209,-4.58184821384122,54.0257676610733));
#7824=CARTESIAN_POINT('Ctrl Pts',(4.80565342634857,-2.61324729759917,54.163582951641));
#7825=CARTESIAN_POINT('Ctrl Pts',(5.47019656075971,-0.0177729918064477,
54.3013982422089));
#7826=CARTESIAN_POINT('Ctrl Pts',(4.82253297722929,2.58196475113838,54.4392135327767));
#7827=CARTESIAN_POINT('Ctrl Pts',(3.01802610663861,4.56233325308804,54.5770288233446));
#7828=CARTESIAN_POINT('Ctrl Pts',(0.48954632427669,5.44827593730093,54.7148441139124));
#7829=CARTESIAN_POINT('Ctrl Pts',(-2.15636725928859,5.0272702867116,54.8526594044803));
#7830=CARTESIAN_POINT('Ctrl Pts',(-4.28500517047934,3.40030836565604,54.9904746950481));
#7831=CARTESIAN_POINT('Ctrl Pts',(-5.38574353388191,0.957670548693159,55.128289985616));
#7832=CARTESIAN_POINT('Ctrl Pts',(-5.19453401794015,-1.714696074833,55.2661052761838));
#7833=CARTESIAN_POINT('Ctrl Pts',(-3.75724451945925,-3.97573639890505,55.4039205667517));
#7834=CARTESIAN_POINT('Ctrl Pts',(-1.41865623863646,-5.28306547083821,55.5417358573194));
#7835=CARTESIAN_POINT('Ctrl Pts',(1.2602434416235,-5.32307737689676,55.6795511478873));
#7836=CARTESIAN_POINT('Ctrl Pts',(3.63683224658458,-4.08617394426469,55.8173664384552));
#7837=CARTESIAN_POINT('Ctrl Pts',(5.14100711669209,-1.86906717875692,55.9551817290229));
#7838=CARTESIAN_POINT('Ctrl Pts',(5.41194219357144,0.796396877207766,56.0929970195908));
#7839=CARTESIAN_POINT('Ctrl Pts',(4.3846447801489,3.2708189256665,56.2308123101587));
#7840=CARTESIAN_POINT('Ctrl Pts',(2.30554597853277,4.9606273830491,56.3686276007265));
#7841=CARTESIAN_POINT('Ctrl Pts',(-0.326613922067666,5.46046606421985,56.5064428912944));
#7842=CARTESIAN_POINT('Ctrl Pts',(-2.88042472168971,4.65043220736136,56.6442581818622));
#7843=CARTESIAN_POINT('Ctrl Pts',(-4.74327083140653,2.72483909846312,56.7820734724301));
#7844=CARTESIAN_POINT('Ctrl Pts',(-5.46828728896107,0.14560363309784,56.9198887629979));
#7845=CARTESIAN_POINT('Ctrl Pts',(-4.88155503026632,-2.46855965677725,57.0577040535657));
#7846=CARTESIAN_POINT('Ctrl Pts',(-3.12382110214888,-4.49055765071019,57.1955193441336));
#7847=CARTESIAN_POINT('Ctrl Pts',(-0.616735849933508,-5.43534756791092,
57.3333346347014));
#7848=CARTESIAN_POINT('Ctrl Pts',(2.03829379815538,-5.07629044529428,57.4711499252692));
#7849=CARTESIAN_POINT('Ctrl Pts',(4.20437158036589,-3.49951795348789,57.6089652158371));
#7850=CARTESIAN_POINT('Ctrl Pts',(5.36189243575608,-1.08327088025794,57.7467805064049));
#7851=CARTESIAN_POINT('Ctrl Pts',(5.23318688281806,1.59283437367638,57.8845957969728));
#7852=CARTESIAN_POINT('Ctrl Pts',(3.84912918533433,3.88684586875117,58.0224110875406));
#7853=CARTESIAN_POINT('Ctrl Pts',(1.54173114356485,5.24846943148276,58.1602263781085));
#7854=CARTESIAN_POINT('Ctrl Pts',(-1.13550186488828,5.35107482732585,58.2980416686763));
#7855=CARTESIAN_POINT('Ctrl Pts',(-3.54034737197464,4.17004877417464,58.4358569592441));
#7856=CARTESIAN_POINT('Ctrl Pts',(-5.09592401673293,1.98869924948675,58.573672249812));
#7857=CARTESIAN_POINT('Ctrl Pts',(-5.42907553559098,-0.669705256727079,
58.7114875403798));
#7858=CARTESIAN_POINT('Ctrl Pts',(-4.45988456448262,-3.16745890959909,58.8493028309477));
#7859=CARTESIAN_POINT('Ctrl Pts',(-2.42084347352289,-4.90539327698406,58.9871181215155));
#7860=CARTESIAN_POINT('Ctrl Pts',(0.198916631503897,-5.46660758000973,59.1249334120834));
#7861=CARTESIAN_POINT('Ctrl Pts',(2.77096000223118,-4.71647611427496,59.2627487026511));
#7862=CARTESIAN_POINT('Ctrl Pts',(4.6782974662677,-2.83494256221233,59.400563993219));
#7863=CARTESIAN_POINT('Ctrl Pts',(5.46339113970822,-0.273354773983871,59.5383792837868));
#7864=CARTESIAN_POINT('Ctrl Pts',(4.93791088837599,2.35380628128359,59.6761945743547));
#7865=CARTESIAN_POINT('Ctrl Pts',(3.22790955904351,4.41632915331187,59.8140098649225));
#7866=CARTESIAN_POINT('Ctrl Pts',(0.743589112324946,5.41945064204177,59.9518251554904));
#7867=CARTESIAN_POINT('Ctrl Pts',(-1.91910825989363,5.12253735887405,60.0896404460582));
#7868=CARTESIAN_POINT('Ctrl Pts',(-4.12143893632283,3.59681721835026,60.227455736626));
#7869=CARTESIAN_POINT('Ctrl Pts',(-5.33511805108846,1.20827716400395,60.3652710271939));
#7870=CARTESIAN_POINT('Ctrl Pts',(-5.26897009922204,-1.47009775069217,60.5030863177617));
#7871=CARTESIAN_POINT('Ctrl Pts',(-3.93893485097457,-3.79584251899068,60.6409016083296));
#7872=CARTESIAN_POINT('Ctrl Pts',(-1.66391541523185,-5.21098537455254,60.7787168988974));
#7873=CARTESIAN_POINT('Ctrl Pts',(1.01003655182861,-5.37619299523077,60.9165321894653));
#7874=CARTESIAN_POINT('Ctrl Pts',(3.442125492868,-4.25154698884965,61.0543474800331));
#7875=CARTESIAN_POINT('Ctrl Pts',(4.51218889879873,-2.82208304708762,61.1462243404117));
#7876=CARTESIAN_POINT('Ctrl Pts',(4.84582781732264,-2.02282696701255,61.1921627706009));
#7877=CARTESIAN_POINT('Ctrl Pts',(-2.43856727558406,5.02329722221653,49.8078397774976));
#7878=CARTESIAN_POINT('Ctrl Pts',(-3.26709461874068,4.62108736351802,49.8537782076869));
#7879=CARTESIAN_POINT('Ctrl Pts',(-4.72048854328005,3.39918548759938,49.9456550680654));
#7880=CARTESIAN_POINT('Ctrl Pts',(-5.76848115813397,0.749540611438372,50.0834703586333));
#7881=CARTESIAN_POINT('Ctrl Pts',(-5.43253044661214,-2.07944057952765,50.2212856492011));
#7882=CARTESIAN_POINT('Ctrl Pts',(-3.79349249383674,-4.40983042224305,50.359100939769));
#7883=CARTESIAN_POINT('Ctrl Pts',(-1.24441970120427,-5.68226739336509,50.4969162303368));
#7884=CARTESIAN_POINT('Ctrl Pts',(1.60314854116256,-5.59167837919916,50.6347315209047));
#7885=CARTESIAN_POINT('Ctrl Pts',(4.06615824983481,-4.15971580403425,50.7725468114725));
#7886=CARTESIAN_POINT('Ctrl Pts',(5.55376152068903,-1.72992068809978,50.9103621020404));
#7887=CARTESIAN_POINT('Ctrl Pts',(5.7091144443994,1.11485873157402,51.0481773926082));
#7888=CARTESIAN_POINT('Ctrl Pts',(4.49494728394612,3.6921997574406,51.185992683176));
#7889=CARTESIAN_POINT('Ctrl Pts',(2.2025195521194,5.38384648770893,51.3238079737439));
#7890=CARTESIAN_POINT('Ctrl Pts',(-0.618255240847832,5.7839997539753,51.4616232643117));
#7891=CARTESIAN_POINT('Ctrl Pts',(-3.29072104563178,4.79667059063934,51.5994385548795));
#7892=CARTESIAN_POINT('Ctrl Pts',(-5.17379913667164,2.65870193390822,51.7372538454474));
#7893=CARTESIAN_POINT('Ctrl Pts',(-5.81577116210589,-0.117043830545529,
51.8750691360152));
#7894=CARTESIAN_POINT('Ctrl Pts',(-5.06263903846892,-2.86471281422796,52.0128844265831));
#7895=CARTESIAN_POINT('Ctrl Pts',(-3.09506627873521,-4.9251861094287,52.1506997171509));
#7896=CARTESIAN_POINT('Ctrl Pts',(-0.38503998886667,-5.80419139266103,52.2885150077188));
#7897=CARTESIAN_POINT('Ctrl Pts',(2.41735081886205,-5.2908702988943,52.4263302982866));
#7898=CARTESIAN_POINT('Ctrl Pts',(4.63986045546976,-3.50835979618499,52.5641455888544));
#7899=CARTESIAN_POINT('Ctrl Pts',(5.7493468230719,-0.884253704123932,52.7019608794223));
#7900=CARTESIAN_POINT('Ctrl Pts',(5.47966309283794,1.95196974709707,52.8397761699901));
#7901=CARTESIAN_POINT('Ctrl Pts',(3.89550178539252,4.31994899799118,52.9775914605579));
#7902=CARTESIAN_POINT('Ctrl Pts',(1.3768761390573,5.65164627365627,53.1154067511258));
#7903=CARTESIAN_POINT('Ctrl Pts',(-1.47203857445841,5.62761014466494,53.2532220416936));
#7904=CARTESIAN_POINT('Ctrl Pts',(-3.96783637801094,4.25360646772756,53.3910373322615));
#7905=CARTESIAN_POINT('Ctrl Pts',(-5.5118180094919,1.85923525547881,53.5288526228293));
#7906=CARTESIAN_POINT('Ctrl Pts',(-5.73360864842261,-0.981134736777854,
53.6666679133972));
#7907=CARTESIAN_POINT('Ctrl Pts',(-4.58000450894918,-3.58614726454132,53.804483203965));
#7908=CARTESIAN_POINT('Ctrl Pts',(-2.32773551930287,-5.33090431888929,53.9422984945329));
#7909=CARTESIAN_POINT('Ctrl Pts',(0.482917461136899,-5.79686848485485,54.0801137851007));
#7910=CARTESIAN_POINT('Ctrl Pts',(3.17772679141217,-4.87226291820511,54.2179290756686));
#7911=CARTESIAN_POINT('Ctrl Pts',(5.11025374350274,-2.77888470109704,54.3557443662364));
#7912=CARTESIAN_POINT('Ctrl Pts',(5.81691811129173,-0.0188995106085212,
54.4935596568042));
#7913=CARTESIAN_POINT('Ctrl Pts',(5.12820318355265,2.74561934965054,54.6313749473721));
#7914=CARTESIAN_POINT('Ctrl Pts',(3.20931990744027,4.85151102613223,54.7691902379399));
#7915=CARTESIAN_POINT('Ctrl Pts',(0.520575604253222,5.79360807659885,54.9070055285077));
#7916=CARTESIAN_POINT('Ctrl Pts',(-2.29304589438926,5.34591751069914,55.0448208190756));
#7917=CARTESIAN_POINT('Ctrl Pts',(-4.55660485071825,3.61583264814426,55.1826361096434));
#7918=CARTESIAN_POINT('Ctrl Pts',(-5.72711213519156,1.01837129570537,55.3204514002112));
#7919=CARTESIAN_POINT('Ctrl Pts',(-5.52378304381818,-1.82337993566938,55.4582666907791));
#7920=CARTESIAN_POINT('Ctrl Pts',(-3.9953927525337,-4.22773346581548,55.5960819813469));
#7921=CARTESIAN_POINT('Ctrl Pts',(-1.50857598562698,-5.61792595185844,55.7338972719147));
#7922=CARTESIAN_POINT('Ctrl Pts',(1.34012239209157,-5.66047396241603,55.8717125624826));
#7923=CARTESIAN_POINT('Ctrl Pts',(3.86734829871443,-4.34517095652237,56.0095278530504));
#7924=CARTESIAN_POINT('Ctrl Pts',(5.46686340704596,-1.98753565846675,56.1473431436183));
#7925=CARTESIAN_POINT('Ctrl Pts',(5.75497136407791,0.846875494756016,56.2851584341861));
#7926=CARTESIAN_POINT('Ctrl Pts',(4.66255999211968,3.4781356823534,56.422973724754));
#7927=CARTESIAN_POINT('Ctrl Pts',(2.45168011971411,5.27505053014412,56.5607890153218));
#7928=CARTESIAN_POINT('Ctrl Pts',(-0.347315936013015,5.80657085942868,56.6986043058896));
#7929=CARTESIAN_POINT('Ctrl Pts',(-3.06299683122946,4.94519402216469,56.8364195964575));
#7930=CARTESIAN_POINT('Ctrl Pts',(-5.04391710599491,2.89754960834618,56.9742348870253));
#7931=CARTESIAN_POINT('Ctrl Pts',(-5.81488782269396,0.154832536825531,57.1120501775932));
#7932=CARTESIAN_POINT('Ctrl Pts',(-5.19096627542024,-2.62502621556938,57.249865468161));
#7933=CARTESIAN_POINT('Ctrl Pts',(-3.32182058609635,-4.77518601718912,57.3876807587289));
#7934=CARTESIAN_POINT('Ctrl Pts',(-0.655826878524985,-5.77986025872451,
57.5254960492967));
#7935=CARTESIAN_POINT('Ctrl Pts',(2.16748849496132,-5.39804475057264,57.6633113398645));
#7936=CARTESIAN_POINT('Ctrl Pts',(4.47086040159296,-3.72133051131296,57.8011266304323));
#7937=CARTESIAN_POINT('Ctrl Pts',(5.70174926511526,-1.15193264681009,57.9389419210003));
#7938=CARTESIAN_POINT('Ctrl Pts',(5.56488587207386,1.69379418337379,58.076757211568));
#7939=CARTESIAN_POINT('Ctrl Pts',(4.09310141275131,4.13320872085776,58.2145725021359));
#7940=CARTESIAN_POINT('Ctrl Pts',(1.63945183909431,5.58113708592458,58.3523877927038));
#7941=CARTESIAN_POINT('Ctrl Pts',(-1.20747422691459,5.69024599613768,58.4902030832716));
#7942=CARTESIAN_POINT('Ctrl Pts',(-3.76474785129901,4.43436208736483,58.6280183738394));
#7943=CARTESIAN_POINT('Ctrl Pts',(-5.41892277132057,2.11475045800642,58.7658336644072));
#7944=CARTESIAN_POINT('Ctrl Pts',(-5.77319068149977,-0.712153684755705,
58.9036489549751));
#7945=CARTESIAN_POINT('Ctrl Pts',(-4.74256875584858,-3.36822432125921,59.0414642455429));
#7946=CARTESIAN_POINT('Ctrl Pts',(-2.57428560186546,-5.21631547951804,59.1792795361108));
#7947=CARTESIAN_POINT('Ctrl Pts',(0.211524712792303,-5.81310164749674,59.3170948266786));
#7948=CARTESIAN_POINT('Ctrl Pts',(2.94659382777371,-5.01542403931287,59.4549101172465));
#7949=CARTESIAN_POINT('Ctrl Pts',(4.97482548556964,-3.01463184209864,59.5927254078143));
#7950=CARTESIAN_POINT('Ctrl Pts',(5.80968133715946,-0.290681023603659,59.7305406983822));
#7951=CARTESIAN_POINT('Ctrl Pts',(5.25089417893784,2.50299934124655,59.86835598895));
#7952=CARTESIAN_POINT('Ctrl Pts',(3.4325065593263,4.69625263955007,60.0061712795178));
#7953=CARTESIAN_POINT('Ctrl Pts',(0.790720575905888,5.76295572614052,60.1439865700857));
#7954=CARTESIAN_POINT('Ctrl Pts',(-2.04074853079035,5.4472229667858,60.2818018606535));
#7955=CARTESIAN_POINT('Ctrl Pts',(-4.38267117588726,3.82479696808589,60.4196171512213));
#7956=CARTESIAN_POINT('Ctrl Pts',(-5.6732778196449,1.28486229711985,60.5574324417892));
#7957=CARTESIAN_POINT('Ctrl Pts',(-5.60293716278501,-1.56327805342755,60.695247732357));
#7958=CARTESIAN_POINT('Ctrl Pts',(-4.18859929791079,-4.03643723787169,60.8330630229249));
#7959=CARTESIAN_POINT('Ctrl Pts',(-1.76938060762764,-5.54127714904293,60.9708783134927));
#7960=CARTESIAN_POINT('Ctrl Pts',(1.07405645229365,-5.71695624762237,61.1086936040606));
#7961=CARTESIAN_POINT('Ctrl Pts',(3.66030030153469,-4.52102596419547,61.2465088946284));
#7962=CARTESIAN_POINT('Ctrl Pts',(4.79818833481673,-3.00095724273087,61.338385755007));
#7963=CARTESIAN_POINT('Ctrl Pts',(5.1529745378785,-2.15104131811865,61.3843241851962));
#7964=CARTESIAN_POINT('Ctrl Pts',(-2.58391981634372,5.32271443393371,50.0000011920929));
#7965=CARTESIAN_POINT('Ctrl Pts',(-3.46183212239329,4.89653056989782,50.0459396222822));
#7966=CARTESIAN_POINT('Ctrl Pts',(-5.0018566278363,3.60179636164944,50.1378164826607));
#7967=CARTESIAN_POINT('Ctrl Pts',(-6.11231558954543,0.794217513882667,50.2756317732286));
#7968=CARTESIAN_POINT('Ctrl Pts',(-5.75634029638557,-2.20338711757044,50.4134470637964));
#7969=CARTESIAN_POINT('Ctrl Pts',(-4.01960631806979,-4.6726815080466,50.5512623543643));
#7970=CARTESIAN_POINT('Ctrl Pts',(-1.31859422456168,-6.02096299187122,50.689077644932));
#7971=CARTESIAN_POINT('Ctrl Pts',(1.6987053527405,-5.92497435494082,50.8268929355));
#7972=CARTESIAN_POINT('Ctrl Pts',(4.30852451082009,-4.40765862972877,50.9647082260677));
#7973=CARTESIAN_POINT('Ctrl Pts',(5.88479743505069,-1.83303384386367,51.1025235166357));
#7974=CARTESIAN_POINT('Ctrl Pts',(6.04941028051998,1.1813106809809,51.2403388072034));
#7975=CARTESIAN_POINT('Ctrl Pts',(4.76287182096585,3.91227595591565,51.3781540977713));
#7976=CARTESIAN_POINT('Ctrl Pts',(2.33380230005864,5.70475449540826,51.5159693883391));
#7977=CARTESIAN_POINT('Ctrl Pts',(-0.655106785193142,6.12875918235408,51.653784678907));
#7978=CARTESIAN_POINT('Ctrl Pts',(-3.486866819301,5.08257956043375,51.7915999694748));
#7979=CARTESIAN_POINT('Ctrl Pts',(-5.48218712228309,2.8171757578972,51.9294152600427));
#7980=CARTESIAN_POINT('Ctrl Pts',(-6.1624243479141,-0.124020311498246,52.0672305506105));
#7981=CARTESIAN_POINT('Ctrl Pts',(-5.36440124718809,-3.03546606359037,52.2050458411783));
#7982=CARTESIAN_POINT('Ctrl Pts',(-3.2795499105538,-5.21875533833102,52.3428611317462));
#7983=CARTESIAN_POINT('Ctrl Pts',(-0.407990571873425,-6.15015435805701,
52.480676422314));
#7984=CARTESIAN_POINT('Ctrl Pts',(2.56143873759495,-5.60623639458258,52.6184917128819));
#7985=CARTESIAN_POINT('Ctrl Pts',(4.91642264537747,-3.71747808272166,52.7563070034497));
#7986=CARTESIAN_POINT('Ctrl Pts',(6.09204073880234,-0.936960276486089,52.8941222940176));
#7987=CARTESIAN_POINT('Ctrl Pts',(5.80628231758751,2.06831829530704,53.0319375845854));
#7988=CARTESIAN_POINT('Ctrl Pts',(4.12769594616465,4.57744263743149,53.1697528751532));
#7989=CARTESIAN_POINT('Ctrl Pts',(1.45894582281265,5.98851667849432,53.3075681657211));
#7990=CARTESIAN_POINT('Ctrl Pts',(-1.55978048301105,5.96304785890064,53.4453834562889));
#7991=CARTESIAN_POINT('Ctrl Pts',(-4.20434209373878,4.50714571336017,53.5831987468568));
#7992=CARTESIAN_POINT('Ctrl Pts',(-5.84035385096981,1.97005629821139,53.7210140374246));
#7993=CARTESIAN_POINT('Ctrl Pts',(-6.07536447903434,-1.03961597215163,53.8588293279924));
#7994=CARTESIAN_POINT('Ctrl Pts',(-4.85299894249706,-3.79990212857908,53.9966446185603));
#7995=CARTESIAN_POINT('Ctrl Pts',(-2.46648185422453,-5.64865667087705,54.1344599091281));
#7996=CARTESIAN_POINT('Ctrl Pts',(0.511702100648901,-6.14239496311101,54.2722751996959));
#7997=CARTESIAN_POINT('Ctrl Pts',(3.36713746201226,-5.162677622569,54.4100904902638));
#7998=CARTESIAN_POINT('Ctrl Pts',(5.41485406065692,-2.94452210459491,54.5479057808316));
#7999=CARTESIAN_POINT('Ctrl Pts',(6.16363966182375,-0.0200260294105943,
54.6857210713995));
#8000=CARTESIAN_POINT('Ctrl Pts',(5.43387338987602,2.9092739481627,54.8235363619673));
#8001=CARTESIAN_POINT('Ctrl Pts',(3.40061370824192,5.14068879917642,54.9613516525351));
#8002=CARTESIAN_POINT('Ctrl Pts',(0.551604884229754,6.13894021589677,55.099166943103));
#8003=CARTESIAN_POINT('Ctrl Pts',(-2.42972452948993,5.66456473468667,55.2369822336709));
#8004=CARTESIAN_POINT('Ctrl Pts',(-4.82820453095716,3.83135693063248,55.3747975242386));
#8005=CARTESIAN_POINT('Ctrl Pts',(-6.0684807365012,1.07907204271759,55.5126128148065));
#8006=CARTESIAN_POINT('Ctrl Pts',(-5.85303206969623,-1.93206379650577,55.6504281053744));
#8007=CARTESIAN_POINT('Ctrl Pts',(-4.23354098560815,-4.47973053272591,55.7882433959422));
#8008=CARTESIAN_POINT('Ctrl Pts',(-1.59849573261751,-5.95278643287867,55.92605868651));
#8009=CARTESIAN_POINT('Ctrl Pts',(1.42000134255963,-5.9978705479353,56.0638739770779));
#8010=CARTESIAN_POINT('Ctrl Pts',(4.09786435084429,-4.60416796878006,56.2016892676457));
#8011=CARTESIAN_POINT('Ctrl Pts',(5.79271969739983,-2.10600413817657,56.3395045582136));
#8012=CARTESIAN_POINT('Ctrl Pts',(6.09800053458439,0.897354112304262,56.4773198487814));
#8013=CARTESIAN_POINT('Ctrl Pts',(4.94047520409046,3.68545243904031,56.6151351393492));
#8014=CARTESIAN_POINT('Ctrl Pts',(2.59781426089546,5.58947367723913,56.7529504299171));
#8015=CARTESIAN_POINT('Ctrl Pts',(-0.368017949958363,6.15267565463752,56.8907657204849));
#8016=CARTESIAN_POINT('Ctrl Pts',(-3.24556894076921,5.23995583696799,57.0285810110528));
#8017=CARTESIAN_POINT('Ctrl Pts',(-5.34456338058329,3.07026011822926,57.1663963016206));
#8018=CARTESIAN_POINT('Ctrl Pts',(-6.16148835642685,0.164061440553215,57.3042115921884));
#8019=CARTESIAN_POINT('Ctrl Pts',(-5.50037752057415,-2.7814927743615,57.4420268827563));
#8020=CARTESIAN_POINT('Ctrl Pts',(-3.51982007004384,-5.05981438366805,57.5798421733241));
#8021=CARTESIAN_POINT('Ctrl Pts',(-0.694917907116456,-6.12437294953808,
57.7176574638919));
#8022=CARTESIAN_POINT('Ctrl Pts',(2.29668319176725,-5.71979905585101,57.8554727544599));
#8023=CARTESIAN_POINT('Ctrl Pts',(4.73734922282003,-3.94314306913802,57.9932880450276));
#8024=CARTESIAN_POINT('Ctrl Pts',(6.04160609447444,-1.22059441336224,58.1311033355956));
#8025=CARTESIAN_POINT('Ctrl Pts',(5.89658486132965,1.79475399307121,58.2689186261633));
#8026=CARTESIAN_POINT('Ctrl Pts',(4.33707364016827,4.37957157296434,58.4067339167312));
#8027=CARTESIAN_POINT('Ctrl Pts',(1.73717253462377,5.91380474036639,58.544549207299));
#8028=CARTESIAN_POINT('Ctrl Pts',(-1.27944658894089,6.0294171649495,58.6823644978669));
#8029=CARTESIAN_POINT('Ctrl Pts',(-3.98914833062339,4.69867540055502,58.8201797884347));
#8030=CARTESIAN_POINT('Ctrl Pts',(-5.74192152590821,2.24080166652609,58.9579950790026));
#8031=CARTESIAN_POINT('Ctrl Pts',(-6.11730582740856,-0.754602112784331,
59.0958103695704));
#8032=CARTESIAN_POINT('Ctrl Pts',(-5.02525294721455,-3.56898973291932,59.2336256601382));
#8033=CARTESIAN_POINT('Ctrl Pts',(-2.72772773020803,-5.52723768205203,59.3714409507061));
#8034=CARTESIAN_POINT('Ctrl Pts',(0.224132794080713,-6.15959571498375,59.5092562412739));
#8035=CARTESIAN_POINT('Ctrl Pts',(3.12222765331623,-5.31437196435079,59.6470715318417));
#8036=CARTESIAN_POINT('Ctrl Pts',(5.27135350487158,-3.19432112198495,59.7848868224096));
#8037=CARTESIAN_POINT('Ctrl Pts',(6.15597153461069,-0.308007273223448,59.9227021129774));
#8038=CARTESIAN_POINT('Ctrl Pts',(5.56387746949969,2.65219240120953,60.0605174035453));
#8039=CARTESIAN_POINT('Ctrl Pts',(3.6371035596091,4.97617612578827,60.1983326941131));
#8040=CARTESIAN_POINT('Ctrl Pts',(0.837852039486831,6.10646081023928,60.336147984681));
#8041=CARTESIAN_POINT('Ctrl Pts',(-2.16238880168707,5.77190857469755,60.4739632752488));
#8042=CARTESIAN_POINT('Ctrl Pts',(-4.64390341545169,4.05277671782151,60.6117785658166));
#8043=CARTESIAN_POINT('Ctrl Pts',(-6.01143758820135,1.36144743023574,60.7495938563845));
#8044=CARTESIAN_POINT('Ctrl Pts',(-5.93690422634796,-1.65645835616293,60.8874091469523));
#8045=CARTESIAN_POINT('Ctrl Pts',(-4.43826374484703,-4.27703195675269,61.0252244375202));
#8046=CARTESIAN_POINT('Ctrl Pts',(-1.87484580002343,-5.87156892353332,61.163039728088));
#8047=CARTESIAN_POINT('Ctrl Pts',(1.13807635275868,-6.05771950001397,61.3008550186558));
#8048=CARTESIAN_POINT('Ctrl Pts',(3.87847511020139,-4.79050493954128,61.4386703092237));
#8049=CARTESIAN_POINT('Ctrl Pts',(5.08418777083473,-3.17983143837412,61.5305471696022));
#8050=CARTESIAN_POINT('Ctrl Pts',(5.46012125843437,-2.27925566922474,61.5764855997915));
#8051=CARTESIAN_POINT('',(-4.61432127945639,-3.7037571295099,61.0000013560057));
#8052=CARTESIAN_POINT('Ctrl Pts',(-4.61432127945634,-3.70375712950996,61.0000013560057));
#8053=CARTESIAN_POINT('Ctrl Pts',(-4.50097406384989,-3.82379939639496,61.0000013560057));
#8054=CARTESIAN_POINT('Ctrl Pts',(-4.3828385727605,-3.93879259143938,61.0000013560057));
#8055=CARTESIAN_POINT('Ctrl Pts',(-4.26014695086338,-4.04838774934047,61.0000013560057));
#8056=CARTESIAN_POINT('Ctrl Pts',(-4.24990974911193,-4.0575322021162,61.0000013560057));
#8057=CARTESIAN_POINT('Ctrl Pts',(-4.23964080743004,-4.06663905164404,61.0000013560057));
#8058=CARTESIAN_POINT('Ctrl Pts',(-4.22934024990737,-4.07570808274436,61.0000013560057));
#8059=CARTESIAN_POINT('Ctrl Pts',(-4.10556090523994,-4.18468846792202,61.0000013560057));
#8060=CARTESIAN_POINT('Ctrl Pts',(-3.9772184341946,-4.28821148717949,61.0000013560057));
#8061=CARTESIAN_POINT('Ctrl Pts',(-3.8447194745656,-4.386079019574,61.0000013560057));
#8062=CARTESIAN_POINT('Ctrl Pts',(-3.7122282544436,-4.48394083534663,61.0000013560057));
#8063=CARTESIAN_POINT('Ctrl Pts',(-3.57558030397347,-4.57614811572322,61.0000013560057));
#8064=CARTESIAN_POINT('Ctrl Pts',(-3.43516117109607,-4.66245532769588,61.0000013560057));
#8065=CARTESIAN_POINT('Ctrl Pts',(-3.30261727565715,-4.74392210394579,61.0000013560057));
#8066=CARTESIAN_POINT('Ctrl Pts',(-3.16671267241104,-4.82013187187612,61.0000013560057));
#8067=CARTESIAN_POINT('Ctrl Pts',(-3.0277631075106,-4.89083582602899,61.0000013560057));
#8068=CARTESIAN_POINT('Ctrl Pts',(-2.97565702067293,-4.91734980883632,61.0000013560057));
#8069=CARTESIAN_POINT('Ctrl Pts',(-2.92312269550147,-4.94308910517543,61.0000013560057));
#8070=CARTESIAN_POINT('Ctrl Pts',(-2.87017672382024,-4.96803900469638,61.0000013560057));
#8071=CARTESIAN_POINT('Ctrl Pts',(-2.84445806084232,-4.98015849248245,61.0000013560057));
#8072=CARTESIAN_POINT('Ctrl Pts',(-2.8186422677523,-4.992091704025,61.0000013560057));
#8073=CARTESIAN_POINT('Ctrl Pts',(-2.79273125027011,-5.00383687659218,61.0000013560057));
#8074=CARTESIAN_POINT('Ctrl Pts',(-2.77422557265559,-5.01222529195273,61.0000013560057));
#8075=CARTESIAN_POINT('Ctrl Pts',(-2.75567617163223,-5.02051556324973,61.0000013560057));
#8076=CARTESIAN_POINT('Ctrl Pts',(-2.73709080796367,-5.02870419286918,61.0000013560057));
#8077=CARTESIAN_POINT('Ctrl Pts',(-2.58943771879368,-5.09375949557641,61.0000013560057));
#8078=CARTESIAN_POINT('Ctrl Pts',(-2.43938126569284,-5.15246489211454,61.0000013560057));
#8079=CARTESIAN_POINT('Ctrl Pts',(-2.28729986132286,-5.20463039065213,61.0000013560057));
#8080=CARTESIAN_POINT('Ctrl Pts',(-2.13635678984727,-5.25640542920427,61.0000013560057));
#8081=CARTESIAN_POINT('Ctrl Pts',(-1.98341826579939,-5.30173829025776,61.0000013560057));
#8082=CARTESIAN_POINT('Ctrl Pts',(-1.828842634468,-5.34039346162939,61.0000013560057));
#8083=CARTESIAN_POINT('Ctrl Pts',(-1.79066739372488,-5.34994005354928,61.0000013560057));
#8084=CARTESIAN_POINT('Ctrl Pts',(-1.75239227278056,-5.35907910518004,61.0000013560057));
#8085=CARTESIAN_POINT('Ctrl Pts',(-1.71402263423231,-5.36780657664228,61.0000013560057));
#8086=CARTESIAN_POINT('Ctrl Pts',(-1.55741582436858,-5.40342800847203,61.0000013560057));
#8087=CARTESIAN_POINT('Ctrl Pts',(-1.39923387530911,-5.43219698168964,61.0000013560057));
#8088=CARTESIAN_POINT('Ctrl Pts',(-1.23993090691892,-5.45407982149542,61.0000013560057));
#8089=CARTESIAN_POINT('Ctrl Pts',(-1.08216493358278,-5.47575153016604,61.0000013560057));
#8090=CARTESIAN_POINT('Ctrl Pts',(-0.923298731389107,-5.49066918506992,
61.0000013560057));
#8091=CARTESIAN_POINT('Ctrl Pts',(-0.763786955883152,-5.49875108609,61.0000013560057));
#8092=CARTESIAN_POINT('Ctrl Pts',(-0.737976189437201,-5.50005882690729,
61.0000013560057));
#8093=CARTESIAN_POINT('Ctrl Pts',(-0.712148562782018,-5.50118748629191,
61.0000013560057));
#8094=CARTESIAN_POINT('Ctrl Pts',(-0.686306056053225,-5.50213660020013,
61.0000013560057));
#8095=CARTESIAN_POINT('Ctrl Pts',(-0.666509816725246,-5.50286365374311,
61.0000013560057));
#8096=CARTESIAN_POINT('Ctrl Pts',(-0.646705637441541,-5.50348527226373,
61.0000013560057));
#8097=CARTESIAN_POINT('Ctrl Pts',(-0.626907498325203,-5.50400105842898,
61.0000013560057));
#8098=CARTESIAN_POINT('Ctrl Pts',(-0.469541774984861,-5.50810079035362,
61.0000013560057));
#8099=CARTESIAN_POINT('Ctrl Pts',(-0.31233953687204,-5.50552709246355,61.0000013560057));
#8100=CARTESIAN_POINT('Ctrl Pts',(-0.155725663896482,-5.49630791948632,
61.0000013560057));
#8101=CARTESIAN_POINT('Ctrl Pts',(0.000416314453965894,-5.4871165248795,
61.0000013560057));
#8102=CARTESIAN_POINT('Ctrl Pts',(0.155974222101798,-5.47131950129339,61.0000013560057));
#8103=CARTESIAN_POINT('Ctrl Pts',(0.310518430770755,-5.44889368758809,61.0000013560057));
#8104=CARTESIAN_POINT('Ctrl Pts',(0.462605413419352,-5.42682444041762,61.0000013560057));
#8105=CARTESIAN_POINT('Ctrl Pts',(0.613711323881363,-5.39833529658099,61.0000013560057));
#8106=CARTESIAN_POINT('Ctrl Pts',(0.763408065110891,-5.36335770905924,61.0000013560057));
#8107=CARTESIAN_POINT('Ctrl Pts',(0.841485162962162,-5.34511450282036,61.0000013560057));
#8108=CARTESIAN_POINT('Ctrl Pts',(0.919178550524468,-5.32510546987264,61.0000013560057));
#8109=CARTESIAN_POINT('Ctrl Pts',(0.996424547058976,-5.30331603871438,61.0000013560057));
#8110=CARTESIAN_POINT('Ctrl Pts',(1.10155552411299,-5.27366085540537,61.0000013560057));
#8111=CARTESIAN_POINT('Ctrl Pts',(1.20585818234062,-5.24070807713918,61.0000013560057));
#8112=CARTESIAN_POINT('Ctrl Pts',(1.30918201646858,-5.20450956252474,61.0000013560057));
#8113=CARTESIAN_POINT('Ctrl Pts',(1.34131584616237,-5.19325178339172,61.0000013560057));
#8114=CARTESIAN_POINT('Ctrl Pts',(1.37335493560463,-5.18168000866276,61.0000013560057));
#8115=CARTESIAN_POINT('Ctrl Pts',(1.4052945686898,-5.16979563466544,61.0000013560057));
#8116=CARTESIAN_POINT('Ctrl Pts',(1.42317840644512,-5.16314126215512,61.0000013560057));
#8117=CARTESIAN_POINT('Ctrl Pts',(1.44102226801285,-5.15639215130327,61.0000013560057));
#8118=CARTESIAN_POINT('Ctrl Pts',(1.4588245447395,-5.1495491675103,61.0000013560057));
#8119=CARTESIAN_POINT('Ctrl Pts',(1.60144898709756,-5.09472602536267,61.0000013560057));
#8120=CARTESIAN_POINT('Ctrl Pts',(1.74142604662075,-5.03387409085795,61.0000013560057));
#8121=CARTESIAN_POINT('Ctrl Pts',(1.87839991890318,-4.96723129713333,61.0000013560057));
#8122=CARTESIAN_POINT('Ctrl Pts',(2.01551000418993,-4.90052223080506,61.0000013560057));
#8123=CARTESIAN_POINT('Ctrl Pts',(2.1496115648384,-4.82801031182748,61.0000013560057));
#8124=CARTESIAN_POINT('Ctrl Pts',(2.28031967445423,-4.74989074996025,61.0000013560057));
#8125=CARTESIAN_POINT('Ctrl Pts',(2.40982978190284,-4.67248719113746,61.0000013560057));
#8126=CARTESIAN_POINT('Ctrl Pts',(2.5360089058243,-4.58957781138618,61.0000013560057));
#8127=CARTESIAN_POINT('Ctrl Pts',(2.65844632234618,-4.50131721514473,61.0000013560057));
#8128=CARTESIAN_POINT('Ctrl Pts',(2.7619530912685,-4.42670302121917,61.0000013560057));
#8129=CARTESIAN_POINT('Ctrl Pts',(2.86278532473852,-4.34826370925053,61.0000013560057));
#8130=CARTESIAN_POINT('Ctrl Pts',(2.9606700032611,-4.2660765815573,61.0000013560057));
#8131=CARTESIAN_POINT('Ctrl Pts',(3.01586561330564,-4.2197325702237,61.0000013560057));
#8132=CARTESIAN_POINT('Ctrl Pts',(3.07012356648931,-4.17219663541601,61.0000013560057));
#8133=CARTESIAN_POINT('Ctrl Pts',(3.12339122288343,-4.12348092671514,61.0000013560057));
#8134=CARTESIAN_POINT('Ctrl Pts',(3.13899107081243,-4.1092141521106,61.0000013560057));
#8135=CARTESIAN_POINT('Ctrl Pts',(3.15450540924886,-4.09484662187966,61.0000013560057));
#8136=CARTESIAN_POINT('Ctrl Pts',(3.16992345462354,-4.08038771400363,61.0000013560057));
#8137=CARTESIAN_POINT('Ctrl Pts',(3.19522324486635,-4.05666179236347,61.0000013560057));
#8138=CARTESIAN_POINT('Ctrl Pts',(3.22027061832116,-4.03268360199594,61.0000013560057));
#8139=CARTESIAN_POINT('Ctrl Pts',(3.24506085058264,-4.00845537062298,61.0000013560057));
#8140=CARTESIAN_POINT('Ctrl Pts',(3.35214645189659,-3.90379742720474,61.0000013560057));
#8141=CARTESIAN_POINT('Ctrl Pts',(3.45443739141803,-3.79447608352035,61.0000013560057));
#8142=CARTESIAN_POINT('Ctrl Pts',(3.55170615926286,-3.68086556883686,61.0000013560057));
#8143=CARTESIAN_POINT('Ctrl Pts',(3.64883362909618,-3.56742009109347,61.0000013560057));
#8144=CARTESIAN_POINT('Ctrl Pts',(3.74095383928753,-3.44969715507,61.0000013560057));
#8145=CARTESIAN_POINT('Ctrl Pts',(3.82779349077722,-3.32804730776663,61.0000013560057));
#8146=CARTESIAN_POINT('Ctrl Pts',(3.86669715008504,-3.27354888299001,61.0000013560057));
#8147=CARTESIAN_POINT('Ctrl Pts',(3.90454035151853,-3.21826210400893,61.0000013560057));
#8148=CARTESIAN_POINT('Ctrl Pts',(3.94129520078604,-3.16221764667807,61.0000013560057));
#8149=CARTESIAN_POINT('Ctrl Pts',(3.95562878681978,-3.14036153607291,61.0000013560057));
#8150=CARTESIAN_POINT('Ctrl Pts',(3.96979683013628,-3.11839019175308,61.0000013560057));
#8151=CARTESIAN_POINT('Ctrl Pts',(3.98379758712004,-3.09630542108398,61.0000013560057));
#8152=CARTESIAN_POINT('Ctrl Pts',(3.99598688002385,-3.07707805082741,61.0000013560057));
#8153=CARTESIAN_POINT('Ctrl Pts',(4.00804843654398,-3.05776608604025,61.0000013560057));
#8154=CARTESIAN_POINT('Ctrl Pts',(4.01997512337651,-3.03838081928128,61.0000013560057));
#8155=CARTESIAN_POINT('Ctrl Pts',(4.0968761141129,-2.91338833474749,61.0000013560057));
#8156=CARTESIAN_POINT('Ctrl Pts',(4.16824648464296,-2.78523614560241,61.0000013560057));
#8157=CARTESIAN_POINT('Ctrl Pts',(4.23384742630087,-2.65427086542857,61.0000013560057));
#8158=CARTESIAN_POINT('Ctrl Pts',(4.2983659387335,-2.52546653970408,61.0000013560057));
#8159=CARTESIAN_POINT('Ctrl Pts',(4.35730400228166,-2.39394049161002,61.0000013560057));
#8160=CARTESIAN_POINT('Ctrl Pts',(4.41038599752873,-2.26001148473935,61.0000013560057));
#8161=CARTESIAN_POINT('Ctrl Pts',(4.45792659143117,-2.14006376051081,61.0000013560057));
#8162=CARTESIAN_POINT('Ctrl Pts',(4.50076946925598,-2.01818814001495,61.0000013560057));
#8163=CARTESIAN_POINT('Ctrl Pts',(4.53868109676678,-1.89461261590646,61.0000013560057));
#8164=CARTESIAN_POINT('Ctrl Pts',(-5.91628154096056,4.43138918205904E-5,
60.811625999888));
#8165=CARTESIAN_POINT('Ctrl Pts',(-5.91614034703331,-0.536699156244752,
60.8368870489095));
#8166=CARTESIAN_POINT('Ctrl Pts',(-5.84373160444237,-1.07347978963842,60.8621480979309));
#8167=CARTESIAN_POINT('Ctrl Pts',(-5.69955303974004,-1.59023632519478,60.8874091469523));
#8168=CARTESIAN_POINT('Ctrl Pts',(-5.48534468700161,-2.35798960722307,60.9249398833034));
#8169=CARTESIAN_POINT('Ctrl Pts',(-5.11271514209222,-3.08154267587183,60.9624706196546));
#8170=CARTESIAN_POINT('Ctrl Pts',(-4.61432127945639,-3.7037571295099,61.0000013560057));
#8171=CARTESIAN_POINT('',(-2.85723177271418,-4.00333435947826,50.0000011920929));
#8172=CARTESIAN_POINT('Ctrl Pts',(-2.85723177271421,-4.00333435947825,50.0000011920929));
#8173=CARTESIAN_POINT('Ctrl Pts',(-2.98732549956693,-3.92866071888349,50.0000011920929));
#8174=CARTESIAN_POINT('Ctrl Pts',(-3.11377741125901,-3.8481177077011,50.0000011920929));
#8175=CARTESIAN_POINT('Ctrl Pts',(-3.23616647324946,-3.76194504004444,50.0000011920929));
#8176=CARTESIAN_POINT('Ctrl Pts',(-3.35472841009402,-3.67846700520801,50.0000011920929));
#8177=CARTESIAN_POINT('Ctrl Pts',(-3.46947855363587,-3.58970564397555,50.0000011920929));
#8178=CARTESIAN_POINT('Ctrl Pts',(-3.58019826862219,-3.49603495004305,50.0000011920929));
#8179=CARTESIAN_POINT('Ctrl Pts',(-3.64663427003334,-3.43982900374837,50.0000011920929));
#8180=CARTESIAN_POINT('Ctrl Pts',(-3.71161879542623,-3.38185449767446,50.0000011920929));
#8181=CARTESIAN_POINT('Ctrl Pts',(-3.77510065553179,-3.32218422508616,50.0000011920929));
#8182=CARTESIAN_POINT('Ctrl Pts',(-3.8118284849615,-3.28766161358733,50.0000011920929));
#8183=CARTESIAN_POINT('Ctrl Pts',(-3.84805327049899,-3.25257127620491,50.0000011920929));
#8184=CARTESIAN_POINT('Ctrl Pts',(-3.88376454076209,-3.21692648493171,50.0000011920929));
#8185=CARTESIAN_POINT('Ctrl Pts',(-3.89873976026109,-3.20197914283551,50.0000011920929));
#8186=CARTESIAN_POINT('Ctrl Pts',(-3.91362265275853,-3.18693626195901,50.0000011920929));
#8187=CARTESIAN_POINT('Ctrl Pts',(-3.92840662179746,-3.17180503255042,50.0000011920929));
#8188=CARTESIAN_POINT('Ctrl Pts',(-4.03247229927391,-3.0652949583403,50.0000011920929));
#8189=CARTESIAN_POINT('Ctrl Pts',(-4.1317248016309,-2.95432521782832,50.0000011920929));
#8190=CARTESIAN_POINT('Ctrl Pts',(-4.22594069775132,-2.839296326105,50.0000011920929));
#8191=CARTESIAN_POINT('Ctrl Pts',(-4.32076236179541,-2.7235278477963,50.0000011920929));
#8192=CARTESIAN_POINT('Ctrl Pts',(-4.41048304829633,-2.60364736130401,50.0000011920929));
#8193=CARTESIAN_POINT('Ctrl Pts',(-4.49484774763929,-2.48001763275113,50.0000011920929));
#8194=CARTESIAN_POINT('Ctrl Pts',(-4.56239599787225,-2.38103106721409,50.0000011920929));
#8195=CARTESIAN_POINT('Ctrl Pts',(-4.62651027167584,-2.27963998221094,50.0000011920929));
#8196=CARTESIAN_POINT('Ctrl Pts',(-4.68704323005201,-2.17601304370342,50.0000011920929));
#8197=CARTESIAN_POINT('Ctrl Pts',(-4.70081656289724,-2.15243434617923,50.0000011920929));
#8198=CARTESIAN_POINT('Ctrl Pts',(-4.71440602101142,-2.12873681666542,50.0000011920929));
#8199=CARTESIAN_POINT('Ctrl Pts',(-4.72779726643388,-2.10494502710846,50.0000011920929));
#8200=CARTESIAN_POINT('Ctrl Pts',(-4.77325972845256,-2.02417335166173,50.0000011920929));
#8201=CARTESIAN_POINT('Ctrl Pts',(-4.81646773696671,-1.94226604827146,50.0000011920929));
#8202=CARTESIAN_POINT('Ctrl Pts',(-4.85737151351695,-1.85931457715615,50.0000011920929));
#8203=CARTESIAN_POINT('Ctrl Pts',(-4.92345404293372,-1.72530144945856,50.0000011920929));
#8204=CARTESIAN_POINT('Ctrl Pts',(-4.98352471178648,-1.58856490732186,50.0000011920929));
#8205=CARTESIAN_POINT('Ctrl Pts',(-5.03760010733243,-1.44955424722611,50.0000011920929));
#8206=CARTESIAN_POINT('Ctrl Pts',(-5.09247691662118,-1.30848340703788,50.0000011920929));
#8207=CARTESIAN_POINT('Ctrl Pts',(-5.14117975931307,-1.16506995101309,50.0000011920929));
#8208=CARTESIAN_POINT('Ctrl Pts',(-5.18368480815478,-1.01974885285958,50.0000011920929));
#8209=CARTESIAN_POINT('Ctrl Pts',(-5.22433528051876,-0.880768391823268,
50.0000011920929));
#8210=CARTESIAN_POINT('Ctrl Pts',(-5.25931691728037,-0.740042364687569,
50.0000011920929));
#8211=CARTESIAN_POINT('Ctrl Pts',(-5.28857041578328,-0.597930213108467,
50.0000011920929));
#8212=CARTESIAN_POINT('Ctrl Pts',(-5.31051053966046,-0.49134609942414,50.0000011920929));
#8213=CARTESIAN_POINT('Ctrl Pts',(-5.32922783392235,-0.383981816382134,
50.0000011920929));
#8214=CARTESIAN_POINT('Ctrl Pts',(-5.34468237342133,-0.275984354233152,
50.0000011920929));
#8215=CARTESIAN_POINT('Ctrl Pts',(-5.34760819918416,-0.255538467955131,
50.0000011920929));
#8216=CARTESIAN_POINT('Ctrl Pts',(-5.35041730262602,-0.235067909262632,
50.0000011920929));
#8217=CARTESIAN_POINT('Ctrl Pts',(-5.35310854094132,-0.214579923102831,
50.0000011920929));
#8218=CARTESIAN_POINT('Ctrl Pts',(-5.37351760433675,-0.0592088413214077,
50.0000011920929));
#8219=CARTESIAN_POINT('Ctrl Pts',(-5.38709728250255,0.0967357267019164,
50.0000011920929));
#8220=CARTESIAN_POINT('Ctrl Pts',(-5.39385213989579,0.252782897370957,50.0000011920929));
#8221=CARTESIAN_POINT('Ctrl Pts',(-5.40032133474596,0.402230841880614,50.0000011920929));
#8222=CARTESIAN_POINT('Ctrl Pts',(-5.40053064613778,0.551773694938513,50.0000011920929));
#8223=CARTESIAN_POINT('Ctrl Pts',(-5.3944444837382,0.701018780746733,50.0000011920929));
#8224=CARTESIAN_POINT('Ctrl Pts',(-5.3881188357842,0.856136539640888,50.0000011920929));
#8225=CARTESIAN_POINT('Ctrl Pts',(-5.37499326151161,1.01093328307083,50.0000011920929));
#8226=CARTESIAN_POINT('Ctrl Pts',(-5.35525541888779,1.16501438475742,50.0000011920929));
#8227=CARTESIAN_POINT('Ctrl Pts',(-5.33536866874528,1.32025791513324,50.0000011920929));
#8228=CARTESIAN_POINT('Ctrl Pts',(-5.30876944946071,1.4747756942221,50.0000011920929));
#8229=CARTESIAN_POINT('Ctrl Pts',(-5.27559688228083,1.62816611239796,50.0000011920929));
#8230=CARTESIAN_POINT('Ctrl Pts',(-5.266451587256,1.67045408548709,50.0000011920929));
#8231=CARTESIAN_POINT('Ctrl Pts',(-5.25680638621984,1.71265635004664,50.0000011920929));
#8232=CARTESIAN_POINT('Ctrl Pts',(-5.246663504608,1.75476440109857,50.0000011920929));
#8233=CARTESIAN_POINT('Ctrl Pts',(-5.23808835429313,1.79036403452178,50.0000011920929));
#8234=CARTESIAN_POINT('Ctrl Pts',(-5.22915747629037,1.82589632730643,50.0000011920929));
#8235=CARTESIAN_POINT('Ctrl Pts',(-5.21987205193639,1.86135610068707,50.0000011920929));
#8236=CARTESIAN_POINT('Ctrl Pts',(-5.21488021517097,1.88041924672184,50.0000011920929));
#8237=CARTESIAN_POINT('Ctrl Pts',(-5.20978629513508,1.89945978525387,50.0000011920929));
#8238=CARTESIAN_POINT('Ctrl Pts',(-5.20459379180521,1.91846538832147,50.0000011920929));
#8239=CARTESIAN_POINT('Ctrl Pts',(-5.16253095168126,2.07242381501971,50.0000011920929));
#8240=CARTESIAN_POINT('Ctrl Pts',(-5.11394924789067,2.22429724550665,50.0000011920929));
#8241=CARTESIAN_POINT('Ctrl Pts',(-5.05908447856392,2.3736759466344,50.0000011920929));
#8242=CARTESIAN_POINT('Ctrl Pts',(-5.00369700464298,2.52447780025709,50.0000011920929));
#8243=CARTESIAN_POINT('Ctrl Pts',(-4.9419061007062,2.67273790456455,50.0000011920929));
#8244=CARTESIAN_POINT('Ctrl Pts',(-4.8739012674404,2.81803812371426,50.0000011920929));
#8245=CARTESIAN_POINT('Ctrl Pts',(-4.80578146918239,2.96358397891309,50.0000011920929));
#8246=CARTESIAN_POINT('Ctrl Pts',(-4.73142657183949,3.1061607076218,50.0000011920929));
#8247=CARTESIAN_POINT('Ctrl Pts',(-4.65097575007656,3.24534003002364,50.0000011920929));
#8248=CARTESIAN_POINT('Ctrl Pts',(-4.63690357026848,3.26968479627323,50.0000011920929));
#8249=CARTESIAN_POINT('Ctrl Pts',(-4.62264475729651,3.29392557947032,50.0000011920929));
#8250=CARTESIAN_POINT('Ctrl Pts',(-4.60819990011314,3.31806003469742,50.0000011920929));
#8251=CARTESIAN_POINT('Ctrl Pts',(-4.54671291368778,3.4207924398776,50.0000011920929));
#8252=CARTESIAN_POINT('Ctrl Pts',(-4.48185608562684,3.52159886882081,50.0000011920929));
#8253=CARTESIAN_POINT('Ctrl Pts',(-4.41376020088572,3.62036476024783,50.0000011920929));
#8254=CARTESIAN_POINT('Ctrl Pts',(-4.38396825131147,3.66357483774715,50.0000011920929));
#8255=CARTESIAN_POINT('Ctrl Pts',(-4.35355614057125,3.70639424369391,50.0000011920929));
#8256=CARTESIAN_POINT('Ctrl Pts',(-4.32253398925022,3.74881287366115,50.0000011920929));
#8257=CARTESIAN_POINT('Ctrl Pts',(-4.30572226361972,3.77180065298217,50.0000011920929));
#8258=CARTESIAN_POINT('Ctrl Pts',(-4.28873137019903,3.79467072489504,50.0000011920929));
#8259=CARTESIAN_POINT('Ctrl Pts',(-4.27156286144417,3.81742143805139,50.0000011920929));
#8260=CARTESIAN_POINT('Ctrl Pts',(-4.25957159886123,3.83331156452085,50.0000011920929));
#8261=CARTESIAN_POINT('Ctrl Pts',(-4.24749474586869,3.84914199755723,50.0000011920929));
#8262=CARTESIAN_POINT('Ctrl Pts',(-4.23534009302456,3.86490302673875,50.0000011920929));
#8263=CARTESIAN_POINT('Ctrl Pts',(-4.13669007254157,3.99282324556588,50.0000011920929));
#8264=CARTESIAN_POINT('Ctrl Pts',(-4.03279218139039,4.1163418856698,50.0000011920929));
#8265=CARTESIAN_POINT('Ctrl Pts',(-3.92404856611835,4.23522694537314,50.0000011920929));
#8266=CARTESIAN_POINT('Ctrl Pts',(-3.81304250576146,4.35658544609933,50.0000011920929));
#8267=CARTESIAN_POINT('Ctrl Pts',(-3.69698669458248,4.47311616423296,50.0000011920929));
#8268=CARTESIAN_POINT('Ctrl Pts',(-3.57625791282896,4.5845539793472,50.0000011920929));
#8269=CARTESIAN_POINT('Ctrl Pts',(-3.45506415449343,4.69642098767971,50.0000011920929));
#8270=CARTESIAN_POINT('Ctrl Pts',(-3.32916090086119,4.80315638736643,50.0000011920929));
#8271=CARTESIAN_POINT('Ctrl Pts',(-3.19888438912838,4.90446460037995,50.0000011920929));
#8272=CARTESIAN_POINT('Ctrl Pts',(-3.06961622927062,5.00498867874639,50.0000011920929));
#8273=CARTESIAN_POINT('Ctrl Pts',(-2.93604171853424,5.10016979991817,50.0000011920929));
#8274=CARTESIAN_POINT('Ctrl Pts',(-2.79845272968071,5.18968386007636,50.0000011920929));
#8275=CARTESIAN_POINT('Ctrl Pts',(-2.72798334094824,5.23553056012751,50.0000011920929));
#8276=CARTESIAN_POINT('Ctrl Pts',(-2.65646032515637,5.27989004749423,50.0000011920929));
#8277=CARTESIAN_POINT('Ctrl Pts',(-2.58391981634372,5.32271443393371,50.0000011920929));
#8278=CARTESIAN_POINT('Ctrl Pts',(-2.85723177271418,-4.00333435947827,50.0000011920929));
#8279=CARTESIAN_POINT('Ctrl Pts',(-2.31745399939293,-4.38775544710984,50.037531928444));
#8280=CARTESIAN_POINT('Ctrl Pts',(-0.94305872322662,-5.00000846401811,50.1210010949844));
#8281=CARTESIAN_POINT('Ctrl Pts',(1.41203491800668,-4.92508642771583,50.2504086917141));
#8282=CARTESIAN_POINT('Ctrl Pts',(3.58142572786427,-3.66383015264521,50.3882239822819));
#8283=CARTESIAN_POINT('Ctrl Pts',(4.8916896919657,-1.52369437657201,50.5260392728497));
#8284=CARTESIAN_POINT('Ctrl Pts',(5.02852277215825,0.981954832760269,50.6638545634176));
#8285=CARTESIAN_POINT('Ctrl Pts',(3.95909820990667,3.2520473604905,50.8016698539855));
#8286=CARTESIAN_POINT('Ctrl Pts',(1.93995405624091,4.74203047231025,50.9394851445533));
#8287=CARTESIAN_POINT('Ctrl Pts',(-0.544552152157212,5.09448089721773,51.0773004351211));
#8288=CARTESIAN_POINT('Ctrl Pts',(-2.89842949829334,4.22485265105053,51.215115725689));
#8289=CARTESIAN_POINT('Ctrl Pts',(-4.5345397571678,2.36728101391348,51.3510628326826));
#8290=CARTESIAN_POINT('Ctrl Pts',(-4.91835301606007,0.777985883438442,51.441071509487));
#8291=CARTESIAN_POINT('Ctrl Pts',(-4.9186424108301,-3.34114058734864E-5,
51.4851417561022));
#8292=CARTESIAN_POINT('Origin',(0.,0.,46.7648606280836));
#8293=CARTESIAN_POINT('',(2.85706463458465,-4.00329423553974,50.0000011920929));
#8294=CARTESIAN_POINT('Origin',(0.,0.,50.0000011920929));
#8295=CARTESIAN_POINT('Ctrl Pts',(2.85706463458465,-4.00329423553973,50.0000011920929));
#8296=CARTESIAN_POINT('Ctrl Pts',(3.5173557919895,-3.53205869716666,50.0459396222822));
#8297=CARTESIAN_POINT('Ctrl Pts',(4.59962758431718,-2.25702406869868,50.1378164826608));
#8298=CARTESIAN_POINT('Ctrl Pts',(5.11968924711711,0.19819369972158,50.2756317732286));
#8299=CARTESIAN_POINT('Ctrl Pts',(4.41153512782414,2.60543556389172,50.4134470637964));
#8300=CARTESIAN_POINT('Ctrl Pts',(2.64516779015203,4.38789135165942,50.5512623543643));
#8301=CARTESIAN_POINT('Ctrl Pts',(0.244250768285812,5.11766523446671,50.6890776449321));
#8302=CARTESIAN_POINT('Ctrl Pts',(-2.21524868321113,4.61984762412759,50.8268929354999));
#8303=CARTESIAN_POINT('Ctrl Pts',(-4.14335222276411,3.01378392663948,50.9647082260678));
#8304=CARTESIAN_POINT('Ctrl Pts',(-4.85050351678132,1.25078615367847,51.0690307902624));
#8305=CARTESIAN_POINT('Ctrl Pts',(-4.91836342683104,0.219901227143149,51.1274149242676));
#8306=CARTESIAN_POINT('Ctrl Pts',(-4.918154689401,0.000120917526267063,
51.1398606280837));
#8307=CARTESIAN_POINT('Ctrl Pts',(3.43710408716082,-4.81604049573115,49.4235169483071));
#8308=CARTESIAN_POINT('Ctrl Pts',(4.23144713714307,-4.24913501681714,49.4694553784963));
#8309=CARTESIAN_POINT('Ctrl Pts',(5.53344106328647,-2.7152436656276,49.5613322388749));
#8310=CARTESIAN_POINT('Ctrl Pts',(6.1590853154842,0.238430859112009,49.6991475294427));
#8311=CARTESIAN_POINT('Ctrl Pts',(5.30716219540558,3.13438944190644,49.8369628200106));
#8312=CARTESIAN_POINT('Ctrl Pts',(3.1821880795775,5.2787182747788,49.9747781105784));
#8313=CARTESIAN_POINT('Ctrl Pts',(0.293838404565671,6.15665038906744,50.1125934011463));
#8314=CARTESIAN_POINT('Ctrl Pts',(-2.66498706783703,5.55776616277272,50.2504086917141));
#8315=CARTESIAN_POINT('Ctrl Pts',(-4.98453296681534,3.62564043062962,50.3882239822819));
#8316=CARTESIAN_POINT('Ctrl Pts',(-6.10837199782098,0.823799119452754,50.5260392728498));
#8317=CARTESIAN_POINT('Ctrl Pts',(-5.76691815112798,-2.17566408528688,50.6638545634176));
#8318=CARTESIAN_POINT('Ctrl Pts',(-4.04207855517606,-4.65321948514055,50.8016698539855));
#8319=CARTESIAN_POINT('Ctrl Pts',(-1.34761364084327,-6.01454852950318,50.9394851445533));
#8320=CARTESIAN_POINT('Ctrl Pts',(1.67012090373514,-5.93308938712921,51.0773004351212));
#8321=CARTESIAN_POINT('Ctrl Pts',(4.28722190533972,-4.42838379543985,51.215115725689));
#8322=CARTESIAN_POINT('Ctrl Pts',(5.87589163391642,-1.86138440408944,51.3529310162568));
#8323=CARTESIAN_POINT('Ctrl Pts',(6.05503531102567,1.15212923010721,51.4907463068247));
#8324=CARTESIAN_POINT('Ctrl Pts',(4.78167945100341,3.88926678069455,51.6285615973925));
#8325=CARTESIAN_POINT('Ctrl Pts',(2.36128036352378,5.69343564476892,51.7663768879604));
#8326=CARTESIAN_POINT('Ctrl Pts',(-0.625549548203839,6.13184655685379,51.9041921785282));
#8327=CARTESIAN_POINT('Ctrl Pts',(-3.46232080920627,5.09933221429859,52.042007469096));
#8328=CARTESIAN_POINT('Ctrl Pts',(-5.46854044794332,2.84357517783686,52.1798227596639));
#8329=CARTESIAN_POINT('Ctrl Pts',(-6.1629506421034,-0.0943069733962855,
52.3176380502317));
#8330=CARTESIAN_POINT('Ctrl Pts',(-5.37897424712009,-3.00956649209497,52.4554533407996));
#8331=CARTESIAN_POINT('Ctrl Pts',(-3.30467380910325,-5.20288241628458,52.5932686313674));
#8332=CARTESIAN_POINT('Ctrl Pts',(-0.437638571731572,-6.14811571966013,
52.7310839219352));
#8333=CARTESIAN_POINT('Ctrl Pts',(2.53437868363941,-5.61852107853396,52.8688992125031));
#8334=CARTESIAN_POINT('Ctrl Pts',(4.8984417827906,-3.74113920117248,53.0067145030709));
#8335=CARTESIAN_POINT('Ctrl Pts',(6.08745236903109,-0.96632193224197,53.1445297936388));
#8336=CARTESIAN_POINT('Ctrl Pts',(5.81618711233616,2.04029946239602,53.2823450842066));
#8337=CARTESIAN_POINT('Ctrl Pts',(4.1497179142758,4.55748786656527,53.4201603747745));
#8338=CARTESIAN_POINT('Ctrl Pts',(1.48780227033534,5.98141277846141,53.5579756653423));
#8339=CARTESIAN_POINT('Ctrl Pts',(-1.53101172495656,5.97049893392498,53.6957909559101));
#8340=CARTESIAN_POINT('Ctrl Pts',(-4.18256215879855,4.52736437784074,53.833606246478));
#8341=CARTESIAN_POINT('Ctrl Pts',(-5.83078737351509,1.99819243988448,53.9714215370458));
#8342=CARTESIAN_POINT('Ctrl Pts',(-6.08030629359845,-1.01031173307136,54.1092368276136));
#8343=CARTESIAN_POINT('Ctrl Pts',(-4.87126359217872,-3.77645937850107,54.2470521181815));
#8344=CARTESIAN_POINT('Ctrl Pts',(-2.49368796154495,-5.63669892511569,54.3848674087493));
#8345=CARTESIAN_POINT('Ctrl Pts',(0.482080816125342,-6.14479068062358,54.5226826993172));
#8346=CARTESIAN_POINT('Ctrl Pts',(3.3422066404787,-5.17885211164546,54.660497989885));
#8347=CARTESIAN_POINT('Ctrl Pts',(5.40059418035331,-2.97059538158406,54.7983132804529));
#8348=CARTESIAN_POINT('Ctrl Pts',(6.16347142446049,-0.0497435605229566,
54.9361285710207));
#8349=CARTESIAN_POINT('Ctrl Pts',(5.44783715272286,2.88304089103277,55.0739438615885));
#8350=CARTESIAN_POINT('Ctrl Pts',(3.42535980310838,5.12423307834489,55.2117591521564));
#8351=CARTESIAN_POINT('Ctrl Pts',(0.581197145647919,6.13620927770926,55.3495744427242));
#8352=CARTESIAN_POINT('Ctrl Pts',(-2.40238477956583,5.67621368456694,55.487389733292));
#8353=CARTESIAN_POINT('Ctrl Pts',(-4.80967563154087,3.85459138448117,55.6252050238599));
#8354=CARTESIAN_POINT('Ctrl Pts',(-6.06320745406867,1.10831845192646,55.7630203144278));
#8355=CARTESIAN_POINT('Ctrl Pts',(-5.86227937462956,-1.90382114594502,55.9008356049955));
#8356=CARTESIAN_POINT('Ctrl Pts',(-4.25509060740798,-4.45926657026724,56.0386508955634));
#8357=CARTESIAN_POINT('Ctrl Pts',(-1.62717828510534,-5.94501011356887,56.1764661861312));
#8358=CARTESIAN_POINT('Ctrl Pts',(1.39106631379602,-6.00464727794868,56.3142814766991));
#8359=CARTESIAN_POINT('Ctrl Pts',(4.0756178649631,-4.62387212634045,56.452096767267));
#8360=CARTESIAN_POINT('Ctrl Pts',(5.78249830636953,-2.13390903245391,56.5899120578348));
#8361=CARTESIAN_POINT('Ctrl Pts',(6.10225617552039,0.867942388800684,56.7277273484026));
#8362=CARTESIAN_POINT('Ctrl Pts',(4.95818702142352,3.66158925639453,56.8655426389704));
#8363=CARTESIAN_POINT('Ctrl Pts',(2.62473349218418,5.57688340535803,57.0033579295383));
#8364=CARTESIAN_POINT('Ctrl Pts',(-0.338348768488811,6.15437848469046,57.1411732201062));
#8365=CARTESIAN_POINT('Ctrl Pts',(-3.22026693897358,5.25554328910988,57.2789885106739));
#8366=CARTESIAN_POINT('Ctrl Pts',(-5.32969807650109,3.09599302894545,57.4168038012419));
#8367=CARTESIAN_POINT('Ctrl Pts',(-6.16062568260238,0.193766924102404,57.5546190918096));
#8368=CARTESIAN_POINT('Ctrl Pts',(-5.51372441770015,-2.75494055606586,57.6924343823775));
#8369=CARTESIAN_POINT('Ctrl Pts',(-3.54417484552597,-5.04278485428411,57.8302496729453));
#8370=CARTESIAN_POINT('Ctrl Pts',(-0.724438266226271,-6.12095120221923,
57.9680649635131));
#8371=CARTESIAN_POINT('Ctrl Pts',(2.26907867873893,-5.73080590946215,58.105880254081));
#8372=CARTESIAN_POINT('Ctrl Pts',(4.71828240745107,-3.96593816723605,58.2436955446489));
#8373=CARTESIAN_POINT('Ctrl Pts',(6.03565077922087,-1.24970960184222,58.3815108352167));
#8374=CARTESIAN_POINT('Ctrl Pts',(5.90516962640365,1.76630295177737,58.5193261257846));
#8375=CARTESIAN_POINT('Ctrl Pts',(4.35813914331079,4.35860959525289,58.6571414163524));
#8376=CARTESIAN_POINT('Ctrl Pts',(1.76566552925969,5.90536025169901,58.7949567069202));
#8377=CARTESIAN_POINT('Ctrl Pts',(-1.25036110176323,6.03551584339173,58.9327719974881));
#8378=CARTESIAN_POINT('Ctrl Pts',(-3.96644742872319,4.71785429920123,59.0705872880559));
#8379=CARTESIAN_POINT('Ctrl Pts',(-5.73105083804544,2.26846004969839,59.2084025786237));
#8380=CARTESIAN_POINT('Ctrl Pts',(-6.12087290007564,-0.725098924201313,
59.3462178691916));
#8381=CARTESIAN_POINT('Ctrl Pts',(-5.04240240381386,-3.54471924653392,59.4840331597594));
#8382=CARTESIAN_POINT('Ctrl Pts',(-2.75434507867045,-5.5140215642224,59.6218484503273));
#8383=CARTESIAN_POINT('Ctrl Pts',(0.194431290478159,-6.16060513643746,59.7596637408951));
#8384=CARTESIAN_POINT('Ctrl Pts',(3.0965696025157,-5.32936301538471,59.8974790314629));
#8385=CARTESIAN_POINT('Ctrl Pts',(5.25588817065474,-3.21970137855309,60.0352943220308));
#8386=CARTESIAN_POINT('Ctrl Pts',(6.15442056273016,-0.337680809114371,60.1731096125986));
#8387=CARTESIAN_POINT('Ctrl Pts',(5.57658843015872,2.62532788463115,60.3109249031665));
#8388=CARTESIAN_POINT('Ctrl Pts',(3.66107822434051,4.95859797055061,60.4487401937343));
#8389=CARTESIAN_POINT('Ctrl Pts',(0.867233604628501,6.10231706951383,60.5865554843022));
#8390=CARTESIAN_POINT('Ctrl Pts',(-2.13442611149583,5.78233571946102,60.72437077487));
#8391=CARTESIAN_POINT('Ctrl Pts',(-4.62451308050161,4.07497201620639,60.8621860654378));
#8392=CARTESIAN_POINT('Ctrl Pts',(-5.54409578753495,2.28545294508879,60.9540629258164));
#8393=CARTESIAN_POINT('Ctrl Pts',(-5.76423990651253,1.33471677245339,61.0000013560057));
#8394=CARTESIAN_POINT('Ctrl Pts',(3.24375760296876,-4.54512507566735,49.6156783629023));
#8395=CARTESIAN_POINT('Ctrl Pts',(3.99341668875854,-4.01010957693365,49.6616167930916));
#8396=CARTESIAN_POINT('Ctrl Pts',(5.22216990363004,-2.56250379998462,49.7534936534702));
#8397=CARTESIAN_POINT('Ctrl Pts',(5.81261995936184,0.225018472648532,49.891308944038));
#8398=CARTESIAN_POINT('Ctrl Pts',(5.0086198395451,2.9580714825682,50.0291242346059));
#8399=CARTESIAN_POINT('Ctrl Pts',(3.00318131643568,4.98177596707234,50.1669395251737));
#8400=CARTESIAN_POINT('Ctrl Pts',(0.277309192472383,5.81032200420053,50.3047548157416));
#8401=CARTESIAN_POINT('Ctrl Pts',(-2.51507427296173,5.24512664989101,50.4425701063094));
#8402=CARTESIAN_POINT('Ctrl Pts',(-4.70413938546493,3.42168826263291,50.5803853968772));
#8403=CARTESIAN_POINT('Ctrl Pts',(-5.76475940420544,0.777458170971826,50.7182006874451));
#8404=CARTESIAN_POINT('Ctrl Pts',(-5.44251326816006,-2.05327704346161,50.8560159780129));
#8405=CARTESIAN_POINT('Ctrl Pts',(-3.81470060628275,-4.3914631912341,50.9938312685807));
#8406=CARTESIAN_POINT('Ctrl Pts',(-1.27180669613083,-5.67621376200926,51.1316465591486));
#8407=CARTESIAN_POINT('Ctrl Pts',(1.57617204541599,-5.59933691868236,51.2694618497164));
#8408=CARTESIAN_POINT('Ctrl Pts',(4.04605397404401,-4.17927512261853,51.4072771402842));
#8409=CARTESIAN_POINT('Ctrl Pts',(5.54535669517102,-1.75667645194885,51.5450924308521));
#8410=CARTESIAN_POINT('Ctrl Pts',(5.71442305158937,1.08731881694333,51.6829077214199));
#8411=CARTESIAN_POINT('Ctrl Pts',(4.51269693347116,3.67048491111393,51.8207230119878));
#8412=CARTESIAN_POINT('Ctrl Pts',(2.22845189953152,5.37316435330531,51.9585383025556));
#8413=CARTESIAN_POINT('Ctrl Pts',(-0.590360679095995,5.78691345523447,52.0963535931235));
#8414=CARTESIAN_POINT('Ctrl Pts',(-3.26755581558688,4.81248086200906,52.2341688836913));
#8415=CARTESIAN_POINT('Ctrl Pts',(-5.16092012500299,2.68361631443662,52.3719841742592));
#8416=CARTESIAN_POINT('Ctrl Pts',(-5.81626785081087,-0.0890019487945937,
52.5097994648269));
#8417=CARTESIAN_POINT('Ctrl Pts',(-5.07639226738744,-2.84027016430484,52.6476147553949));
#8418=CARTESIAN_POINT('Ctrl Pts',(-3.11877688943228,-4.91020608256194,52.7854300459627));
#8419=CARTESIAN_POINT('Ctrl Pts',(-0.413020207828303,-5.80226743323709,
52.9232453365305));
#8420=CARTESIAN_POINT('Ctrl Pts',(2.39181296678393,-5.30246393585055,53.0610606270984));
#8421=CARTESIAN_POINT('Ctrl Pts',(4.6228910654702,-3.53068991215567,53.1988759176662));
#8422=CARTESIAN_POINT('Ctrl Pts',(5.74501656162119,-0.911963686620437,53.336691208234));
#8423=CARTESIAN_POINT('Ctrl Pts',(5.48901071585342,1.92552704999606,53.4745064988019));
#8424=CARTESIAN_POINT('Ctrl Pts',(3.9162849577031,4.30111673743947,53.6123217893697));
#8425=CARTESIAN_POINT('Ctrl Pts',(1.40410933266236,5.64494198738558,53.7501370799376));
#8426=CARTESIAN_POINT('Ctrl Pts',(-1.44488813754967,5.6346420763864,53.8879523705054));
#8427=CARTESIAN_POINT('Ctrl Pts',(-3.94728162384494,4.2726877771577,54.0257676610732));
#8428=CARTESIAN_POINT('Ctrl Pts',(-5.50278967249935,1.8857886624039,54.1635829516411));
#8429=CARTESIAN_POINT('Ctrl Pts',(-5.73827247243209,-0.95347894111228,54.3013982422089));
#8430=CARTESIAN_POINT('Ctrl Pts',(-4.59724172224503,-3.56402323312659,54.4392135327768));
#8431=CARTESIAN_POINT('Ctrl Pts',(-2.35341120884555,-5.31961922895771,54.5770288233446));
#8432=CARTESIAN_POINT('Ctrl Pts',(0.454962454699384,-5.79912943671983,54.7148441139124));
#8433=CARTESIAN_POINT('Ctrl Pts',(3.15419839662196,-4.88752754813351,54.8526594044803));
#8434=CARTESIAN_POINT('Ctrl Pts',(5.09679602037907,-2.80349128510589,54.9904746950481));
#8435=CARTESIAN_POINT('Ctrl Pts',(5.81675933773924,-0.0469453495015788,
55.128289985616));
#8436=CARTESIAN_POINT('Ctrl Pts',(5.14138144663456,2.72086197356985,55.2661052761838));
#8437=CARTESIAN_POINT('Ctrl Pts',(3.23267396694248,4.83598098450241,55.4039205667517));
#8438=CARTESIAN_POINT('Ctrl Pts',(0.548503220214222,5.79103076113667,55.5417358573194));
#8439=CARTESIAN_POINT('Ctrl Pts',(-2.26724408000405,5.35691117536059,55.6795511478874));
#8440=CARTESIAN_POINT('Ctrl Pts',(-4.53911825245644,3.63776010056097,55.8173664384552));
#8441=CARTESIAN_POINT('Ctrl Pts',(-5.72213548928577,1.04597251458763,55.955181729023));
#8442=CARTESIAN_POINT('Ctrl Pts',(-5.53251016261466,-1.79672601127221,56.0929970195908));
#8443=CARTESIAN_POINT('Ctrl Pts',(-4.01573014930193,-4.20842065708788,56.2308123101587));
#8444=CARTESIAN_POINT('Ctrl Pts',(-1.53564506626743,-5.61058707173011,56.3686276007265));
#8445=CARTESIAN_POINT('Ctrl Pts',(1.31281503765482,-5.66686948287358,56.5064428912944));
#8446=CARTESIAN_POINT('Ctrl Pts',(3.84635323837105,-4.3637667014506,56.6442581818622));
#8447=CARTESIAN_POINT('Ctrl Pts',(5.4572169971536,-2.01387082629314,56.7820734724301));
#8448=CARTESIAN_POINT('Ctrl Pts',(5.75898761359832,0.819118260959248,56.9198887629979));
#8449=CARTESIAN_POINT('Ctrl Pts',(4.67927547139513,3.45561486885014,57.0577040535657));
#8450=CARTESIAN_POINT('Ctrl Pts',(2.47708507078471,5.2631684954131,57.1955193441336));
#8451=CARTESIAN_POINT('Ctrl Pts',(-0.319315726963421,5.8081779006444,57.3333346347014));
#8452=CARTESIAN_POINT('Ctrl Pts',(-3.03911813607981,4.959904637588,57.4711499252693));
#8453=CARTESIAN_POINT('Ctrl Pts',(-5.0298880158323,2.92183497261373,57.6089652158371));
#8454=CARTESIAN_POINT('Ctrl Pts',(-5.81407367662622,0.182867005863718,57.7467805064049));
#8455=CARTESIAN_POINT('Ctrl Pts',(-5.20356237316142,-2.59996763200948,57.8845957969728));
#8456=CARTESIAN_POINT('Ctrl Pts',(-3.34480533899746,-4.7591144453038,58.0224110875406));
#8457=CARTESIAN_POINT('Ctrl Pts',(-0.683686636878686,-5.77663099402972,
58.1602263781085));
#8458=CARTESIAN_POINT('Ctrl Pts',(2.14143681111899,-5.40843243863228,58.2980416686763));
#8459=CARTESIAN_POINT('Ctrl Pts',(4.4528661466187,-3.74284332293892,58.4358569592441));
#8460=CARTESIAN_POINT('Ctrl Pts',(5.69612895259577,-1.17941002648754,58.573672249812));
#8461=CARTESIAN_POINT('Ctrl Pts',(5.57298772068604,1.66694359079092,58.7114875403798));
#8462=CARTESIAN_POINT('Ctrl Pts',(4.11298192385777,4.11342591159434,58.8493028309477));
#8463=CARTESIAN_POINT('Ctrl Pts',(1.66634202502928,5.57316762278835,58.9871181215155));
#8464=CARTESIAN_POINT('Ctrl Pts',(-1.18002487776016,5.69600160727524,59.1249334120834));
#8465=CARTESIAN_POINT('Ctrl Pts',(-3.74332393707771,4.45246212062614,59.2627487026512));
#8466=CARTESIAN_POINT('Ctrl Pts',(-5.40866358931439,2.14085298165011,59.400563993219));
#8467=CARTESIAN_POINT('Ctrl Pts',(-5.77655709659538,-0.684310131039809,
59.5383792837869));
#8468=CARTESIAN_POINT('Ctrl Pts',(-4.75875350871614,-3.34531911596313,59.6761945743547));
#8469=CARTESIAN_POINT('Ctrl Pts',(-2.59940565184252,-5.20384280438093,59.8140098649225));
#8470=CARTESIAN_POINT('Ctrl Pts',(0.183493999817892,-5.81405428623913,59.9518251554904));
#8471=CARTESIAN_POINT('Ctrl Pts',(2.92237911234728,-5.02957180281804,60.0896404460582));
#8472=CARTESIAN_POINT('Ctrl Pts',(4.96023011860484,-3.03858438997629,60.227455736626));
#8473=CARTESIAN_POINT('Ctrl Pts',(5.80821761167955,-0.318685342126542,60.3652710271939));
#8474=CARTESIAN_POINT('Ctrl Pts',(5.26289011337369,2.47764602703454,60.5030863177617));
#8475=CARTESIAN_POINT('Ctrl Pts',(3.45513258374368,4.67966330351241,60.6409016083296));
#8476=CARTESIAN_POINT('Ctrl Pts',(0.8184493478309,5.75904508213847,60.7787168988974));
#8477=CARTESIAN_POINT('Ctrl Pts',(-2.01435881822793,5.45706355620237,60.9165321894653));
#8478=CARTESIAN_POINT('Ctrl Pts',(-4.36437160019115,3.84574372036931,61.0543474800331));
#8479=CARTESIAN_POINT('Ctrl Pts',(-5.23222527056456,2.156889980304,61.1462243404117));
#8480=CARTESIAN_POINT('Ctrl Pts',(-5.43998568211272,1.2596353117813,61.1921627706009));
#8481=CARTESIAN_POINT('Ctrl Pts',(3.05041111877671,-4.27420965560354,49.8078397774976));
#8482=CARTESIAN_POINT('Ctrl Pts',(3.75538624037403,-3.77108413705015,49.8537782076869));
#8483=CARTESIAN_POINT('Ctrl Pts',(4.91089874397361,-2.40976393434165,49.9456550680655));
#8484=CARTESIAN_POINT('Ctrl Pts',(5.46615460323947,0.211606086185057,50.0834703586333));
#8485=CARTESIAN_POINT('Ctrl Pts',(4.71007748368463,2.78175352322996,50.2212856492011));
#8486=CARTESIAN_POINT('Ctrl Pts',(2.82417455329386,4.68483365936588,50.359100939769));
#8487=CARTESIAN_POINT('Ctrl Pts',(0.2607799803791,5.46399361933362,50.4969162303368));
#8488=CARTESIAN_POINT('Ctrl Pts',(-2.36516147808643,4.9324871370093,50.6347315209047));
#8489=CARTESIAN_POINT('Ctrl Pts',(-4.42374580411452,3.21773609463619,50.7725468114725));
#8490=CARTESIAN_POINT('Ctrl Pts',(-5.4211468105899,0.731117222490898,50.9103621020403));
#8491=CARTESIAN_POINT('Ctrl Pts',(-5.11810838519215,-1.93089000163635,51.0481773926082));
#8492=CARTESIAN_POINT('Ctrl Pts',(-3.58732265738945,-4.12970689732766,51.185992683176));
#8493=CARTESIAN_POINT('Ctrl Pts',(-1.19599975141838,-5.33787899451534,51.3238079737439));
#8494=CARTESIAN_POINT('Ctrl Pts',(1.48222318709684,-5.26558445023552,51.4616232643117));
#8495=CARTESIAN_POINT('Ctrl Pts',(3.80488604274829,-3.9301664497972,51.5994385548796));
#8496=CARTESIAN_POINT('Ctrl Pts',(5.21482175642562,-1.65196849980828,51.7372538454474));
#8497=CARTESIAN_POINT('Ctrl Pts',(5.37381079215307,1.02250840377946,51.8750691360152));
#8498=CARTESIAN_POINT('Ctrl Pts',(4.2437144159389,3.4517030415333,52.0128844265831));
#8499=CARTESIAN_POINT('Ctrl Pts',(2.09562343553927,5.05289306184171,52.1506997171509));
#8500=CARTESIAN_POINT('Ctrl Pts',(-0.555171809988151,5.44198035361514,52.2885150077187));
#8501=CARTESIAN_POINT('Ctrl Pts',(-3.0727908219675,4.52562950971953,52.4263302982866));
#8502=CARTESIAN_POINT('Ctrl Pts',(-4.85329980206268,2.52365745103638,52.5641455888545));
#8503=CARTESIAN_POINT('Ctrl Pts',(-5.46958505951834,-0.0836969241929037,
52.7019608794222));
#8504=CARTESIAN_POINT('Ctrl Pts',(-4.7738102876548,-2.67097383651471,52.8397761699901));
#8505=CARTESIAN_POINT('Ctrl Pts',(-2.93287996976131,-4.61752974883931,52.9775914605579));
#8506=CARTESIAN_POINT('Ctrl Pts',(-0.388401843925033,-5.45641914681405,
53.1154067511258));
#8507=CARTESIAN_POINT('Ctrl Pts',(2.24924724992845,-4.98640679316714,53.2532220416936));
#8508=CARTESIAN_POINT('Ctrl Pts',(4.34734034814981,-3.32024062313885,53.3910373322615));
#8509=CARTESIAN_POINT('Ctrl Pts',(5.40258075421129,-0.857605440998904,53.5288526228293));
#8510=CARTESIAN_POINT('Ctrl Pts',(5.16183431937069,1.8107546375961,53.6666679133972));
#8511=CARTESIAN_POINT('Ctrl Pts',(3.68285200113041,4.04474560831365,53.804483203965));
#8512=CARTESIAN_POINT('Ctrl Pts',(1.32041639498937,5.30847119630976,53.9422984945329));
#8513=CARTESIAN_POINT('Ctrl Pts',(-1.35876455014279,5.29878521884783,54.0801137851007));
#8514=CARTESIAN_POINT('Ctrl Pts',(-3.71200108889132,4.01801117647467,54.2179290756685));
#8515=CARTESIAN_POINT('Ctrl Pts',(-5.17479197148359,1.77338488492332,54.3557443662364));
#8516=CARTESIAN_POINT('Ctrl Pts',(-5.39623865126574,-0.896646149153196,
54.4935596568042));
#8517=CARTESIAN_POINT('Ctrl Pts',(-4.32321985231134,-3.35158708775211,54.6313749473721));
#8518=CARTESIAN_POINT('Ctrl Pts',(-2.21313445614614,-5.00253953279974,54.7691902379399));
#8519=CARTESIAN_POINT('Ctrl Pts',(0.427844093273423,-5.45346819281607,54.9070055285077));
#8520=CARTESIAN_POINT('Ctrl Pts',(2.96619015276524,-4.59620298462156,55.0448208190756));
#8521=CARTESIAN_POINT('Ctrl Pts',(4.79299786040482,-2.63638718862771,55.1826361096434));
#8522=CARTESIAN_POINT('Ctrl Pts',(5.470047251018,-0.0441471384802032,55.3204514002113));
#8523=CARTESIAN_POINT('Ctrl Pts',(4.83492574054626,2.55868305610693,55.4582666907791));
#8524=CARTESIAN_POINT('Ctrl Pts',(3.03998813077658,4.54772889065993,55.5960819813469));
#8525=CARTESIAN_POINT('Ctrl Pts',(0.515809294780524,5.44585224456408,55.7338972719148));
#8526=CARTESIAN_POINT('Ctrl Pts',(-2.13210338044227,5.03760866615423,55.8717125624826));
#8527=CARTESIAN_POINT('Ctrl Pts',(-4.268560873372,3.42092881664078,56.0095278530505));
#8528=CARTESIAN_POINT('Ctrl Pts',(-5.38106352450288,0.983626577248801,56.1473431436183));
#8529=CARTESIAN_POINT('Ctrl Pts',(-5.20274095059975,-1.6896308765994,56.2851584341861));
#8530=CARTESIAN_POINT('Ctrl Pts',(-3.77636969119589,-3.95757474390853,56.422973724754));
#8531=CARTESIAN_POINT('Ctrl Pts',(-1.44411184742951,-5.27616402989135,56.5607890153217));
#8532=CARTESIAN_POINT('Ctrl Pts',(1.23456376151363,-5.32909168779848,56.6986043058897));
#8533=CARTESIAN_POINT('Ctrl Pts',(3.61708861177899,-4.10366127656075,56.8364195964575));
#8534=CARTESIAN_POINT('Ctrl Pts',(5.13193568793768,-1.89383262013237,56.9742348870254));
#8535=CARTESIAN_POINT('Ctrl Pts',(5.41571905167626,0.770294133117813,57.1120501775931));
#8536=CARTESIAN_POINT('Ctrl Pts',(4.40036392136674,3.24964048130574,57.249865468161));
#8537=CARTESIAN_POINT('Ctrl Pts',(2.32943664938524,4.94945358546817,57.3876807587289));
#8538=CARTESIAN_POINT('Ctrl Pts',(-0.300282685438033,5.46197731659835,57.5254960492967));
#8539=CARTESIAN_POINT('Ctrl Pts',(-2.85796933318604,4.66426598606612,57.6633113398645));
#8540=CARTESIAN_POINT('Ctrl Pts',(-4.7300779551635,2.74767691628202,57.8011266304323));
#8541=CARTESIAN_POINT('Ctrl Pts',(-5.46752167065005,0.171967087625027,57.9389419210002));
#8542=CARTESIAN_POINT('Ctrl Pts',(-4.89340032862269,-2.4449947079531,58.0767572115681));
#8543=CARTESIAN_POINT('Ctrl Pts',(-3.14543583246894,-4.4754440363235,58.2145725021359));
#8544=CARTESIAN_POINT('Ctrl Pts',(-0.642935007531102,-5.4323107858402,58.3523877927037));
#8545=CARTESIAN_POINT('Ctrl Pts',(2.01379494349905,-5.08605896780241,58.4902030832716));
#8546=CARTESIAN_POINT('Ctrl Pts',(4.18744988578633,-3.51974847864178,58.6280183738394));
#8547=CARTESIAN_POINT('Ctrl Pts',(5.35660712597068,-1.10911045113285,58.7658336644073));
#8548=CARTESIAN_POINT('Ctrl Pts',(5.24080581496843,1.56758422980447,58.9036489549751));
#8549=CARTESIAN_POINT('Ctrl Pts',(3.86782470440476,3.8682422279358,59.041464245543));
#8550=CARTESIAN_POINT('Ctrl Pts',(1.56701852079888,5.24097499387769,59.1792795361108));
#8551=CARTESIAN_POINT('Ctrl Pts',(-1.10968865375708,5.35648737115875,59.3170948266786));
#8552=CARTESIAN_POINT('Ctrl Pts',(-3.52020044543224,4.18706994205106,59.4549101172465));
#8553=CARTESIAN_POINT('Ctrl Pts',(-5.08627634058334,2.01324591360184,59.5927254078143));
#8554=CARTESIAN_POINT('Ctrl Pts',(-5.43224129311512,-0.643521337878303,
59.7305406983821));
#8555=CARTESIAN_POINT('Ctrl Pts',(-4.47510461361844,-3.14591898539235,59.86835598895));
#8556=CARTESIAN_POINT('Ctrl Pts',(-2.44446622501459,-4.89366404453946,60.0061712795178));
#8557=CARTESIAN_POINT('Ctrl Pts',(0.172556709157623,-5.46750343604081,60.1439865700857));
#8558=CARTESIAN_POINT('Ctrl Pts',(2.74818862217887,-4.72978059025136,60.2818018606535));
#8559=CARTESIAN_POINT('Ctrl Pts',(4.66457206655494,-2.8574674013995,60.4196171512213));
#8560=CARTESIAN_POINT('Ctrl Pts',(5.46201466062894,-0.299689875138713,60.5574324417891));
#8561=CARTESIAN_POINT('Ctrl Pts',(4.94919179658865,2.32996416943793,60.6952477323571));
#8562=CARTESIAN_POINT('Ctrl Pts',(3.24918694314684,4.40072863647421,60.8330630229248));
#8563=CARTESIAN_POINT('Ctrl Pts',(0.769665091033301,5.4157730947631,60.9708783134927));
#8564=CARTESIAN_POINT('Ctrl Pts',(-1.89429152496002,5.13179139294372,61.1086936040605));
#8565=CARTESIAN_POINT('Ctrl Pts',(-4.10423011988068,3.61651542453223,61.2465088946284));
#8566=CARTESIAN_POINT('Ctrl Pts',(-4.92035475359417,2.02832701551922,61.3383857550069));
#8567=CARTESIAN_POINT('Ctrl Pts',(-5.11573145771291,1.18455385110921,61.3843241851962));
#8568=CARTESIAN_POINT('Ctrl Pts',(2.85706463458465,-4.00329423553973,50.0000011920929));
#8569=CARTESIAN_POINT('Ctrl Pts',(3.5173557919895,-3.53205869716666,50.0459396222822));
#8570=CARTESIAN_POINT('Ctrl Pts',(4.59962758431718,-2.25702406869868,50.1378164826608));
#8571=CARTESIAN_POINT('Ctrl Pts',(5.11968924711711,0.19819369972158,50.2756317732286));
#8572=CARTESIAN_POINT('Ctrl Pts',(4.41153512782414,2.60543556389172,50.4134470637964));
#8573=CARTESIAN_POINT('Ctrl Pts',(2.64516779015203,4.38789135165942,50.5512623543643));
#8574=CARTESIAN_POINT('Ctrl Pts',(0.244250768285812,5.11766523446671,50.6890776449321));
#8575=CARTESIAN_POINT('Ctrl Pts',(-2.21524868321113,4.61984762412759,50.8268929354999));
#8576=CARTESIAN_POINT('Ctrl Pts',(-4.14335222276411,3.01378392663948,50.9647082260678));
#8577=CARTESIAN_POINT('Ctrl Pts',(-5.07753421697436,0.684776274009967,51.1025235166356));
#8578=CARTESIAN_POINT('Ctrl Pts',(-4.79370350222422,-1.80850295981108,51.2403388072035));
#8579=CARTESIAN_POINT('Ctrl Pts',(-3.35994470849616,-3.86795060342122,51.3781540977713));
#8580=CARTESIAN_POINT('Ctrl Pts',(-1.12019280670594,-4.99954422702142,51.5159693883392));
#8581=CARTESIAN_POINT('Ctrl Pts',(1.38827432877769,-4.93183198178869,51.653784678907));
#8582=CARTESIAN_POINT('Ctrl Pts',(3.56371811145258,-3.68105777697588,51.7915999694748));
#8583=CARTESIAN_POINT('Ctrl Pts',(4.88428681768022,-1.5472605476677,51.9294152600427));
#8584=CARTESIAN_POINT('Ctrl Pts',(5.03319853271677,0.957697990615589,52.0672305506105));
#8585=CARTESIAN_POINT('Ctrl Pts',(3.97473189840665,3.23292117195267,52.2050458411783));
#8586=CARTESIAN_POINT('Ctrl Pts',(1.96279497154701,4.73262177037811,52.3428611317462));
#8587=CARTESIAN_POINT('Ctrl Pts',(-0.519982940880306,5.0970472519958,52.480676422314));
#8588=CARTESIAN_POINT('Ctrl Pts',(-2.87802582834812,4.23877815743,52.6184917128819));
#8589=CARTESIAN_POINT('Ctrl Pts',(-4.54567947912236,2.36369858763614,52.7563070034497));
#8590=CARTESIAN_POINT('Ctrl Pts',(-5.1229022682258,-0.0783918995912131,
52.8941222940176));
#8591=CARTESIAN_POINT('Ctrl Pts',(-4.47122830792215,-2.50167750872457,53.0319375845854));
#8592=CARTESIAN_POINT('Ctrl Pts',(-2.74698305009034,-4.32485341511668,53.1697528751532));
#8593=CARTESIAN_POINT('Ctrl Pts',(-0.363783480021765,-5.110570860391,53.3075681657211));
#8594=CARTESIAN_POINT('Ctrl Pts',(2.10668153307298,-4.67034965048373,53.4453834562889));
#8595=CARTESIAN_POINT('Ctrl Pts',(4.07178963082941,-3.10979133412203,53.5831987468568));
#8596=CARTESIAN_POINT('Ctrl Pts',(5.06014494680139,-0.803247195377369,53.7210140374246));
#8597=CARTESIAN_POINT('Ctrl Pts',(4.83465792288796,1.69598222519614,53.8588293279924));
#8598=CARTESIAN_POINT('Ctrl Pts',(3.44941904455772,3.78837447918784,53.9966446185603));
#8599=CARTESIAN_POINT('Ctrl Pts',(1.23672345731639,4.97200040523393,54.1344599091281));
#8600=CARTESIAN_POINT('Ctrl Pts',(-1.2726409627359,4.96292836130925,54.272275199696));
#8601=CARTESIAN_POINT('Ctrl Pts',(-3.47672055393771,3.76333457579164,54.4100904902638));
#8602=CARTESIAN_POINT('Ctrl Pts',(-4.84679427046784,1.66098110744274,54.5479057808317));
#8603=CARTESIAN_POINT('Ctrl Pts',(-5.05420483009939,-0.83981335719411,54.6857210713995));
#8604=CARTESIAN_POINT('Ctrl Pts',(-4.04919798237765,-3.13915094237764,54.8235363619673));
#8605=CARTESIAN_POINT('Ctrl Pts',(-2.07285770344673,-4.68545983664177,54.9613516525352));
#8606=CARTESIAN_POINT('Ctrl Pts',(0.400725731847465,-5.10780694891232,55.0991669431029));
#8607=CARTESIAN_POINT('Ctrl Pts',(2.7781819089085,-4.30487842110961,55.2369822336709));
#8608=CARTESIAN_POINT('Ctrl Pts',(4.48919970043059,-2.46928309214954,55.3747975242387));
#8609=CARTESIAN_POINT('Ctrl Pts',(5.12333516429675,-0.0413489274588252,
55.5126128148065));
#8610=CARTESIAN_POINT('Ctrl Pts',(4.52847003445797,2.39650413864401,55.6504281053744));
#8611=CARTESIAN_POINT('Ctrl Pts',(2.84730229461068,4.25947679681747,55.7882433959422));
#8612=CARTESIAN_POINT('Ctrl Pts',(0.483115369346829,5.10067372799148,55.92605868651));
#8613=CARTESIAN_POINT('Ctrl Pts',(-1.9969626808805,4.71830615694787,56.0638739770779));
#8614=CARTESIAN_POINT('Ctrl Pts',(-3.99800349428756,3.20409753272058,56.2016892676457));
#8615=CARTESIAN_POINT('Ctrl Pts',(-5.03999155971999,0.921280639909969,56.3395045582136));
#8616=CARTESIAN_POINT('Ctrl Pts',(-4.87297173858484,-1.58253574192658,56.4773198487814));
#8617=CARTESIAN_POINT('Ctrl Pts',(-3.53700923308984,-3.70672883072918,56.6151351393492));
#8618=CARTESIAN_POINT('Ctrl Pts',(-1.3525786285916,-4.94174098805258,56.7529504299171));
#8619=CARTESIAN_POINT('Ctrl Pts',(1.15631248537243,-4.99131389272338,56.890765720485));
#8620=CARTESIAN_POINT('Ctrl Pts',(3.38782398518693,-3.84355585167091,57.0285810110527));
#8621=CARTESIAN_POINT('Ctrl Pts',(4.80665437872175,-1.77379441397159,57.1663963016206));
#8622=CARTESIAN_POINT('Ctrl Pts',(5.0724504897542,0.721470005276375,57.3042115921885));
#8623=CARTESIAN_POINT('Ctrl Pts',(4.12145237133835,3.04366609376134,57.4420268827563));
#8624=CARTESIAN_POINT('Ctrl Pts',(2.18178822798577,4.63573867552324,57.5798421733241));
#8625=CARTESIAN_POINT('Ctrl Pts',(-0.281249643912642,5.1157767325523,57.717657463892));
#8626=CARTESIAN_POINT('Ctrl Pts',(-2.67682053029227,4.36862733454424,57.8554727544598));
#8627=CARTESIAN_POINT('Ctrl Pts',(-4.4302678944947,2.5735188599503,57.9932880450276));
#8628=CARTESIAN_POINT('Ctrl Pts',(-5.12096966467388,0.161067169386341,58.1311033355955));
#8629=CARTESIAN_POINT('Ctrl Pts',(-4.58323828408395,-2.29002178389673,58.2689186261633));
#8630=CARTESIAN_POINT('Ctrl Pts',(-2.94606632594044,-4.19177362734319,58.4067339167312));
#8631=CARTESIAN_POINT('Ctrl Pts',(-0.602183378183517,-5.08799057765069,
58.544549207299));
#8632=CARTESIAN_POINT('Ctrl Pts',(1.88615307587911,-4.76368549697253,58.6823644978668));
#8633=CARTESIAN_POINT('Ctrl Pts',(3.92203362495395,-3.29665363434465,58.8201797884347));
#8634=CARTESIAN_POINT('Ctrl Pts',(5.01708529934559,-1.03881087577817,58.9579950790025));
#8635=CARTESIAN_POINT('Ctrl Pts',(4.90862390925081,1.46822486881803,59.0958103695704));
#8636=CARTESIAN_POINT('Ctrl Pts',(3.62266748495174,3.62305854427726,59.2336256601382));
#8637=CARTESIAN_POINT('Ctrl Pts',(1.46769501656847,4.90878236496703,59.371440950706));
#8638=CARTESIAN_POINT('Ctrl Pts',(-1.03935242975401,5.01697313504227,59.5092562412739));
#8639=CARTESIAN_POINT('Ctrl Pts',(-3.29707695378676,3.92167776347597,59.6470715318417));
#8640=CARTESIAN_POINT('Ctrl Pts',(-4.76388909185228,1.88563884555357,59.7848868224096));
#8641=CARTESIAN_POINT('Ctrl Pts',(-5.08792548963485,-0.602732544716801,
59.9227021129774));
#8642=CARTESIAN_POINT('Ctrl Pts',(-4.19145571852072,-2.94651885482156,60.0605174035453));
#8643=CARTESIAN_POINT('Ctrl Pts',(-2.28952679818666,-4.58348528469799,60.1983326941131));
#8644=CARTESIAN_POINT('Ctrl Pts',(0.161619418497356,-5.12095258584249,60.3361479846809));
#8645=CARTESIAN_POINT('Ctrl Pts',(2.57399813201045,-4.42998937768468,60.4739632752487));
#8646=CARTESIAN_POINT('Ctrl Pts',(4.36891401450504,-2.6763504128227,60.6117785658167));
#8647=CARTESIAN_POINT('Ctrl Pts',(5.11581170957833,-0.280694408150883,60.7495938563844));
#8648=CARTESIAN_POINT('Ctrl Pts',(4.63549347980362,2.18228231184133,60.8874091469524));
#8649=CARTESIAN_POINT('Ctrl Pts',(3.04324130255,4.12179396943601,61.0252244375201));
#8650=CARTESIAN_POINT('Ctrl Pts',(0.720880834235702,5.07250110738774,61.163039728088));
#8651=CARTESIAN_POINT('Ctrl Pts',(-1.77422423169212,4.80651922968507,61.3008550186558));
#8652=CARTESIAN_POINT('Ctrl Pts',(-3.84408863957021,3.38728712869516,61.4386703092237));
#8653=CARTESIAN_POINT('Ctrl Pts',(-4.60848423662379,1.89976405073443,61.5305471696022));
#8654=CARTESIAN_POINT('Ctrl Pts',(-4.7914772333131,1.10947239043712,61.5764855997915));
#8655=CARTESIAN_POINT('Ctrl Pts',(3.2671663649319,3.67642260630638,61.0000013560057));
#8656=CARTESIAN_POINT('Ctrl Pts',(3.16535069168404,3.78670917726033,61.0000013560057));
#8657=CARTESIAN_POINT('Ctrl Pts',(3.05868141279628,3.89206275129131,61.0000013560057));
#8658=CARTESIAN_POINT('Ctrl Pts',(2.94750808782174,3.99214225680303,61.0000013560057));
#8659=CARTESIAN_POINT('Ctrl Pts',(2.84026899921292,4.08868011749899,61.0000013560057));
#8660=CARTESIAN_POINT('Ctrl Pts',(2.7288386243845,4.18031156719556,61.0000013560057));
#8661=CARTESIAN_POINT('Ctrl Pts',(2.61364220702594,4.26692598787967,61.0000013560057));
#8662=CARTESIAN_POINT('Ctrl Pts',(2.49689224227142,4.35470849704075,61.0000013560057));
#8663=CARTESIAN_POINT('Ctrl Pts',(2.37627346919451,4.43733823334717,61.0000013560057));
#8664=CARTESIAN_POINT('Ctrl Pts',(2.2521851378331,4.51466868969782,61.0000013560057));
#8665=CARTESIAN_POINT('Ctrl Pts',(2.13534927466827,4.58747948921081,61.0000013560057));
#8666=CARTESIAN_POINT('Ctrl Pts',(2.01543677028959,4.65559239017616,61.0000013560057));
#8667=CARTESIAN_POINT('Ctrl Pts',(1.89275277859909,4.71885436395118,61.0000013560057));
#8668=CARTESIAN_POINT('Ctrl Pts',(1.84377724456901,4.74410858747894,61.0000013560057));
#8669=CARTESIAN_POINT('Ctrl Pts',(1.79435977825689,4.76858940055027,61.0000013560057));
#8670=CARTESIAN_POINT('Ctrl Pts',(1.74451883920028,4.79228555558586,61.0000013560057));
#8671=CARTESIAN_POINT('Ctrl Pts',(1.71949503229862,4.80418276336618,61.0000013560057));
#8672=CARTESIAN_POINT('Ctrl Pts',(1.69435909431685,4.81588451783549,61.0000013560057));
#8673=CARTESIAN_POINT('Ctrl Pts',(1.6691438653693,4.82737566838515,61.0000013560057));
#8674=CARTESIAN_POINT('Ctrl Pts',(1.53261794918846,4.88959361849889,61.0000013560057));
#8675=CARTESIAN_POINT('Ctrl Pts',(1.39363357902905,4.94570847129232,61.0000013560057));
#8676=CARTESIAN_POINT('Ctrl Pts',(1.25263293107378,4.99560273288863,61.0000013560057));
#8677=CARTESIAN_POINT('Ctrl Pts',(1.11002758663439,5.04606482979154,61.0000013560057));
#8678=CARTESIAN_POINT('Ctrl Pts',(0.965359209633371,5.09016444062758,61.0000013560057));
#8679=CARTESIAN_POINT('Ctrl Pts',(0.819047989088707,5.12774252799787,61.0000013560057));
#8680=CARTESIAN_POINT('Ctrl Pts',(0.790038212897025,5.13519330245157,61.0000013560057));
#8681=CARTESIAN_POINT('Ctrl Pts',(0.760963752660637,5.14238756721525,61.0000013560057));
#8682=CARTESIAN_POINT('Ctrl Pts',(0.731827744829253,5.14932388321317,61.0000013560057));
#8683=CARTESIAN_POINT('Ctrl Pts',(0.585876889631493,5.18406993550959,61.0000013560057));
#8684=CARTESIAN_POINT('Ctrl Pts',(0.438383263136087,5.21234719072452,61.0000013560057));
#8685=CARTESIAN_POINT('Ctrl Pts',(0.289765538238064,5.23421745383466,61.0000013560057));
#8686=CARTESIAN_POINT('Ctrl Pts',(0.199477813270624,5.2475040002544,61.0000013560057));
#8687=CARTESIAN_POINT('Ctrl Pts',(0.108774769760522,5.25842493548032,61.0000013560057));
#8688=CARTESIAN_POINT('Ctrl Pts',(0.0177474909111058,5.26698520819577,61.0000013560057));
#8689=CARTESIAN_POINT('Ctrl Pts',(-0.0296276382314047,5.27144040042513,
61.0000013560057));
#8690=CARTESIAN_POINT('Ctrl Pts',(-0.0770906186211948,5.27525605286031,
61.0000013560057));
#8691=CARTESIAN_POINT('Ctrl Pts',(-0.124628733355196,5.27843212846947,61.0000013560057));
#8692=CARTESIAN_POINT('Ctrl Pts',(-0.156057797517568,5.28053194005568,61.0000013560057));
#8693=CARTESIAN_POINT('Ctrl Pts',(-0.187519704238876,5.28235218343552,61.0000013560057));
#8694=CARTESIAN_POINT('Ctrl Pts',(-0.219010788861691,5.28389272587887,61.0000013560057));
#8695=CARTESIAN_POINT('Ctrl Pts',(-0.238751856560919,5.2848584580228,61.0000013560057));
#8696=CARTESIAN_POINT('Ctrl Pts',(-0.25850445833129,5.28571422122939,61.0000013560057));
#8697=CARTESIAN_POINT('Ctrl Pts',(-0.278253033108385,5.28645957137224,61.0000013560057));
#8698=CARTESIAN_POINT('Ctrl Pts',(-0.432074762045221,5.29226510665416,61.0000013560057));
#8699=CARTESIAN_POINT('Ctrl Pts',(-0.585870207366835,5.29138754215028,61.0000013560057));
#8700=CARTESIAN_POINT('Ctrl Pts',(-0.739187517815615,5.28394659674592,61.0000013560057));
#8701=CARTESIAN_POINT('Ctrl Pts',(-0.894037910911196,5.27643124627769,61.0000013560057));
#8702=CARTESIAN_POINT('Ctrl Pts',(-1.04840128875554,5.26222073814271,61.0000013560057));
#8703=CARTESIAN_POINT('Ctrl Pts',(-1.20183181305868,5.24138863321649,61.0000013560057));
#8704=CARTESIAN_POINT('Ctrl Pts',(-1.35556644010552,5.22051523859062,61.0000013560057));
#8705=CARTESIAN_POINT('Ctrl Pts',(-1.50836529743638,5.1929940550236,61.0000013560057));
#8706=CARTESIAN_POINT('Ctrl Pts',(-1.65978811339543,5.15884777706904,61.0000013560057));
#8707=CARTESIAN_POINT('Ctrl Pts',(-1.73482202460181,5.14192741555124,61.0000013560057));
#8708=CARTESIAN_POINT('Ctrl Pts',(-1.80951810782726,5.12337949099467,61.0000013560057));
#8709=CARTESIAN_POINT('Ctrl Pts',(-1.88382262017008,5.10320201257881,61.0000013560057));
#8710=CARTESIAN_POINT('Ctrl Pts',(-1.99472032087253,5.07308761048209,61.0000013560057));
#8711=CARTESIAN_POINT('Ctrl Pts',(-2.10474603883721,5.03934409315683,61.0000013560056));
#8712=CARTESIAN_POINT('Ctrl Pts',(-2.21375681352868,5.0020582266728,61.0000013560056));
#8713=CARTESIAN_POINT('Ctrl Pts',(-2.23505908493494,4.99477203271896,61.0000013560056));
#8714=CARTESIAN_POINT('Ctrl Pts',(-2.25632258597556,4.98735052132348,61.0000013560057));
#8715=CARTESIAN_POINT('Ctrl Pts',(-2.27754622910049,4.97979427282805,61.0000013560057));
#8716=CARTESIAN_POINT('Ctrl Pts',(-2.29596490440511,4.97323667634289,61.0000013560057));
#8717=CARTESIAN_POINT('Ctrl Pts',(-2.31435122169491,4.96657839425145,61.0000013560057));
#8718=CARTESIAN_POINT('Ctrl Pts',(-2.33269421094717,4.95982378028847,61.0000013560057));
#8719=CARTESIAN_POINT('Ctrl Pts',(-2.47891552918177,4.90597930901667,61.0000013560057));
#8720=CARTESIAN_POINT('Ctrl Pts',(-2.62256914024805,4.84595199301441,61.0000013560057));
#8721=CARTESIAN_POINT('Ctrl Pts',(-2.76332378524249,4.78006709438629,61.0000013560057));
#8722=CARTESIAN_POINT('Ctrl Pts',(-2.90725358481454,4.71269595892752,61.0000013560057));
#8723=CARTESIAN_POINT('Ctrl Pts',(-3.04815282366099,4.63919988980293,61.0000013560057));
#8724=CARTESIAN_POINT('Ctrl Pts',(-3.18566541392647,4.55987209970539,61.0000013560057));
#8725=CARTESIAN_POINT('Ctrl Pts',(-3.32376547381991,4.48020541214947,61.0000013560057));
#8726=CARTESIAN_POINT('Ctrl Pts',(-3.45845060224674,4.39465679454475,61.0000013560057));
#8727=CARTESIAN_POINT('Ctrl Pts',(-3.58934771742231,4.30347189875196,61.0000013560057));
#8728=CARTESIAN_POINT('Ctrl Pts',(-3.70779597519806,4.22095906393789,61.0000013560057));
#8729=CARTESIAN_POINT('Ctrl Pts',(-3.82314270175533,4.13383023771262,61.0000013560057));
#8730=CARTESIAN_POINT('Ctrl Pts',(-3.93509529431236,4.04223434802623,61.0000013560057));
#8731=CARTESIAN_POINT('Ctrl Pts',(-3.99590939333108,3.99247827379991,61.0000013560057));
#8732=CARTESIAN_POINT('Ctrl Pts',(-4.05572164152347,3.94140353048651,61.0000013560057));
#8733=CARTESIAN_POINT('Ctrl Pts',(-4.11448249472255,3.88903041713378,61.0000013560057));
#8734=CARTESIAN_POINT('Ctrl Pts',(-4.13137215753082,3.87397678573482,61.0000013560057));
#8735=CARTESIAN_POINT('Ctrl Pts',(-4.14817538097411,3.85881539673699,61.0000013560057));
#8736=CARTESIAN_POINT('Ctrl Pts',(-4.16487930304687,3.84355757078939,61.0000013560057));
#8737=CARTESIAN_POINT('Ctrl Pts',(-4.19704390501681,3.81417753079679,61.0000013560057));
#8738=CARTESIAN_POINT('Ctrl Pts',(-4.22885084403534,3.78443064533302,61.0000013560057));
#8739=CARTESIAN_POINT('Ctrl Pts',(-4.26029304851469,3.7543224757626,61.0000013560057));
#8740=CARTESIAN_POINT('Ctrl Pts',(-4.37617177948999,3.6433602662235,61.0000013560057));
#8741=CARTESIAN_POINT('Ctrl Pts',(-4.48709841986121,3.52749458260893,61.0000013560057));
#8742=CARTESIAN_POINT('Ctrl Pts',(-4.5929216363953,3.40715692802992,61.0000013560057));
#8743=CARTESIAN_POINT('Ctrl Pts',(-4.70008783258462,3.28529209418768,61.0000013560057));
#8744=CARTESIAN_POINT('Ctrl Pts',(-4.8020207463715,3.15884059790857,61.0000013560057));
#8745=CARTESIAN_POINT('Ctrl Pts',(-4.89853384298157,3.02820581218589,61.0000013560057));
#8746=CARTESIAN_POINT('Ctrl Pts',(-4.94580638597449,2.96422031445188,61.0000013560057));
#8747=CARTESIAN_POINT('Ctrl Pts',(-4.99177817921396,2.89923057883503,61.0000013560057));
#8748=CARTESIAN_POINT('Ctrl Pts',(-5.03642422041541,2.83328069435813,61.0000013560057));
#8749=CARTESIAN_POINT('Ctrl Pts',(-5.05439480995926,2.80673504165286,61.0000013560057));
#8750=CARTESIAN_POINT('Ctrl Pts',(-5.07215058135979,2.78003380675402,61.0000013560057));
#8751=CARTESIAN_POINT('Ctrl Pts',(-5.08968980137691,2.75317977793911,61.0000013560057));
#8752=CARTESIAN_POINT('Ctrl Pts',(-5.10465924513755,2.73026029385151,61.0000013560057));
#8753=CARTESIAN_POINT('Ctrl Pts',(-5.11947167017148,2.70722823787711,61.0000013560057));
#8754=CARTESIAN_POINT('Ctrl Pts',(-5.13411620033111,2.68410110793206,61.0000013560057));
#8755=CARTESIAN_POINT('Ctrl Pts',(-5.22264694722907,2.54429040282071,61.0000013560057));
#8756=CARTESIAN_POINT('Ctrl Pts',(-5.30512811919378,2.40088236025559,61.0000013560057));
#8757=CARTESIAN_POINT('Ctrl Pts',(-5.38138546419456,2.25431179092328,61.0000013560057));
#8758=CARTESIAN_POINT('Ctrl Pts',(-5.45807548900268,2.10690958857648,61.0000013560057));
#8759=CARTESIAN_POINT('Ctrl Pts',(-5.52847135263996,1.95630829062985,61.0000013560057));
#8760=CARTESIAN_POINT('Ctrl Pts',(-5.59235891045752,1.80291259289456,61.0000013560057));
#8761=CARTESIAN_POINT('Ctrl Pts',(-5.65624646827507,1.64951689515928,61.0000013560057));
#8762=CARTESIAN_POINT('Ctrl Pts',(-5.71362619790886,1.49332617190526,61.0000013560057));
#8763=CARTESIAN_POINT('Ctrl Pts',(-5.76423990651253,1.33471677245339,61.0000013560057));
#8764=CARTESIAN_POINT('Ctrl Pts',(2.58410996472351,5.3227956190704,50.0000011920929));
#8765=CARTESIAN_POINT('Ctrl Pts',(2.72651343660384,5.23891464403101,50.0000011920929));
#8766=CARTESIAN_POINT('Ctrl Pts',(2.86515946073202,5.1491663488209,50.0000011920929));
#8767=CARTESIAN_POINT('Ctrl Pts',(2.99963213426186,5.0536771933733,50.0000011920929));
#8768=CARTESIAN_POINT('Ctrl Pts',(3.01058314438056,5.04590087213209,50.0000011920929));
#8769=CARTESIAN_POINT('Ctrl Pts',(3.02150645855208,5.03808645600367,50.0000011920929));
#8770=CARTESIAN_POINT('Ctrl Pts',(3.03240184193382,5.03023400184096,50.0000011920929));
#8771=CARTESIAN_POINT('Ctrl Pts',(3.167086631339,4.93316480306545,50.0000011920929));
#8772=CARTESIAN_POINT('Ctrl Pts',(3.29750670112305,4.83028569102531,50.0000011920929));
#8773=CARTESIAN_POINT('Ctrl Pts',(3.42334792333222,4.72193690829067,50.0000011920929));
#8774=CARTESIAN_POINT('Ctrl Pts',(3.49780146538031,4.65783271008299,50.0000011920929));
#8775=CARTESIAN_POINT('Ctrl Pts',(3.57065144406226,4.59181323566251,50.0000011920929));
#8776=CARTESIAN_POINT('Ctrl Pts',(3.64182552321099,4.52394436633136,50.0000011920929));
#8777=CARTESIAN_POINT('Ctrl Pts',(3.68158513289029,4.48603112900878,50.0000011920929));
#8778=CARTESIAN_POINT('Ctrl Pts',(3.72082165700799,4.44754071191772,50.0000011920929));
#8779=CARTESIAN_POINT('Ctrl Pts',(3.75952167800188,4.40848423855431,50.0000011920929));
#8780=CARTESIAN_POINT('Ctrl Pts',(3.78325172112724,4.38453562629425,50.0000011920929));
#8781=CARTESIAN_POINT('Ctrl Pts',(3.80678317417478,4.36037076830351,50.0000011920929));
#8782=CARTESIAN_POINT('Ctrl Pts',(3.83009280456956,4.33601350064465,50.0000011920929));
#8783=CARTESIAN_POINT('Ctrl Pts',(3.94307909017308,4.21794911465418,50.0000011920929));
#8784=CARTESIAN_POINT('Ctrl Pts',(4.05094321518005,4.0952820688023,50.0000011920929));
#8785=CARTESIAN_POINT('Ctrl Pts',(4.15339242924284,3.96834746900439,50.0000011920929));
#8786=CARTESIAN_POINT('Ctrl Pts',(4.25511632117583,3.84231154349222,50.0000011920929));
#8787=CARTESIAN_POINT('Ctrl Pts',(4.3515020651777,3.71206763034459,50.0000011920929));
#8788=CARTESIAN_POINT('Ctrl Pts',(4.44221788812257,3.57792027619878,50.0000011920929));
#8789=CARTESIAN_POINT('Ctrl Pts',(4.51897707778215,3.46441149829278,50.0000011920929));
#8790=CARTESIAN_POINT('Ctrl Pts',(4.59167614353902,3.3481073876193,50.0000011920929));
#8791=CARTESIAN_POINT('Ctrl Pts',(4.66008561779834,3.22918420961559,50.0000011920929));
#8792=CARTESIAN_POINT('Ctrl Pts',(4.67141780474957,3.2094843113111,50.0000011920929));
#8793=CARTESIAN_POINT('Ctrl Pts',(4.68263222051436,3.18971253276342,50.0000011920929));
#8794=CARTESIAN_POINT('Ctrl Pts',(4.69372774718221,3.16986966348448,50.0000011920929));
#8795=CARTESIAN_POINT('Ctrl Pts',(4.70440042379104,3.150783005127,50.0000011920929));
#8796=CARTESIAN_POINT('Ctrl Pts',(4.71495879722928,3.13163824414338,50.0000011920929));
#8797=CARTESIAN_POINT('Ctrl Pts',(4.72540083416278,3.1124386723237,50.0000011920929));
#8798=CARTESIAN_POINT('Ctrl Pts',(4.76963639051018,3.03110360843868,50.0000011920929));
#8799=CARTESIAN_POINT('Ctrl Pts',(4.81179263382356,2.94877068853015,50.0000011920929));
#8800=CARTESIAN_POINT('Ctrl Pts',(4.85181684681866,2.8655006251852,50.0000011920929));
#8801=CARTESIAN_POINT('Ctrl Pts',(4.9208447150901,2.72188868297828,50.0000011920929));
#8802=CARTESIAN_POINT('Ctrl Pts',(4.98353387277185,2.57549000190121,50.0000011920929));
#8803=CARTESIAN_POINT('Ctrl Pts',(5.03981665584868,2.42674269025132,50.0000011920929));
#8804=CARTESIAN_POINT('Ctrl Pts',(5.09622722972162,2.27765764588217,50.0000011920929));
#8805=CARTESIAN_POINT('Ctrl Pts',(5.14620240130362,2.12621250570766,50.0000011920929));
#8806=CARTESIAN_POINT('Ctrl Pts',(5.18962272809141,1.97283905811291,50.0000011920929));
#8807=CARTESIAN_POINT('Ctrl Pts',(5.23006175850267,1.82999643184993,50.0000011920929));
#8808=CARTESIAN_POINT('Ctrl Pts',(5.26481473214338,1.68548062079388,50.0000011920929));
#8809=CARTESIAN_POINT('Ctrl Pts',(5.29374415682012,1.53964216662648,50.0000011920929));
#8810=CARTESIAN_POINT('Ctrl Pts',(5.31544122532767,1.43026332600093,50.0000011920929));
#8811=CARTESIAN_POINT('Ctrl Pts',(5.33386174238383,1.3201404872576,50.0000011920929));
#8812=CARTESIAN_POINT('Ctrl Pts',(5.34893278943164,1.20942499685548,50.0000011920929));
#8813=CARTESIAN_POINT('Ctrl Pts',(5.35241713253268,1.18382818503894,50.0000011920929));
#8814=CARTESIAN_POINT('Ctrl Pts',(5.35572238893736,1.15819971341973,50.0000011920929));
#8815=CARTESIAN_POINT('Ctrl Pts',(5.35884755882035,1.1325414875527,50.0000011920929));
#8816=CARTESIAN_POINT('Ctrl Pts',(5.36145204768022,1.11115814970647,50.0000011920929));
#8817=CARTESIAN_POINT('Ctrl Pts',(5.36393051360918,1.08976167184488,50.0000011920929));
#8818=CARTESIAN_POINT('Ctrl Pts',(5.36628193040213,1.06836028085894,50.0000011920929));
#8819=CARTESIAN_POINT('Ctrl Pts',(5.38324822249712,0.91394178227788,50.0000011920929));
#8820=CARTESIAN_POINT('Ctrl Pts',(5.393618688292,0.759151044906534,50.0000011920929));
#8821=CARTESIAN_POINT('Ctrl Pts',(5.39730754332455,0.604390772754621,50.0000011920929));
#8822=CARTESIAN_POINT('Ctrl Pts',(5.40045427330496,0.47237452818559,50.0000011920929));
#8823=CARTESIAN_POINT('Ctrl Pts',(5.39873814926364,0.340380093803281,50.0000011920929));
#8824=CARTESIAN_POINT('Ctrl Pts',(5.39207601634972,0.208659884766171,50.0000011920929));
#8825=CARTESIAN_POINT('Ctrl Pts',(5.38423472352776,0.0536259424876929,50.0000011920929));
#8826=CARTESIAN_POINT('Ctrl Pts',(5.36954248233878,-0.101029060056398,50.0000011920929));
#8827=CARTESIAN_POINT('Ctrl Pts',(5.34809952706684,-0.254866457542522,50.0000011920929));
#8828=CARTESIAN_POINT('Ctrl Pts',(5.32682399401128,-0.407502724040794,50.0000011920929));
#8829=CARTESIAN_POINT('Ctrl Pts',(5.29890239780403,-0.559334795936438,50.0000011920929));
#8830=CARTESIAN_POINT('Ctrl Pts',(5.26438816237612,-0.709909186595745,50.0000011920929));
#8831=CARTESIAN_POINT('Ctrl Pts',(5.25517227317043,-0.750115115666062,50.0000011920929));
#8832=CARTESIAN_POINT('Ctrl Pts',(5.24548611036478,-0.790231203556772,50.0000011920929));
#8833=CARTESIAN_POINT('Ctrl Pts',(5.2353301976347,-0.830248415060919,50.0000011920929));
#8834=CARTESIAN_POINT('Ctrl Pts',(5.22642738542843,-0.865328050787339,50.0000011920929));
#8835=CARTESIAN_POINT('Ctrl Pts',(5.21716358997879,-0.900331702517694,50.0000011920929));
#8836=CARTESIAN_POINT('Ctrl Pts',(5.20753903916551,-0.935253160358607,50.0000011920929));
#8837=CARTESIAN_POINT('Ctrl Pts',(5.20188523098781,-0.955767283848442,50.0000011920929));
#8838=CARTESIAN_POINT('Ctrl Pts',(5.19610874041585,-0.976246351776747,50.0000011920929));
#8839=CARTESIAN_POINT('Ctrl Pts',(5.19021220570828,-0.996681294246021,50.0000011920929));
#8840=CARTESIAN_POINT('Ctrl Pts',(5.14813987214334,-1.1424865440384,50.0000011920929));
#8841=CARTESIAN_POINT('Ctrl Pts',(5.09992550628988,-1.28617299797961,50.0000011920929));
#8842=CARTESIAN_POINT('Ctrl Pts',(5.04570076622875,-1.42734295233823,50.0000011920929));
#8843=CARTESIAN_POINT('Ctrl Pts',(4.98930794417456,-1.5741573419797,50.0000011920929));
#8844=CARTESIAN_POINT('Ctrl Pts',(4.92641447291313,-1.71825097029358,50.0000011920929));
#8845=CARTESIAN_POINT('Ctrl Pts',(4.85711580390569,-1.85914784252228,50.0000011920929));
#8846=CARTESIAN_POINT('Ctrl Pts',(4.79177977329644,-1.99198794592589,50.0000011920929));
#8847=CARTESIAN_POINT('Ctrl Pts',(4.72074942049577,-2.12198678000366,50.0000011920929));
#8848=CARTESIAN_POINT('Ctrl Pts',(4.64406565733487,-2.24871152517441,50.0000011920929));
#8849=CARTESIAN_POINT('Ctrl Pts',(4.63941477754333,-2.25639739676062,50.0000011920929));
#8850=CARTESIAN_POINT('Ctrl Pts',(4.63474309124428,-2.26407121299477,50.0000011920929));
#8851=CARTESIAN_POINT('Ctrl Pts',(4.63005060344392,-2.2717328726041,50.0000011920929));
#8852=CARTESIAN_POINT('Ctrl Pts',(4.57559605615192,-2.36064353647417,50.0000011920929));
#8853=CARTESIAN_POINT('Ctrl Pts',(4.51834072865806,-2.44791794899044,50.0000011920929));
#8854=CARTESIAN_POINT('Ctrl Pts',(4.45837279567236,-2.53343545603506,50.0000011920929));
#8855=CARTESIAN_POINT('Ctrl Pts',(4.43098101047694,-2.57249761920772,50.0000011920929));
#8856=CARTESIAN_POINT('Ctrl Pts',(4.40302317825323,-2.61119307560707,50.0000011920929));
#8857=CARTESIAN_POINT('Ctrl Pts',(4.37450732568983,-2.64950957811676,50.0000011920929));
#8858=CARTESIAN_POINT('Ctrl Pts',(4.35384593511347,-2.67727210852377,50.0000011920929));
#8859=CARTESIAN_POINT('Ctrl Pts',(4.33289158779244,-2.70483568421017,50.0000011920929));
#8860=CARTESIAN_POINT('Ctrl Pts',(4.31164727172999,-2.7321954825693,50.0000011920929));
#8861=CARTESIAN_POINT('Ctrl Pts',(4.29956950905254,-2.74775000315322,50.0000011920929));
#8862=CARTESIAN_POINT('Ctrl Pts',(4.28740408422736,-2.76323084112589,50.0000011920929));
#8863=CARTESIAN_POINT('Ctrl Pts',(4.27515302416997,-2.77863581213239,50.0000011920929));
#8864=CARTESIAN_POINT('Ctrl Pts',(4.18349279217028,-2.89389303965315,50.0000011920929));
#8865=CARTESIAN_POINT('Ctrl Pts',(4.08701947289743,-3.00493540111513,50.0000011920929));
#8866=CARTESIAN_POINT('Ctrl Pts',(3.98604574123094,-3.11149027207727,50.0000011920929));
#8867=CARTESIAN_POINT('Ctrl Pts',(3.88510479272533,-3.21801054784897,50.0000011920929));
#8868=CARTESIAN_POINT('Ctrl Pts',(3.77966571452966,-3.32004671632079,50.0000011920929));
#8869=CARTESIAN_POINT('Ctrl Pts',(3.67000869559317,-3.41728613350866,50.0000011920929));
#8870=CARTESIAN_POINT('Ctrl Pts',(3.56139964322658,-3.5135962562521,50.0000011920929));
#8871=CARTESIAN_POINT('Ctrl Pts',(3.44865225251066,-3.60520124787181,50.0000011920929));
#8872=CARTESIAN_POINT('Ctrl Pts',(3.33201670484752,-3.69175163003537,50.0000011920929));
#8873=CARTESIAN_POINT('Ctrl Pts',(3.21791163936882,-3.77642424676197,50.0000011920929));
#8874=CARTESIAN_POINT('Ctrl Pts',(3.10008471929043,-3.85625942903546,50.0000011920929));
#8875=CARTESIAN_POINT('Ctrl Pts',(2.97875792452807,-3.93088172365714,50.0000011920929));
#8876=CARTESIAN_POINT('Ctrl Pts',(2.93857482560343,-3.95559642128548,50.0000011920929));
#8877=CARTESIAN_POINT('Ctrl Pts',(2.89800775511048,-3.97973889470724,50.0000011920929));
#8878=CARTESIAN_POINT('Ctrl Pts',(2.85706463458466,-4.00329423553972,50.0000011920929));
#8879=CARTESIAN_POINT('Origin',(0.,0.,55.5000012740493));
#8880=CARTESIAN_POINT('Origin',(0.,0.,61.0000013560057));
#8881=CARTESIAN_POINT('Origin',(-3.11853751248533E-16,0.,-3.31234604859673));
#8882=CARTESIAN_POINT('Ctrl Pts',(5.0988934919962,0.000130232878497727,
0.437653951403243));
#8883=CARTESIAN_POINT('Ctrl Pts',(5.09911733891187,0.230133570057501,0.44842216963751));
#8884=CARTESIAN_POINT('Ctrl Pts',(5.02753048307529,1.30781190561604,0.49888301220985));
#8885=CARTESIAN_POINT('Ctrl Pts',(4.28200959302975,3.14911169687882,0.589036479120261));
#8886=CARTESIAN_POINT('Ctrl Pts',(2.25386923691352,4.81378987035643,0.708114352134479));
#8887=CARTESIAN_POINT('Ctrl Pts',(-0.323490563821901,5.30545598836752,0.827192225148696));
#8888=CARTESIAN_POINT('Ctrl Pts',(-2.82202233766362,4.50429720435122,0.946270098162913));
#8889=CARTESIAN_POINT('Ctrl Pts',(-4.63288935662889,2.60554070945993,1.06534797117713));
#8890=CARTESIAN_POINT('Ctrl Pts',(-5.31482265456486,0.0718706391829012,
1.18442584419135));
#8891=CARTESIAN_POINT('Ctrl Pts',(-4.7016502182144,-2.47931252062583,1.30350371720556));
#8892=CARTESIAN_POINT('Ctrl Pts',(-2.94278863631077,-4.42634166540874,1.42258159021978));
#8893=CARTESIAN_POINT('Ctrl Pts',(-0.466833976687861,-5.29476830210239,
1.541659463234));
#8894=CARTESIAN_POINT('Ctrl Pts',(2.1228779000666,-4.8729759760795,1.66073733624822));
#8895=CARTESIAN_POINT('Ctrl Pts',(4.19529095481254,-3.26374618996556,1.77981520926243));
#8896=CARTESIAN_POINT('Ctrl Pts',(5.00930624004179,-1.39982533332883,1.87212074764744));
#8897=CARTESIAN_POINT('Ctrl Pts',(5.09899314169641,-0.276105564980088,1.92473366169438));
#8898=CARTESIAN_POINT('Ctrl Pts',(5.09876531400991,-0.000114793455646099,
1.93765395140324));
#8899=CARTESIAN_POINT('Ctrl Pts',(5.09867253161234,0.000106120829268599,
0.312346942666417));
#8900=CARTESIAN_POINT('Ctrl Pts',(5.09886734897792,0.319721466029792,0.327309317136773));
#8901=CARTESIAN_POINT('Ctrl Pts',(4.9907833452799,1.48708439434411,0.381964315945202));
#8902=CARTESIAN_POINT('Ctrl Pts',(4.11017828844011,3.37035694163018,0.476311939091702));
#8903=CARTESIAN_POINT('Ctrl Pts',(1.99713803621561,4.9258219205234,0.595389812105921));
#8904=CARTESIAN_POINT('Ctrl Pts',(-0.602534315338747,5.28105699584659,0.714467685120138));
#8905=CARTESIAN_POINT('Ctrl Pts',(-3.05539593708799,4.34937067258909,0.833545558134356));
#8906=CARTESIAN_POINT('Ctrl Pts',(-4.76371751851604,2.35786037689019,0.952623431148572));
#8907=CARTESIAN_POINT('Ctrl Pts',(-5.3112291437461,-0.208220272012313,1.07170130416279));
#8908=CARTESIAN_POINT('Ctrl Pts',(-4.56450878626782,-2.72355632846627,1.19077917717701));
#8909=CARTESIAN_POINT('Ctrl Pts',(-2.70551862323718,-4.57522441277211,1.30985705019122));
#8910=CARTESIAN_POINT('Ctrl Pts',(-0.187252382498717,-5.31200903612694,
1.42893492320544));
#8911=CARTESIAN_POINT('Ctrl Pts',(2.37664291092354,-4.75437427212917,1.54801279621966));
#8912=CARTESIAN_POINT('Ctrl Pts',(4.36140254295003,-3.03820229188517,1.66709066923388));
#8913=CARTESIAN_POINT('Ctrl Pts',(5.04362040101418,-1.22050993874311,1.7552020513828));
#8914=CARTESIAN_POINT('Ctrl Pts',(5.09922134784838,-0.186502920104052,1.80362080919364));
#8915=CARTESIAN_POINT('Ctrl Pts',(5.09902903391845,-0.000131365134555406,
1.81234694266642));
#8916=CARTESIAN_POINT('Ctrl Pts',(-3.22335278395786,2.78983258102545,4.47034834150095E-7));
#8917=CARTESIAN_POINT('Ctrl Pts',(-3.68720172031928,2.25390480868331,0.0396930713729066));
#8918=CARTESIAN_POINT('Ctrl Pts',(-4.34196121893232,0.946766548657566,0.119078320049051));
#8919=CARTESIAN_POINT('Ctrl Pts',(-4.26560006151566,-1.24595055509457,0.238156193063269));
#8920=CARTESIAN_POINT('Ctrl Pts',(-3.14997831463316,-3.13450216048164,0.357234066077486));
#8921=CARTESIAN_POINT('Ctrl Pts',(-1.26669323441451,-4.25951802032636,0.476311939091703));
#8922=CARTESIAN_POINT('Ctrl Pts',(0.9252153913425,-4.34644330680197,0.595389812105921));
#8923=CARTESIAN_POINT('Ctrl Pts',(2.89169070995455,-3.37430702421895,0.714467685120139));
#8924=CARTESIAN_POINT('Ctrl Pts',(4.15351340314033,-1.57988945308902,0.833545558134355));
#8925=CARTESIAN_POINT('Ctrl Pts',(4.40322154156813,0.599493766532707,0.952623431148575));
#8926=CARTESIAN_POINT('Ctrl Pts',(3.57995820652791,2.63280313076964,1.07170130416279));
#8927=CARTESIAN_POINT('Ctrl Pts',(1.88433899920814,4.02455113107069,1.19077917717701));
#8928=CARTESIAN_POINT('Ctrl Pts',(-0.27045308365812,4.43560676179854,1.30985705019122));
#8929=CARTESIAN_POINT('Ctrl Pts',(-2.35934128759757,3.76580093786021,1.42893492320545));
#8930=CARTESIAN_POINT('Ctrl Pts',(-3.87330992887016,2.17835262687344,1.54801279621966));
#8931=CARTESIAN_POINT('Ctrl Pts',(-4.44343772826241,0.0600871807877424,
1.66709066923388));
#8932=CARTESIAN_POINT('Ctrl Pts',(-3.93079719165483,-2.07282001871502,1.78616854224809));
#8933=CARTESIAN_POINT('Ctrl Pts',(-2.46030750276384,-3.70062649924249,1.90524641526232));
#8934=CARTESIAN_POINT('Ctrl Pts',(-0.390294811261099,-4.42667136141645,
2.02432428827653));
#8935=CARTESIAN_POINT('Ctrl Pts',(1.77482417885544,-4.07403345480033,2.14340216129075));
#8936=CARTESIAN_POINT('Ctrl Pts',(3.50745741132886,-2.72864287268547,2.26248003430496));
#8937=CARTESIAN_POINT('Ctrl Pts',(4.38540014662105,-0.718341831737633,2.38155790731918));
#8938=CARTESIAN_POINT('Ctrl Pts',(4.1947169789691,1.46700337308247,2.5006357803334));
#8939=CARTESIAN_POINT('Ctrl Pts',(2.98187321862465,3.29487200619598,2.61971365334762));
#8940=CARTESIAN_POINT('Ctrl Pts',(1.04241230763784,4.31985254514894,2.73879152636183));
#8941=CARTESIAN_POINT('Ctrl Pts',(-1.15106163629418,4.29217969557289,2.85786939937606));
#8942=CARTESIAN_POINT('Ctrl Pts',(-3.06404708706524,3.21859672506416,2.97694727239026));
#8943=CARTESIAN_POINT('Ctrl Pts',(-4.23039141665799,1.36071227374393,3.09602514540449));
#8944=CARTESIAN_POINT('Ctrl Pts',(-4.3658820744868,-0.828747936229942,3.2151030184187));
#8945=CARTESIAN_POINT('Ctrl Pts',(-3.43750295672805,-2.81626043764112,3.33418089143293));
#8946=CARTESIAN_POINT('Ctrl Pts',(-1.6714797073342,-4.11751199367776,3.45325876444714));
#8947=CARTESIAN_POINT('Ctrl Pts',(0.501846513325819,-4.41541611937031,3.57233663746136));
#8948=CARTESIAN_POINT('Ctrl Pts',(2.55288373753489,-3.63738010836773,3.69141451047557));
#8949=CARTESIAN_POINT('Ctrl Pts',(3.98183914583831,-1.97299428453175,3.81049238348979));
#8950=CARTESIAN_POINT('Ctrl Pts',(4.44050762329916,0.17216700481058,3.92957025650401));
#8951=CARTESIAN_POINT('Ctrl Pts',(3.81712171448601,2.27537496842234,4.04864812951822));
#8952=CARTESIAN_POINT('Ctrl Pts',(2.26358690277926,3.82412392106873,4.16772600253245));
#8953=CARTESIAN_POINT('Ctrl Pts',(0.15846557334797,4.44101768654292,4.28680387554666));
#8954=CARTESIAN_POINT('Ctrl Pts',(-1.98527034325687,3.97573277450944,4.40588174856088));
#8955=CARTESIAN_POINT('Ctrl Pts',(-3.64523938789648,2.54164892049467,4.52495962157509));
#8956=CARTESIAN_POINT('Ctrl Pts',(-4.41694348552939,0.488220929255591,4.64403749458931));
#8957=CARTESIAN_POINT('Ctrl Pts',(-4.11233526081315,-1.68417580222392,4.76311536760353));
#8958=CARTESIAN_POINT('Ctrl Pts',(-2.80564106208685,-3.44617580237222,4.88219324061775));
#8959=CARTESIAN_POINT('Ctrl Pts',(-0.815273627081678,-4.36841828847797,
5.00127111363197));
#8960=CARTESIAN_POINT('Ctrl Pts',(1.37375812268983,-4.22617297924108,5.12034898664619));
#8961=CARTESIAN_POINT('Ctrl Pts',(3.22803512628393,-3.0541019389668,5.2394268596604));
#8962=CARTESIAN_POINT('Ctrl Pts',(4.29571071766213,-1.1378131921745,5.35850473267462));
#8963=CARTESIAN_POINT('Ctrl Pts',(4.31661575519141,1.05573569237617,5.47758260568883));
#8964=CARTESIAN_POINT('Ctrl Pts',(3.28565613939647,2.99202492699675,5.59666047870306));
#8965=CARTESIAN_POINT('Ctrl Pts',(1.45405413335581,4.19922326238968,5.71573835171726));
#8966=CARTESIAN_POINT('Ctrl Pts',(-0.731868996833441,4.3831629220915,5.8348162247315));
#8967=CARTESIAN_POINT('Ctrl Pts',(-2.73945169268889,3.49902184239362,5.9538940977457));
#8968=CARTESIAN_POINT('Ctrl Pts',(-4.07949005093146,1.76224582691375,6.07297197075993));
#8969=CARTESIAN_POINT('Ctrl Pts',(-4.42544609295168,-0.403950873872526,
6.19204984377413));
#8970=CARTESIAN_POINT('Ctrl Pts',(-3.69301791354352,-2.47171359998896,6.31112771678836));
#8971=CARTESIAN_POINT('Ctrl Pts',(-2.06068220757876,-3.93717389373292,6.43020558980258));
#8972=CARTESIAN_POINT('Ctrl Pts',(0.0737965889029929,-4.44323119965526,
6.54928346281679));
#8973=CARTESIAN_POINT('Ctrl Pts',(2.19029277405095,-3.86657044343743,6.66836133583101));
#8974=CARTESIAN_POINT('Ctrl Pts',(3.77306261427585,-2.34771121283636,6.78743920884523));
#8975=CARTESIAN_POINT('Ctrl Pts',(4.43641978869589,-0.256766213881801,6.90651708185944));
#8976=CARTESIAN_POINT('Ctrl Pts',(4.0187186925425,1.89674708391319,7.02559495487367));
#8977=CARTESIAN_POINT('Ctrl Pts',(2.62174392829509,3.5880646879023,7.14467282788787));
#8978=CARTESIAN_POINT('Ctrl Pts',(0.585907628845183,4.40504956618932,7.2637507009021));
#8979=CARTESIAN_POINT('Ctrl Pts',(-1.59270151855954,4.14862040959422,7.38282857391631));
#8980=CARTESIAN_POINT('Ctrl Pts',(-3.38320421274247,2.88126338348393,7.50190644693054));
#8981=CARTESIAN_POINT('Ctrl Pts',(-4.34929418914267,0.911805618766213,7.62098431994474));
#8982=CARTESIAN_POINT('Ctrl Pts',(-4.25555649406992,-1.27983919142308,7.74006219295897));
#8983=CARTESIAN_POINT('Ctrl Pts',(-3.12483294938751,-3.15961524058662,7.85914006597319));
#8984=CARTESIAN_POINT('Ctrl Pts',(-1.23265610114149,-4.26946230413618,7.97821793898739));
#8985=CARTESIAN_POINT('Ctrl Pts',(0.959892023128486,-4.33893497693403,8.09729581200163));
#8986=CARTESIAN_POINT('Ctrl Pts',(2.9185354990831,-3.35110429123193,8.21637368501583));
#8987=CARTESIAN_POINT('Ctrl Pts',(4.16599583873995,-1.54668293509693,8.33545155803006));
#8988=CARTESIAN_POINT('Ctrl Pts',(4.3982942976172,0.634631154055735,8.45452943104427));
#8989=CARTESIAN_POINT('Ctrl Pts',(3.55882483249929,2.66129954000651,8.57360730405848));
#8990=CARTESIAN_POINT('Ctrl Pts',(1.85214775361869,4.03946755514047,8.69268517707271));
#8991=CARTESIAN_POINT('Ctrl Pts',(-0.305857139787609,4.43330585905641,8.81176305008692));
#8992=CARTESIAN_POINT('Ctrl Pts',(-2.38933135154624,3.74684468891524,8.93084092310115));
#8993=CARTESIAN_POINT('Ctrl Pts',(-3.89057787947799,2.14735958655247,9.04991879611535));
#8994=CARTESIAN_POINT('Ctrl Pts',(-4.44377584673271,0.02461001652338,9.16899666912958));
#8995=CARTESIAN_POINT('Ctrl Pts',(-3.91412303386806,-2.1041364759786,9.28807454214379));
#8996=CARTESIAN_POINT('Ctrl Pts',(-2.43068422140662,-3.72015102353682,9.40715241515801));
#8997=CARTESIAN_POINT('Ctrl Pts',(-0.354940939093715,-4.42964630341076,
9.52623028817223));
#8998=CARTESIAN_POINT('Ctrl Pts',(1.80729367519399,-4.05973385656402,9.64530816118644));
#8999=CARTESIAN_POINT('Ctrl Pts',(3.52913042252499,-2.70055325688053,9.76438603420067));
#9000=CARTESIAN_POINT('Ctrl Pts',(4.39099544921087,-0.683306992841432,9.88346390721487));
#9001=CARTESIAN_POINT('Ctrl Pts',(4.18287108965893,1.50044616460301,10.0025417802291));
#9002=CARTESIAN_POINT('Ctrl Pts',(2.95547278220641,3.31857356412803,10.1216196532433));
#9003=CARTESIAN_POINT('Ctrl Pts',(1.00789041186632,4.32803714791205,10.2406975262575));
#9004=CARTESIAN_POINT('Ctrl Pts',(-1.18529252776578,4.28285326771059,10.3597753992718));
#9005=CARTESIAN_POINT('Ctrl Pts',(-3.08964611305873,3.19403126440827,10.478853272286));
#9006=CARTESIAN_POINT('Ctrl Pts',(-4.24111976494463,1.3268951079743,10.5979311453002));
#9007=CARTESIAN_POINT('Ctrl Pts',(-4.35912721793877,-0.863578767450717,
10.7170090183144));
#9008=CARTESIAN_POINT('Ctrl Pts',(-3.41490752132258,-2.84361262399235,10.8360868913286));
#9009=CARTESIAN_POINT('Ctrl Pts',(-1.63855630307673,-4.13072976389625,10.9551647643428));
#9010=CARTESIAN_POINT('Ctrl Pts',(0.537088035442975,-4.41126035236929,11.0742426373571));
#9011=CARTESIAN_POINT('Ctrl Pts',(2.58183072029361,-3.61689902990878,11.1933205103713));
#9012=CARTESIAN_POINT('Ctrl Pts',(3.99748671538353,-1.94110937274449,11.3123983833855));
#9013=CARTESIAN_POINT('Ctrl Pts',(4.43894754252255,0.207550982960713,11.4314762563997));
#9014=CARTESIAN_POINT('Ctrl Pts',(3.79891984988413,2.30589909455604,11.5505541294139));
#9015=CARTESIAN_POINT('Ctrl Pts',(2.23281664010141,3.8418367137789,11.6696320024281));
#9016=CARTESIAN_POINT('Ctrl Pts',(0.123330617101951,4.44260374809968,11.7887098754424));
#9017=CARTESIAN_POINT('Ctrl Pts',(-2.01758378698123,3.95885481248232,11.9077877484566));
#9018=CARTESIAN_POINT('Ctrl Pts',(-3.66417791011718,2.51422100748741,12.0268656214708));
#9019=CARTESIAN_POINT('Ctrl Pts',(-4.42309609248379,0.449532381320921,12.145943494485));
#9020=CARTESIAN_POINT('Ctrl Pts',(-4.09425692781737,-1.71044768496571,12.2650213674992));
#9021=CARTESIAN_POINT('Ctrl Pts',(-2.34863658651588,-4.06942272036294,12.4237918648515));
#9022=CARTESIAN_POINT('Ctrl Pts',(1.58880786170508,-4.78478921527547,12.6222549865419));
#9023=CARTESIAN_POINT('Ctrl Pts',(4.88585231832304,-1.24377062980661,12.8604107325703));
#9024=CARTESIAN_POINT('Ctrl Pts',(3.89169514338347,2.63268000400589,13.0588738542607));
#9025=CARTESIAN_POINT('Ctrl Pts',(1.41431328708437,4.20574476162805,13.217644351613));
#9026=CARTESIAN_POINT('Ctrl Pts',(-0.763609915172667,4.37981258761735,13.3367222246272));
#9027=CARTESIAN_POINT('Ctrl Pts',(-2.76896282808227,3.47568006125138,13.4558000976414));
#9028=CARTESIAN_POINT('Ctrl Pts',(-4.09257558954187,1.73031812326226,13.5748779706556));
#9029=CARTESIAN_POINT('Ctrl Pts',(-4.42251804562861,-0.439627842422883,
13.6939558436698));
#9030=CARTESIAN_POINT('Ctrl Pts',(-3.67294195907665,-2.50093519486359,13.8130337166841));
#9031=CARTESIAN_POINT('Ctrl Pts',(-2.02929840225224,-3.95359464977563,13.9321115896983));
#9032=CARTESIAN_POINT('Ctrl Pts',(0.109327015604411,-4.44245205933098,14.0511894627125));
#9033=CARTESIAN_POINT('Ctrl Pts',(2.22106235887899,-3.8489852733669,14.1702673357267));
#9034=CARTESIAN_POINT('Ctrl Pts',(3.79170146358502,-2.31750047936435,14.2893452087409));
#9035=CARTESIAN_POINT('Ctrl Pts',(4.43832037076047,-0.221345297428961,14.4084230817551));
#9036=CARTESIAN_POINT('Ctrl Pts',(4.00345155646873,1.92877442322811,14.5275009547694));
#9037=CARTESIAN_POINT('Ctrl Pts',(2.59301206331847,3.60887996115125,14.6465788277836));
#9038=CARTESIAN_POINT('Ctrl Pts',(0.550721223830568,4.40958779517869,14.7656567007978));
#9039=CARTESIAN_POINT('Ctrl Pts',(-1.62577285457273,4.13577200937195,14.884734573812));
#9040=CARTESIAN_POINT('Ctrl Pts',(-3.40609938756722,2.85416113489946,15.0038124468262));
#9041=CARTESIAN_POINT('Ctrl Pts',(-4.35643534697394,0.877052767370786,15.1228903198404));
#9042=CARTESIAN_POINT('Ctrl Pts',(-4.24520287745409,-1.31377363548454,15.2419681928547));
#9043=CARTESIAN_POINT('Ctrl Pts',(-3.09950782265123,-3.18446245451507,15.3610460658689));
#9044=CARTESIAN_POINT('Ctrl Pts',(-1.19853048109758,-4.27916743437977,15.4801239388831));
#9045=CARTESIAN_POINT('Ctrl Pts',(0.994502387936051,-4.33113316371664,15.5992018118973));
#9046=CARTESIAN_POINT('Ctrl Pts',(2.94519686380428,-3.3276966306857,15.7182796849115));
#9047=CARTESIAN_POINT('Ctrl Pts',(4.1782113913193,-1.5133733789049,15.8373575579258));
#9048=CARTESIAN_POINT('Ctrl Pts',(4.39308738679746,0.669725806226933,15.95643543094));
#9049=CARTESIAN_POINT('Ctrl Pts',(3.53746426260059,2.68962748590596,16.0755133039542));
#9050=CARTESIAN_POINT('Ctrl Pts',(1.81983863029428,4.05412589758739,16.1945911769684));
#9051=CARTESIAN_POINT('Ctrl Pts',(-0.341241792764977,4.43072268008153,16.3136690499826));
#9052=CARTESIAN_POINT('Ctrl Pts',(-2.41916906906594,3.72764945314293,16.4327469229968));
#9053=CARTESIAN_POINT('Ctrl Pts',(-3.90759786397213,2.1162297521334,16.5518247960111));
#9054=CARTESIAN_POINT('Ctrl Pts',(-4.44383070109488,-0.0108687584123802,
16.6709026690253));
#9055=CARTESIAN_POINT('Ctrl Pts',(-3.89719939082035,-2.13531879082652,16.7899805420395));
#9056=CARTESIAN_POINT('Ctrl Pts',(-2.40090600291886,-3.73943843313413,16.9090584150537));
#9057=CARTESIAN_POINT('Ctrl Pts',(-0.319564442205564,-4.43233888567063,
17.0281362880679));
#9058=CARTESIAN_POINT('Ctrl Pts',(1.8396479692713,-4.04517549424924,17.1472141610821));
#9059=CARTESIAN_POINT('Ctrl Pts',(3.55057848974589,-2.67229149201113,17.2662920340964));
#9060=CARTESIAN_POINT('Ctrl Pts',(4.39631084943694,-0.648228621128518,17.3853699071106));
#9061=CARTESIAN_POINT('Ctrl Pts',(4.17075860799224,1.53379335765279,17.5044477801248));
#9062=CARTESIAN_POINT('Ctrl Pts',(2.92888390328117,3.34206351095031,17.623525653139));
#9063=CARTESIAN_POINT('Ctrl Pts',(0.973304382974968,4.33594603382064,17.7426035261532));
#9064=CARTESIAN_POINT('Ctrl Pts',(-1.21944808378689,4.27325353812201,17.8616813991674));
#9065=CARTESIAN_POINT('Ctrl Pts',(-3.11504777887662,3.16926281103975,17.9807592721817));
#9066=CARTESIAN_POINT('Ctrl Pts',(-4.25157860199737,1.29299219686811,18.0998371451959));
#9067=CARTESIAN_POINT('Ctrl Pts',(-4.35209290062387,-0.898352277485327,
18.2189150182101));
#9068=CARTESIAN_POINT('Ctrl Pts',(-3.39209754312821,-2.87078799078357,18.3379928912243));
#9069=CARTESIAN_POINT('Ctrl Pts',(-1.60552235814776,-4.14367558908891,18.4570707642386));
#9070=CARTESIAN_POINT('Ctrl Pts',(0.572283437670897,-4.40684026226175,18.5761486372527));
#9071=CARTESIAN_POINT('Ctrl Pts',(2.61063630232586,-3.59615454716591,18.695226510267));
#9072=CARTESIAN_POINT('Ctrl Pts',(4.0128343167839,-1.90916478496887,18.8143043832812));
#9073=CARTESIAN_POINT('Ctrl Pts',(4.43719255655384,0.243046592625591,18.9333822562954));
#9074=CARTESIAN_POINT('Ctrl Pts',(3.78030421915992,2.33603284239013,19.0524601293096));
#9075=CARTESIAN_POINT('Ctrl Pts',(2.20223859556341,3.85977908672694,19.1715380023238));
#9076=CARTESIAN_POINT('Ctrl Pts',(0.0875356921548992,4.44298176146635,19.290615875338));
#9077=CARTESIAN_POINT('Ctrl Pts',(-2.04849774093332,3.94352715668534,19.4096937483523));
#9078=CARTESIAN_POINT('Ctrl Pts',(-3.68535717098204,2.48312141314414,19.5287716213665));
#9079=CARTESIAN_POINT('Ctrl Pts',(-4.42417582953779,0.417633403186809,19.6478494943807));
#9080=CARTESIAN_POINT('Ctrl Pts',(-4.08491980201905,-1.74962271395758,19.7669273673949));
#9081=CARTESIAN_POINT('Ctrl Pts',(-2.75025834694047,-3.49053412176532,19.8860052404091));
#9082=CARTESIAN_POINT('Ctrl Pts',(-0.745419209454678,-4.38087886528487,
20.0050831134234));
#9083=CARTESIAN_POINT('Ctrl Pts',(1.441062252204,-4.20369944398936,20.1241609864376));
#9084=CARTESIAN_POINT('Ctrl Pts',(3.27638842641086,-3.00217059965029,20.2432388594518));
#9085=CARTESIAN_POINT('Ctrl Pts',(4.31333054890839,-1.06907857801814,20.362316732466));
#9086=CARTESIAN_POINT('Ctrl Pts',(4.29920855085183,1.12452446234229,20.4813946054803));
#9087=CARTESIAN_POINT('Ctrl Pts',(3.23746365365916,3.04410553715858,20.6004724784944));
#9088=CARTESIAN_POINT('Ctrl Pts',(1.38681981877199,4.22190480948884,20.7195503515087));
#9089=CARTESIAN_POINT('Ctrl Pts',(-0.801761611357802,4.37091841020588,20.8386282245229));
#9090=CARTESIAN_POINT('Ctrl Pts',(-2.7949713088136,3.45483499070975,20.9577060975371));
#9091=CARTESIAN_POINT('Ctrl Pts',(-4.10710775501685,1.69688400275453,21.0767839705513));
#9092=CARTESIAN_POINT('Ctrl Pts',(-4.4184320558026,-0.47456042647868,21.1958618435656));
#9093=CARTESIAN_POINT('Ctrl Pts',(-3.65308130228831,-2.53036488060428,21.3149397165797));
#9094=CARTESIAN_POINT('Ctrl Pts',(-1.99755469909919,-3.9695748707173,21.434017589594));
#9095=CARTESIAN_POINT('Ctrl Pts',(0.144732204340358,-4.44148646504187,21.5530954626082));
#9096=CARTESIAN_POINT('Ctrl Pts',(2.25175104164319,-3.83110515081276,21.6721733356224));
#9097=CARTESIAN_POINT('Ctrl Pts',(3.81006750117555,-2.28716747672865,21.7912512086366));
#9098=CARTESIAN_POINT('Ctrl Pts',(4.43995401499481,-0.185897215858623,21.9103290816508));
#9099=CARTESIAN_POINT('Ctrl Pts',(3.98792104474622,1.96067212225307,22.0294069546651));
#9100=CARTESIAN_POINT('Ctrl Pts',(2.56411911819507,3.62946863574315,22.1484848276793));
#9101=CARTESIAN_POINT('Ctrl Pts',(0.515497559698207,4.41384318888604,22.2675627006935));
#9102=CARTESIAN_POINT('Ctrl Pts',(-1.65873945603218,4.12266089401651,22.3866405737077));
#9103=CARTESIAN_POINT('Ctrl Pts',(-3.42877802057554,2.82687649464295,22.5057184467219));
#9104=CARTESIAN_POINT('Ctrl Pts',(-4.36329852908138,0.842244249462494,22.6247963197361));
#9105=CARTESIAN_POINT('Ctrl Pts',(-4.23457881562686,-1.34762445999947,22.7438741927504));
#9106=CARTESIAN_POINT('Ctrl Pts',(-3.07398505259616,-3.20910662421493,22.8629520657646));
#9107=CARTESIAN_POINT('Ctrl Pts',(-1.1643285048875,-4.28859983712557,22.9820299387788));
#9108=CARTESIAN_POINT('Ctrl Pts',(1.02904938283092,-4.32305526230044,23.101107811793));
#9109=CARTESIAN_POINT('Ctrl Pts',(2.97167048611711,-3.30407686667297,23.2201856848072));
#9110=CARTESIAN_POINT('Ctrl Pts',(4.19016062767142,-1.47996735470566,23.3392635578214));
#9111=CARTESIAN_POINT('Ctrl Pts',(4.3876004466004,0.704777768288579,23.4583414308357));
#9112=CARTESIAN_POINT('Ctrl Pts',(3.5158782228184,2.71778399019554,23.5774193038499));
#9113=CARTESIAN_POINT('Ctrl Pts',(1.78741348569481,4.06852582922408,23.6964971768641));
#9114=CARTESIAN_POINT('Ctrl Pts',(-0.37660465179726,4.427857072048,23.8155750498783));
#9115=CARTESIAN_POINT('Ctrl Pts',(-2.44885266852817,3.708216630664,23.9346529228926));
#9116=CARTESIAN_POINT('Ctrl Pts',(-3.92436861205057,2.08496499052231,24.0537307959067));
#9117=CARTESIAN_POINT('Ctrl Pts',(-4.44360261417078,-0.0463467701971916,
24.172808668921));
#9118=CARTESIAN_POINT('Ctrl Pts',(-3.88002672316622,-2.16636513497961,24.2918865419352));
#9119=CARTESIAN_POINT('Ctrl Pts',(-2.37097594100586,-3.75848721868897,24.4109644149494));
#9120=CARTESIAN_POINT('Ctrl Pts',(-0.284165249634577,-4.43474946655854,
24.5300422879636));
#9121=CARTESIAN_POINT('Ctrl Pts',(1.87188046720716,-4.03035827074177,24.6491201609778));
#9122=CARTESIAN_POINT('Ctrl Pts',(3.57180907838318,-2.64386137369385,24.768198033992));
#9123=CARTESIAN_POINT('Ctrl Pts',(4.40132878991462,-0.613105066599008,24.8872759070063));
#9124=CARTESIAN_POINT('Ctrl Pts',(4.15841388704261,1.56703524518361,25.0063537800205));
#9125=CARTESIAN_POINT('Ctrl Pts',(2.90204264525635,3.36535520589385,25.1254316530347));
#9126=CARTESIAN_POINT('Ctrl Pts',(0.938786141599068,4.34354892350533,25.2445095260489));
#9127=CARTESIAN_POINT('Ctrl Pts',(-1.25379751933489,4.26344765476004,25.3635873990631));
#9128=CARTESIAN_POINT('Ctrl Pts',(-2.51094937769665,3.51719726992616,25.4429726477393));
#9129=CARTESIAN_POINT('Ctrl Pts',(-3.0124573356752,3.01633383443157,25.4826652720774));
#9130=CARTESIAN_POINT('Ctrl Pts',(-3.43405908839048,2.97220024368377,-0.160887827979342));
#9131=CARTESIAN_POINT('Ctrl Pts',(-3.92822921568146,2.40123958232154,-0.12119520364127));
#9132=CARTESIAN_POINT('Ctrl Pts',(-4.62578947595221,1.00865542461954,-0.0418099549651253));
#9133=CARTESIAN_POINT('Ctrl Pts',(-4.54443669076165,-1.32739669349938,0.0772679180490923));
#9134=CARTESIAN_POINT('Ctrl Pts',(-3.3558882271387,-3.33940041727753,0.19634579106331));
#9135=CARTESIAN_POINT('Ctrl Pts',(-1.34949529430743,-4.53795707459118,0.315423664077527));
#9136=CARTESIAN_POINT('Ctrl Pts',(0.985695496680079,-4.63056455197254,0.434501537091744));
#9137=CARTESIAN_POINT('Ctrl Pts',(3.0807167036618,-3.59488100750514,0.553579410105962));
#9138=CARTESIAN_POINT('Ctrl Pts',(4.42502307590797,-1.68316473518946,0.67265728312018));
#9139=CARTESIAN_POINT('Ctrl Pts',(4.69105430478269,0.638681880444771,0.791735156134396));
#9140=CARTESIAN_POINT('Ctrl Pts',(3.81397533536186,2.80490598613936,0.910813029148614));
#9141=CARTESIAN_POINT('Ctrl Pts',(2.00751574510993,4.28763071083261,1.02989090216283));
#9142=CARTESIAN_POINT('Ctrl Pts',(-0.288132243712716,4.7255565039882,1.14896877517705));
#9143=CARTESIAN_POINT('Ctrl Pts',(-2.51356830428625,4.01196636002388,1.26804664819127));
#9144=CARTESIAN_POINT('Ctrl Pts',(-4.1265030714564,2.32074865440227,1.38712452120548));
#9145=CARTESIAN_POINT('Ctrl Pts',(-4.73389937036323,0.064015000252795,1.5062023942197));
#9146=CARTESIAN_POINT('Ctrl Pts',(-4.18774820050802,-2.20831751935196,1.62528026723392));
#9147=CARTESIAN_POINT('Ctrl Pts',(-2.62113454727949,-3.94253155463124,1.74435814024814));
#9148=CARTESIAN_POINT('Ctrl Pts',(-0.415807866403352,-4.71603700831177,
1.86343601326235));
#9149=CARTESIAN_POINT('Ctrl Pts',(1.89084208592582,-4.34034762856005,1.98251388627657));
#9150=CARTESIAN_POINT('Ctrl Pts',(3.73673525915676,-2.90701064511217,2.10159175929079));
#9151=CARTESIAN_POINT('Ctrl Pts',(4.67206794883977,-0.765298886341798,2.22066963230501));
#9152=CARTESIAN_POINT('Ctrl Pts',(4.46892007494362,1.56289944157078,2.33974750531922));
#9153=CARTESIAN_POINT('Ctrl Pts',(3.17679432354061,3.5102534275096,2.45882537833344));
#9154=CARTESIAN_POINT('Ctrl Pts',(1.11055342024909,4.60223558743094,2.57790325134766));
#9155=CARTESIAN_POINT('Ctrl Pts',(-1.22630501169038,4.57275380031125,2.69698112436188));
#9156=CARTESIAN_POINT('Ctrl Pts',(-3.2643397889799,3.42899213222294,2.81605899737609));
#9157=CARTESIAN_POINT('Ctrl Pts',(-4.50692650339864,1.44966023377598,2.93513687039031));
#9158=CARTESIAN_POINT('Ctrl Pts',(-4.651274006168,-0.882922091729842,3.05421474340453));
#9159=CARTESIAN_POINT('Ctrl Pts',(-3.66220797446397,-3.00035565430137,3.17329261641875));
#9160=CARTESIAN_POINT('Ctrl Pts',(-1.78074212310801,-4.38666830196727,3.29237048943296));
#9161=CARTESIAN_POINT('Ctrl Pts',(0.534651555560578,-4.70404602599268,3.41144836244718));
#9162=CARTESIAN_POINT('Ctrl Pts',(2.71976236796567,-3.87515083091019,3.5305262354614));
#9163=CARTESIAN_POINT('Ctrl Pts',(4.24212669966744,-2.10196630907382,3.64960410847562));
#9164=CARTESIAN_POINT('Ctrl Pts',(4.73077772831739,0.183421334001422,3.76868198148983));
#9165=CARTESIAN_POINT('Ctrl Pts',(4.06664190787957,2.42411321798063,3.88775985450405));
#9166=CARTESIAN_POINT('Ctrl Pts',(2.41155458209144,4.07410183943714,4.00683772751827));
#9167=CARTESIAN_POINT('Ctrl Pts',(0.16882425810197,4.73132113372017,4.12591560053248));
#9168=CARTESIAN_POINT('Ctrl Pts',(-2.11504483750683,4.23562116292839,4.2449934735467));
#9169=CARTESIAN_POINT('Ctrl Pts',(-3.88352386113767,2.70779314580811,4.36407134656092));
#9170=CARTESIAN_POINT('Ctrl Pts',(-4.70567323405566,0.520135285097147,4.48314921957513));
#9171=CARTESIAN_POINT('Ctrl Pts',(-4.38115317292823,-1.79426814491367,4.60222709258936));
#9172=CARTESIAN_POINT('Ctrl Pts',(-2.98904210422498,-3.67144775254685,4.72130496560357));
#9173=CARTESIAN_POINT('Ctrl Pts',(-0.868566984829766,-4.65397600911035,
4.84038283861779));
#9174=CARTESIAN_POINT('Ctrl Pts',(1.46355887259746,-4.50243231231212,4.959460711632));
#9175=CARTESIAN_POINT('Ctrl Pts',(3.43904750923595,-3.25374453971558,5.07853858464622));
#9176=CARTESIAN_POINT('Ctrl Pts',(4.57651564064013,-1.2121905343168,5.19761645766044));
#9177=CARTESIAN_POINT('Ctrl Pts',(4.59878721279873,1.12474773701034,5.31669433067466));
#9178=CARTESIAN_POINT('Ctrl Pts',(3.50043513169731,3.18760963565024,5.43577220368888));
#9179=CARTESIAN_POINT('Ctrl Pts',(1.54910372718531,4.47372092814601,5.55485007670309));
#9180=CARTESIAN_POINT('Ctrl Pts',(-0.779710304312742,4.66968447990435,5.67392794971732));
#9181=CARTESIAN_POINT('Ctrl Pts',(-2.91852602337056,3.72774826824717,5.79300582273153));
#9182=CARTESIAN_POINT('Ctrl Pts',(-4.34616091515687,1.87744150376885,5.91208369574575));
#9183=CARTESIAN_POINT('Ctrl Pts',(-4.71473164566946,-0.430356607749875,
6.03116156875997));
#9184=CARTESIAN_POINT('Ctrl Pts',(-3.93442560575733,-2.63328624598089,6.15023944177418));
#9185=CARTESIAN_POINT('Ctrl Pts',(-2.19538627556968,-4.19454173915951,6.2693173147884));
#9186=CARTESIAN_POINT('Ctrl Pts',(0.0786205742281051,-4.73367934125444,
6.38839518780261));
#9187=CARTESIAN_POINT('Ctrl Pts',(2.33346931319448,-4.11932303478262,6.50747306081684));
#9188=CARTESIAN_POINT('Ctrl Pts',(4.01970272261385,-2.50117798693373,6.62655093383105));
#9189=CARTESIAN_POINT('Ctrl Pts',(4.72642267737755,-0.273550681377707,6.74562880684526));
#9190=CARTESIAN_POINT('Ctrl Pts',(4.28141701351877,2.0207349298864,6.86470667985949));
#9191=CARTESIAN_POINT('Ctrl Pts',(2.79312385823916,3.82261172669238,6.9837845528737));
#9192=CARTESIAN_POINT('Ctrl Pts',(0.624207634921856,4.69300182495344,7.10286242588792));
#9193=CARTESIAN_POINT('Ctrl Pts',(-1.69681430841925,4.41981023385107,7.22194029890214));
#9194=CARTESIAN_POINT('Ctrl Pts',(-3.6043597934644,3.06960775666343,7.34101817191635));
#9195=CARTESIAN_POINT('Ctrl Pts',(-4.63360179271788,0.971409145022255,7.46009604493058));
#9196=CARTESIAN_POINT('Ctrl Pts',(-4.5337365886076,-1.36350058512311,7.57917391794478));
#9197=CARTESIAN_POINT('Ctrl Pts',(-3.32909914265422,-3.36615510618444,7.69825179095901));
#9198=CARTESIAN_POINT('Ctrl Pts',(-1.3132331986905,-4.54855140306946,7.81732966397322));
#9199=CARTESIAN_POINT('Ctrl Pts',(1.0226388939812,-4.62256541252062,7.93640753698745));
#9200=CARTESIAN_POINT('Ctrl Pts',(3.10931630111872,-3.57016154257838,8.05548541000165));
#9201=CARTESIAN_POINT('Ctrl Pts',(4.43832147179856,-1.64778755107481,8.17456328301589));
#9202=CARTESIAN_POINT('Ctrl Pts',(4.68580497341734,0.676116152475521,8.29364115603009));
#9203=CARTESIAN_POINT('Ctrl Pts',(3.79146050064921,2.83526516792467,8.41271902904431));
#9204=CARTESIAN_POINT('Ctrl Pts',(1.97322020041087,4.30352220179755,8.53179690205853));
#9205=CARTESIAN_POINT('Ctrl Pts',(-0.325850616123712,4.72310519427973,8.65087477507275));
#9206=CARTESIAN_POINT('Ctrl Pts',(-2.54551877901459,3.99177096617954,8.76995264808696));
#9207=CARTESIAN_POINT('Ctrl Pts',(-4.14489980513626,2.28772964006391,8.88903052110119));
#9208=CARTESIAN_POINT('Ctrl Pts',(-4.73425959119034,0.0262187407249259,
9.0081083941154));
#9209=CARTESIAN_POINT('Ctrl Pts',(-4.16998407509987,-2.24168109197032,9.12718626712961));
#9210=CARTESIAN_POINT('Ctrl Pts',(-2.58957483123506,-3.96333237123224,9.24626414014384));
#9211=CARTESIAN_POINT('Ctrl Pts',(-0.378142958413624,-4.71920641832603,
9.36534201315806));
#9212=CARTESIAN_POINT('Ctrl Pts',(1.9254340702571,-4.32511328451676,9.48441988617227));
#9213=CARTESIAN_POINT('Ctrl Pts',(3.75982500640418,-2.87708484830692,9.60349775918649));
#9214=CARTESIAN_POINT('Ctrl Pts',(4.67802900895286,-0.727973866405852,9.72257563220071));
#9215=CARTESIAN_POINT('Ctrl Pts',(4.45629983553076,1.59852834410165,9.84165350521492));
#9216=CARTESIAN_POINT('Ctrl Pts',(3.14866812554244,3.5355043249077,9.96073137822914));
#9217=CARTESIAN_POINT('Ctrl Pts',(1.07377487385086,4.61095520684194,10.0798092512434));
#9218=CARTESIAN_POINT('Ctrl Pts',(-1.26277353122283,4.56281771620587,10.1988871242576));
#9219=CARTESIAN_POINT('Ctrl Pts',(-3.29161218941475,3.40282085992357,10.3179649972718));
#9220=CARTESIAN_POINT('Ctrl Pts',(-4.51835614961065,1.41363248464696,10.437042870286));
#9221=CARTESIAN_POINT('Ctrl Pts',(-4.64407759358947,-0.920029768278679,
10.5561207433002));
#9222=CARTESIAN_POINT('Ctrl Pts',(-3.63813550535774,-3.02949581686573,10.6751986163144));
#9223=CARTESIAN_POINT('Ctrl Pts',(-1.74566655949804,-4.40075010032734,10.7942764893287));
#9224=CARTESIAN_POINT('Ctrl Pts',(0.572196769326021,-4.69961860200419,10.9133543623429));
#9225=CARTESIAN_POINT('Ctrl Pts',(2.75060157666749,-3.8533309314651,11.0324322353571));
#9226=CARTESIAN_POINT('Ctrl Pts',(4.25879713011968,-2.06799712281208,11.1515101083713));
#9227=CARTESIAN_POINT('Ctrl Pts',(4.72911566712564,0.221118315962134,11.2705879813855));
#9228=CARTESIAN_POINT('Ctrl Pts',(4.04725021148419,2.45663266583204,11.3896658543998));
#9229=CARTESIAN_POINT('Ctrl Pts',(2.37877290807582,4.09297249395868,11.5087437274139));
#9230=CARTESIAN_POINT('Ctrl Pts',(0.131392576277588,4.73301087402128,11.6278216004282));
#9231=CARTESIAN_POINT('Ctrl Pts',(-2.14947056827111,4.2176399108665,11.7468994734424));
#9232=CARTESIAN_POINT('Ctrl Pts',(-3.90370036948523,2.67857230643646,11.8659773464566));
#9233=CARTESIAN_POINT('Ctrl Pts',(-4.71222802878188,0.478917717999651,11.9850552194708));
#9234=CARTESIAN_POINT('Ctrl Pts',(-4.36189308323651,-1.82225738585173,12.1041330924851));
#9235=CARTESIAN_POINT('Ctrl Pts',(-2.50216385106566,-4.33543549651616,12.2629035898373));
#9236=CARTESIAN_POINT('Ctrl Pts',(1.6926661283706,-5.09756455220331,12.4613667115277));
#9237=CARTESIAN_POINT('Ctrl Pts',(5.2052340165104,-1.32507426938112,12.6995224575562));
#9238=CARTESIAN_POINT('Ctrl Pts',(4.14609010310421,2.80477481074207,12.8979855792465));
#9239=CARTESIAN_POINT('Ctrl Pts',(1.5067650744018,4.48066872915647,13.0567560765988));
#9240=CARTESIAN_POINT('Ctrl Pts',(-0.813526084465373,4.66611513850078,13.175833949613));
#9241=CARTESIAN_POINT('Ctrl Pts',(-2.94996626261794,3.70288066577137,13.2949118226272));
#9242=CARTESIAN_POINT('Ctrl Pts',(-4.36010183810369,1.84342672839536,13.4139896956414));
#9243=CARTESIAN_POINT('Ctrl Pts',(-4.711612195769,-0.468365732505417,13.5330675686557));
#9244=CARTESIAN_POINT('Ctrl Pts',(-3.91303731272339,-2.66441801782911,13.6521454416699));
#9245=CARTESIAN_POINT('Ctrl Pts',(-2.16195095243465,-4.21203589828703,13.7712233146841));
#9246=CARTESIAN_POINT('Ctrl Pts',(0.116473577888036,-4.73284926955857,13.8903011876983));
#9247=CARTESIAN_POINT('Ctrl Pts',(2.36625026505014,-4.10058834542372,14.0093790607125));
#9248=CARTESIAN_POINT('Ctrl Pts',(4.03955996882836,-2.46899241780744,14.1284569337268));
#9249=CARTESIAN_POINT('Ctrl Pts',(4.72844749797571,-0.23581434650634,14.247534806741));
#9250=CARTESIAN_POINT('Ctrl Pts',(4.26515188497041,2.05485585397475,14.3666126797552));
#9251=CARTESIAN_POINT('Ctrl Pts',(2.76251382928409,3.84478766679848,14.4856905527694));
#9252=CARTESIAN_POINT('Ctrl Pts',(0.586721141190986,4.69783671196416,14.6047684257836));
#9253=CARTESIAN_POINT('Ctrl Pts',(-1.73204747388798,4.4061219507149,14.7238462987978));
#9254=CARTESIAN_POINT('Ctrl Pts',(-3.62875159555895,3.04073386996679,14.8429241718121));
#9255=CARTESIAN_POINT('Ctrl Pts',(-4.64120975858315,0.934384545736723,14.9620020448263));
#9256=CARTESIAN_POINT('Ctrl Pts',(-4.52270616977965,-1.39965327887065,15.0810799178405));
#9257=CARTESIAN_POINT('Ctrl Pts',(-3.30211854590844,-3.3926265495948,15.2001577908547));
#9258=CARTESIAN_POINT('Ctrl Pts',(-1.27687683203961,-4.55889094482948,15.3192356638689));
#9259=CARTESIAN_POINT('Ctrl Pts',(1.05951169251925,-4.6142536051012,15.4383135368832));
#9260=CARTESIAN_POINT('Ctrl Pts',(3.13772048395757,-3.54522375424917,15.5573914098973));
#9261=CARTESIAN_POINT('Ctrl Pts',(4.45133553887915,-1.61230059328949,15.6764692829116));
#9262=CARTESIAN_POINT('Ctrl Pts',(4.6802576937302,0.713504895601062,15.7955471559258));
#9263=CARTESIAN_POINT('Ctrl Pts',(3.76870361857323,2.86544487414721,15.91462502894));
#9264=CARTESIAN_POINT('Ctrl Pts',(1.93879907246537,4.31913874068561,16.0337029019542));
#9265=CARTESIAN_POINT('Ctrl Pts',(-0.363548317024226,4.72035315631486,16.1527807749684));
#9266=CARTESIAN_POINT('Ctrl Pts',(-2.57730694862956,3.97132096325534,16.2718586479827));
#9267=CARTESIAN_POINT('Ctrl Pts',(-4.16303236348584,2.25456488957835,16.3909365209969));
#9268=CARTESIAN_POINT('Ctrl Pts',(-4.73431803130954,-0.0115792347618013,
16.5100143940111));
#9269=CARTESIAN_POINT('Ctrl Pts',(-4.15195415590954,-2.27490175346089,16.6290922670253));
#9270=CARTESIAN_POINT('Ctrl Pts',(-2.55785005002499,-3.98388057326238,16.7481701400395));
#9271=CARTESIAN_POINT('Ctrl Pts',(-0.340453946755085,-4.7220750111238,16.8672480130538));
#9272=CARTESIAN_POINT('Ctrl Pts',(1.95990332170784,-4.30960326132973,16.986325886068));
#9273=CARTESIAN_POINT('Ctrl Pts',(3.78267510538648,-2.84697564928076,17.1054037590822));
#9274=CARTESIAN_POINT('Ctrl Pts',(4.68369186985521,-0.690602467970607,17.2244816320964));
#9275=CARTESIAN_POINT('Ctrl Pts',(4.44339557697195,1.63405539901629,17.3435595051106));
#9276=CARTESIAN_POINT('Ctrl Pts',(3.12034116680006,3.5605297784579,17.4626373781248));
#9277=CARTESIAN_POINT('Ctrl Pts',(1.03692800203565,4.61938108615264,17.5817152511391));
#9278=CARTESIAN_POINT('Ctrl Pts',(-1.29916179072613,4.55259046500214,17.7007931241533));
#9279=CARTESIAN_POINT('Ctrl Pts',(-3.31867432850057,3.3764333255467,17.8198709971675));
#9280=CARTESIAN_POINT('Ctrl Pts',(-4.52949866699618,1.37751338512221,17.9389488701817));
#9281=CARTESIAN_POINT('Ctrl Pts',(-4.63658345226367,-0.957076376631286,
18.0580267431959));
#9282=CARTESIAN_POINT('Ctrl Pts',(-3.61383446908452,-3.05844760140951,18.1771046162102));
#9283=CARTESIAN_POINT('Ctrl Pts',(-1.71047322931919,-4.41454217697524,18.2961824892243));
#9284=CARTESIAN_POINT('Ctrl Pts',(0.609692848406127,-4.69490957645762,18.4152603622386));
#9285=CARTESIAN_POINT('Ctrl Pts',(2.78129014146453,-3.83123040934674,18.5343382352528));
#9286=CARTESIAN_POINT('Ctrl Pts',(4.27514798390654,-2.03396435962162,18.653416108267));
#9287=CARTESIAN_POINT('Ctrl Pts',(4.72724596004739,0.258934226641936,18.7724939812812));
#9288=CARTESIAN_POINT('Ctrl Pts',(4.0274177016228,2.48873621687118,18.8915718542954));
#9289=CARTESIAN_POINT('Ctrl Pts',(2.3461960172454,4.11208773607432,19.0106497273097));
#9290=CARTESIAN_POINT('Ctrl Pts',(0.0932577844718486,4.73341359762132,19.1297276003239));
#9291=CARTESIAN_POINT('Ctrl Pts',(-2.18240532646934,4.20131030650073,19.2488054733381));
#9292=CARTESIAN_POINT('Ctrl Pts',(-3.92626409059585,2.64543977278043,19.3678833463523));
#9293=CARTESIAN_POINT('Ctrl Pts',(-4.71337834681776,0.444933545892586,19.4869612193665));
#9294=CARTESIAN_POINT('Ctrl Pts',(-4.35194560188518,-1.86399323462914,19.6060390923807));
#9295=CARTESIAN_POINT('Ctrl Pts',(-2.93003909430479,-3.71870571655739,19.725116965395));
#9296=CARTESIAN_POINT('Ctrl Pts',(-0.79414627639534,-4.6672511173279,19.8441948384092));
#9297=CARTESIAN_POINT('Ctrl Pts',(1.53526258396118,-4.47848971181132,19.9632727114234));
#9298=CARTESIAN_POINT('Ctrl Pts',(3.49056160058238,-3.19841851749435,20.0823505844376));
#9299=CARTESIAN_POINT('Ctrl Pts',(4.59528725692993,-1.1389628294235,20.2014284574519));
#9300=CARTESIAN_POINT('Ctrl Pts',(4.58024212255502,1.19803313780699,20.320506330466));
#9301=CARTESIAN_POINT('Ctrl Pts',(3.44909236696427,3.24309468635434,20.4395842034803));
#9302=CARTESIAN_POINT('Ctrl Pts',(1.47747439446152,4.49788513795334,20.5586620764945));
#9303=CARTESIAN_POINT('Ctrl Pts',(-0.854171706525143,4.65663956048597,20.6777399495087));
#9304=CARTESIAN_POINT('Ctrl Pts',(-2.97767488330481,3.680672980563,20.7968178225229));
#9305=CARTESIAN_POINT('Ctrl Pts',(-4.37558395199817,1.80780706368993,20.9158956955372));
#9306=CARTESIAN_POINT('Ctrl Pts',(-4.70725911019708,-0.5055818133374,21.0349735685514));
#9307=CARTESIAN_POINT('Ctrl Pts',(-3.8918783910922,-2.69577148316783,21.1540514415656));
#9308=CARTESIAN_POINT('Ctrl Pts',(-2.12813220542861,-4.22906072511714,21.2731293145798));
#9309=CARTESIAN_POINT('Ctrl Pts',(0.154193156942483,-4.73182055564904,21.392207187594));
#9310=CARTESIAN_POINT('Ctrl Pts',(2.39894502638114,-4.08153942292782,21.5112850606082));
#9311=CARTESIAN_POINT('Ctrl Pts',(4.05912656998334,-2.43667658694408,21.6303629336225));
#9312=CARTESIAN_POINT('Ctrl Pts',(4.73018793137104,-0.198049070769703,21.7494408066366));
#9313=CARTESIAN_POINT('Ctrl Pts',(4.24860616425579,2.08883866335899,21.8685186796509));
#9314=CARTESIAN_POINT('Ctrl Pts',(2.73173219058626,3.86672219579329,21.9875965526651));
#9315=CARTESIAN_POINT('Ctrl Pts',(0.549194952763162,4.70237027512489,22.1066744256793));
#9316=CARTESIAN_POINT('Ctrl Pts',(-1.76716905844386,4.3921537791051,22.2257522986935));
#9317=CARTESIAN_POINT('Ctrl Pts',(-3.65291270078518,3.01166566889594,22.3448301717078));
#9318=CARTESIAN_POINT('Ctrl Pts',(-4.64852157781952,0.897300641092074,22.463908044722));
#9319=CARTESIAN_POINT('Ctrl Pts',(-4.51138762709484,-1.43571688697262,22.5829859177362));
#9320=CARTESIAN_POINT('Ctrl Pts',(-3.27492738616176,-3.41888167604413,22.7020637907504));
#9321=CARTESIAN_POINT('Ctrl Pts',(-1.24043911792105,-4.56893993125623,22.8211416637646));
#9322=CARTESIAN_POINT('Ctrl Pts',(1.0963169787373,-4.60564766196289,22.9402195367788));
#9323=CARTESIAN_POINT('Ctrl Pts',(3.16592465191536,-3.52005999753063,23.0592974097931));
#9324=CARTESIAN_POINT('Ctrl Pts',(4.46406588099328,-1.57671086151103,23.1783752828072));
#9325=CARTESIAN_POINT('Ctrl Pts',(4.67441207951603,0.750848158021102,23.2974531558215));
#9326=CARTESIAN_POINT('Ctrl Pts',(3.74570652794594,2.8954419318488,23.4165310288357));
#9327=CARTESIAN_POINT('Ctrl Pts',(1.90425433908763,4.33447997679085,23.53560890185));
#9328=CARTESIAN_POINT('Ctrl Pts',(-0.401222799338312,4.71730022727766,23.6546867748641));
#9329=CARTESIAN_POINT('Ctrl Pts',(-2.60893092569366,3.95061784289601,23.7737646478784));
#9330=CARTESIAN_POINT('Ctrl Pts',(-4.18089939316514,2.22125639188884,23.8928425208926));
#9331=CARTESIAN_POINT('Ctrl Pts',(-4.73407503464516,-0.0493763972114106,
24.0119203939068));
#9332=CARTESIAN_POINT('Ctrl Pts',(-4.13365893370395,-2.3079775560323,24.130998266921));
#9333=CARTESIAN_POINT('Ctrl Pts',(-2.52596349958597,-4.00417455271227,24.2500761399352));
#9334=CARTESIAN_POINT('Ctrl Pts',(-0.302740755826969,-4.72464316849325,
24.3691540129494));
#9335=CARTESIAN_POINT('Ctrl Pts',(1.99424281536458,-4.29381745553653,24.4882318859637));
#9336=CARTESIAN_POINT('Ctrl Pts',(3.80529350949807,-2.81668709176469,24.6073097589779));
#9337=CARTESIAN_POINT('Ctrl Pts',(4.6890378264592,-0.653182933177845,24.7263876319921));
#9338=CARTESIAN_POINT('Ctrl Pts',(4.43024389795571,1.66947026472959,24.8454655050063));
#9339=CARTESIAN_POINT('Ctrl Pts',(3.09174533127045,3.58534402066649,24.9645433780205));
#9340=CARTESIAN_POINT('Ctrl Pts',(1.00015334891605,4.62748096667136,25.0836212510348));
#9341=CARTESIAN_POINT('Ctrl Pts',(-1.33575660340432,4.54214358402576,25.202699124049));
#9342=CARTESIAN_POINT('Ctrl Pts',(-2.67508681453725,3.747111799417,25.2820843727251));
#9343=CARTESIAN_POINT('Ctrl Pts',(-3.20937768383569,3.21350758418408,25.3217769970632));
#9344=CARTESIAN_POINT('Ctrl Pts',(-3.6447653928231,3.15456790634209,-0.321776102993519));
#9345=CARTESIAN_POINT('Ctrl Pts',(-4.16925671104365,2.54857435595976,-0.282083478655446));
#9346=CARTESIAN_POINT('Ctrl Pts',(-4.90961773297209,1.07054430058152,-0.202698229979302));
#9347=CARTESIAN_POINT('Ctrl Pts',(-4.82327332000766,-1.40884283190419,-0.083620356965084));
#9348=CARTESIAN_POINT('Ctrl Pts',(-3.56179813964423,-3.54429867407342,0.0354575160491331));
#9349=CARTESIAN_POINT('Ctrl Pts',(-1.43229735420035,-4.816396128856,0.154535389063351));
#9350=CARTESIAN_POINT('Ctrl Pts',(1.04617560201766,-4.91468579714311,0.273613262077568));
#9351=CARTESIAN_POINT('Ctrl Pts',(3.26974269736905,-3.81545499079133,0.392691135091786));
#9352=CARTESIAN_POINT('Ctrl Pts',(4.69653274867561,-1.78644001728989,0.511769008106003));
#9353=CARTESIAN_POINT('Ctrl Pts',(4.97888706799724,0.67786999435683,0.630846881120221));
#9354=CARTESIAN_POINT('Ctrl Pts',(4.04799246419581,2.97700884150909,0.749924754134437));
#9355=CARTESIAN_POINT('Ctrl Pts',(2.13069249101172,4.55071029059453,0.869002627148656));
#9356=CARTESIAN_POINT('Ctrl Pts',(-0.305811403767306,5.01550624617786,0.988080500162872));
#9357=CARTESIAN_POINT('Ctrl Pts',(-2.66779532097493,4.25813178218755,1.10715837317709));
#9358=CARTESIAN_POINT('Ctrl Pts',(-4.37969621404264,2.4631446819311,1.22623624619131));
#9359=CARTESIAN_POINT('Ctrl Pts',(-5.02436101246405,0.0679428197178479,
1.34531411920552));
#9360=CARTESIAN_POINT('Ctrl Pts',(-4.44469920936121,-2.34381501998889,1.46439199221974));
#9361=CARTESIAN_POINT('Ctrl Pts',(-2.78196159179513,-4.18443661001999,1.58346986523396));
#9362=CARTESIAN_POINT('Ctrl Pts',(-0.441320921545605,-5.00540265520708,
1.70254773824818));
#9363=CARTESIAN_POINT('Ctrl Pts',(2.00685999299621,-4.60666180231977,1.82162561126239));
#9364=CARTESIAN_POINT('Ctrl Pts',(3.96601310698465,-3.08537841753887,1.94070348427662));
#9365=CARTESIAN_POINT('Ctrl Pts',(4.95873575105849,-0.812255940945964,2.05978135729082));
#9366=CARTESIAN_POINT('Ctrl Pts',(4.74312317091815,1.65879551005909,2.17885923030505));
#9367=CARTESIAN_POINT('Ctrl Pts',(3.37171542845657,3.72563484882321,2.29793710331926));
#9368=CARTESIAN_POINT('Ctrl Pts',(1.17869453286034,4.88461862971293,2.41701497633348));
#9369=CARTESIAN_POINT('Ctrl Pts',(-1.30154838708658,4.85332790504961,2.5360928493477));
#9370=CARTESIAN_POINT('Ctrl Pts',(-3.46463249089455,3.63938753938172,2.65517072236192));
#9371=CARTESIAN_POINT('Ctrl Pts',(-4.78346159013928,1.53860819380804,2.77424859537613));
#9372=CARTESIAN_POINT('Ctrl Pts',(-4.93666593784921,-0.937096247229746,
2.89332646839035));
#9373=CARTESIAN_POINT('Ctrl Pts',(-3.88691299219989,-3.18445087096162,3.01240434140457));
#9374=CARTESIAN_POINT('Ctrl Pts',(-1.89000453888184,-4.6558246102568,3.13148221441879));
#9375=CARTESIAN_POINT('Ctrl Pts',(0.567456597795342,-4.99267593261506,3.250560087433));
#9376=CARTESIAN_POINT('Ctrl Pts',(2.88664099839644,-4.11292155345264,3.36963796044722));
#9377=CARTESIAN_POINT('Ctrl Pts',(4.50241425349658,-2.23093833361589,3.48871583346144));
#9378=CARTESIAN_POINT('Ctrl Pts',(5.02104783333561,0.194675663192258,3.60779370647566));
#9379=CARTESIAN_POINT('Ctrl Pts',(4.31616210127313,2.57285146753894,3.72687157948988));
#9380=CARTESIAN_POINT('Ctrl Pts',(2.55952226140362,4.32407975780553,3.84594945250409));
#9381=CARTESIAN_POINT('Ctrl Pts',(0.179182942855967,5.02162458089743,3.96502732551831));
#9382=CARTESIAN_POINT('Ctrl Pts',(-2.24481933175679,4.49550955134733,4.08410519853252));
#9383=CARTESIAN_POINT('Ctrl Pts',(-4.12180833437885,2.87393737112154,4.20318307154675));
#9384=CARTESIAN_POINT('Ctrl Pts',(-4.99440298258194,0.552049640938707,4.32226094456096));
#9385=CARTESIAN_POINT('Ctrl Pts',(-4.64997108504332,-1.90436048760342,4.44133881757518));
#9386=CARTESIAN_POINT('Ctrl Pts',(-3.17244314636311,-3.89671970272146,4.56041669058939));
#9387=CARTESIAN_POINT('Ctrl Pts',(-0.921860342577856,-4.93953372974274,
4.67949456360362));
#9388=CARTESIAN_POINT('Ctrl Pts',(1.55335962250509,-4.77869164538316,4.79857243661782));
#9389=CARTESIAN_POINT('Ctrl Pts',(3.65005989218797,-3.45338714046437,4.91765030963205));
#9390=CARTESIAN_POINT('Ctrl Pts',(4.85732056361813,-1.2865678764591,5.03672818264626));
#9391=CARTESIAN_POINT('Ctrl Pts',(4.88095867040605,1.19375978164452,5.15580605566048));
#9392=CARTESIAN_POINT('Ctrl Pts',(3.71521412399816,3.38319434430371,5.2748839286747));
#9393=CARTESIAN_POINT('Ctrl Pts',(1.64415332101481,4.74821859390234,5.39396180168892));
#9394=CARTESIAN_POINT('Ctrl Pts',(-0.827551611792038,4.9562060377172,5.51303967470314));
#9395=CARTESIAN_POINT('Ctrl Pts',(-3.09760035405224,3.95647469410072,5.63211754771735));
#9396=CARTESIAN_POINT('Ctrl Pts',(-4.61283177938227,1.99263718062395,5.75119542073157));
#9397=CARTESIAN_POINT('Ctrl Pts',(-5.00401719838723,-0.456762341627227,
5.87027329374579));
#9398=CARTESIAN_POINT('Ctrl Pts',(-4.17583329797113,-2.79485889197281,5.98935116676));
#9399=CARTESIAN_POINT('Ctrl Pts',(-2.3300903435606,-4.45190958458611,6.10842903977423));
#9400=CARTESIAN_POINT('Ctrl Pts',(0.0834445595532211,-5.02412748285361,
6.22750691278843));
#9401=CARTESIAN_POINT('Ctrl Pts',(2.47664585233801,-4.37207562612781,6.34658478580266));
#9402=CARTESIAN_POINT('Ctrl Pts',(4.26634283095184,-2.65464476103109,6.46566265881688));
#9403=CARTESIAN_POINT('Ctrl Pts',(5.01642556605922,-0.290335148873618,6.58474053183108));
#9404=CARTESIAN_POINT('Ctrl Pts',(4.54411533449504,2.14472277585962,6.70381840484532));
#9405=CARTESIAN_POINT('Ctrl Pts',(2.96450378818324,4.05715876548246,6.82289627785952));
#9406=CARTESIAN_POINT('Ctrl Pts',(0.662507640998529,4.98095408371756,6.94197415087375));
#9407=CARTESIAN_POINT('Ctrl Pts',(-1.80092709827896,4.69100005810791,7.06105202388796));
#9408=CARTESIAN_POINT('Ctrl Pts',(-3.82551537418632,3.25795212984292,7.18012989690218));
#9409=CARTESIAN_POINT('Ctrl Pts',(-4.91790939629308,1.0310126712783,7.29920776991639));
#9410=CARTESIAN_POINT('Ctrl Pts',(-4.81191668314529,-1.44716197882314,7.41828564293061));
#9411=CARTESIAN_POINT('Ctrl Pts',(-3.53336533592093,-3.57269497178224,7.53736351594484));
#9412=CARTESIAN_POINT('Ctrl Pts',(-1.39381029623951,-4.82764050200276,7.65644138895905));
#9413=CARTESIAN_POINT('Ctrl Pts',(1.08538576483392,-4.9061958481072,7.77551926197326));
#9414=CARTESIAN_POINT('Ctrl Pts',(3.30009710315433,-3.78921879392485,7.89459713498749));
#9415=CARTESIAN_POINT('Ctrl Pts',(4.71064710485718,-1.74889216705268,8.01367500800169));
#9416=CARTESIAN_POINT('Ctrl Pts',(4.97331564921748,0.7176011508953,8.13275288101592));
#9417=CARTESIAN_POINT('Ctrl Pts',(4.02409616879914,3.00923079584285,8.25183075403013));
#9418=CARTESIAN_POINT('Ctrl Pts',(2.09429264720305,4.56757684845462,8.37090862704436));
#9419=CARTESIAN_POINT('Ctrl Pts',(-0.345844092459815,5.01290452950307,8.48998650005857));
#9420=CARTESIAN_POINT('Ctrl Pts',(-2.70170620648294,4.23669724344384,8.60906437307279));
#9421=CARTESIAN_POINT('Ctrl Pts',(-4.39922173079452,2.42809969357536,8.728142246087));
#9422=CARTESIAN_POINT('Ctrl Pts',(-5.02474333564796,0.0278274649264671,
8.84722011910122));
#9423=CARTESIAN_POINT('Ctrl Pts',(-4.42584511633169,-2.37922570796204,8.96629799211544));
#9424=CARTESIAN_POINT('Ctrl Pts',(-2.7484654410635,-4.20651371892767,9.08537586512965));
#9425=CARTESIAN_POINT('Ctrl Pts',(-0.401344977733538,-5.0087665332413,9.20445373814388));
#9426=CARTESIAN_POINT('Ctrl Pts',(2.04357446532022,-4.59049271246949,9.32353161115808));
#9427=CARTESIAN_POINT('Ctrl Pts',(3.99051959028336,-3.05361643973331,9.44260948417232));
#9428=CARTESIAN_POINT('Ctrl Pts',(4.96506256869485,-0.772640739970278,9.56168735718651));
#9429=CARTESIAN_POINT('Ctrl Pts',(4.72972858140259,1.69661052360029,9.68076523020076));
#9430=CARTESIAN_POINT('Ctrl Pts',(3.34186346887848,3.75243508568735,9.79984310321495));
#9431=CARTESIAN_POINT('Ctrl Pts',(1.1396593358354,4.89387326577184,9.91892097622918));
#9432=CARTESIAN_POINT('Ctrl Pts',(-1.34025453467988,4.84278216470114,10.0379988492434));
#9433=CARTESIAN_POINT('Ctrl Pts',(-3.49357826577077,3.61161045543889,10.1570767222576));
#9434=CARTESIAN_POINT('Ctrl Pts',(-4.79559253427666,1.5003698613196,10.2761545952718));
#9435=CARTESIAN_POINT('Ctrl Pts',(-4.92902796924017,-0.976480769106637,
10.395232468286));
#9436=CARTESIAN_POINT('Ctrl Pts',(-3.8613634893929,-3.21537900973911,10.5143103413003));
#9437=CARTESIAN_POINT('Ctrl Pts',(-1.85277681591936,-4.67077043675843,10.6333882143145));
#9438=CARTESIAN_POINT('Ctrl Pts',(0.607305503209076,-4.98797685163909,10.7524660873287));
#9439=CARTESIAN_POINT('Ctrl Pts',(2.91937243304135,-4.08976283302141,10.8715439603429));
#9440=CARTESIAN_POINT('Ctrl Pts',(4.52010754485584,-2.19488487287967,10.9906218333571));
#9441=CARTESIAN_POINT('Ctrl Pts',(5.01928379172872,0.234685648963553,11.1096997063714));
#9442=CARTESIAN_POINT('Ctrl Pts',(4.29558057308424,2.60736623710805,11.2287775793856));
#9443=CARTESIAN_POINT('Ctrl Pts',(2.52472917605023,4.34410827413845,11.3478554523998));
#9444=CARTESIAN_POINT('Ctrl Pts',(0.139454535453228,5.02341799994289,11.466933325414));
#9445=CARTESIAN_POINT('Ctrl Pts',(-2.281357349561,4.47642500925066,11.5860111984282));
#9446=CARTESIAN_POINT('Ctrl Pts',(-4.14322282885328,2.84292360538552,11.7050890714424));
#9447=CARTESIAN_POINT('Ctrl Pts',(-5.00135996507999,0.508303054678379,11.8241669444567));
#9448=CARTESIAN_POINT('Ctrl Pts',(-4.62952923865565,-1.93406708673775,11.9432448174709));
#9449=CARTESIAN_POINT('Ctrl Pts',(-2.65569111561546,-4.60144827266937,12.1020153148231));
#9450=CARTESIAN_POINT('Ctrl Pts',(1.79652439503614,-5.41033988913117,12.3004784365135));
#9451=CARTESIAN_POINT('Ctrl Pts',(5.52461571469775,-1.40637790895562,12.538634182542));
#9452=CARTESIAN_POINT('Ctrl Pts',(4.40048506282495,2.97686961747824,12.7370973042323));
#9453=CARTESIAN_POINT('Ctrl Pts',(1.59921686171922,4.7555926966849,12.8958678015846));
#9454=CARTESIAN_POINT('Ctrl Pts',(-0.863442253758073,4.9524176893842,13.0149456745988));
#9455=CARTESIAN_POINT('Ctrl Pts',(-3.13096969715362,3.93008127029136,13.134023547613));
#9456=CARTESIAN_POINT('Ctrl Pts',(-4.6276280866655,1.95653533352846,13.2531014206273));
#9457=CARTESIAN_POINT('Ctrl Pts',(-5.0007063459094,-0.497103622587952,13.3721792936415));
#9458=CARTESIAN_POINT('Ctrl Pts',(-4.15313266637013,-2.82790084079462,13.4912571666557));
#9459=CARTESIAN_POINT('Ctrl Pts',(-2.29460350261706,-4.47047714679845,13.6103350396699));
#9460=CARTESIAN_POINT('Ctrl Pts',(0.123620140171661,-5.02324647978616,13.7294129126841));
#9461=CARTESIAN_POINT('Ctrl Pts',(2.51143817122129,-4.35219141748055,13.8484907856984));
#9462=CARTESIAN_POINT('Ctrl Pts',(4.28741847407171,-2.62048435625052,13.9675686587126));
#9463=CARTESIAN_POINT('Ctrl Pts',(5.01857462519095,-0.250283395583721,14.0866465317268));
#9464=CARTESIAN_POINT('Ctrl Pts',(4.52685221347208,2.18093728472138,14.205724404741));
#9465=CARTESIAN_POINT('Ctrl Pts',(2.9320155952497,4.08069537244572,14.3248022777552));
#9466=CARTESIAN_POINT('Ctrl Pts',(0.622721058551398,4.98608562874964,14.4438801507694));
#9467=CARTESIAN_POINT('Ctrl Pts',(-1.83832209320323,4.67647189205784,14.5629580237836));
#9468=CARTESIAN_POINT('Ctrl Pts',(-3.85140380355068,3.22730660503411,14.6820358967979));
#9469=CARTESIAN_POINT('Ctrl Pts',(-4.92598417019236,0.991716324102661,14.8011137698121));
#9470=CARTESIAN_POINT('Ctrl Pts',(-4.80020946210522,-1.48553292225678,14.9201916428263));
#9471=CARTESIAN_POINT('Ctrl Pts',(-3.50472926916564,-3.60079064467452,15.0392695158405));
#9472=CARTESIAN_POINT('Ctrl Pts',(-1.35522318298164,-4.83861445527921,15.1583473888547));
#9473=CARTESIAN_POINT('Ctrl Pts',(1.12452099710245,-4.89737404648575,15.277425261869));
#9474=CARTESIAN_POINT('Ctrl Pts',(3.33024410411086,-3.76275087781264,15.3965031348832));
#9475=CARTESIAN_POINT('Ctrl Pts',(4.724459686439,-1.71122780767408,15.5155810078974));
#9476=CARTESIAN_POINT('Ctrl Pts',(4.96742800066292,0.757283984975188,15.6346588809116));
#9477=CARTESIAN_POINT('Ctrl Pts',(3.99994297454587,3.04126226238846,15.7537367539258));
#9478=CARTESIAN_POINT('Ctrl Pts',(2.05775951463646,4.58415158378382,15.87281462694));
#9479=CARTESIAN_POINT('Ctrl Pts',(-0.385854841283473,5.0099836325482,15.9918924999543));
#9480=CARTESIAN_POINT('Ctrl Pts',(-2.73544482819318,4.21499247336774,16.1109703729685));
#9481=CARTESIAN_POINT('Ctrl Pts',(-4.41846686299953,2.39290002702331,16.2300482459827));
#9482=CARTESIAN_POINT('Ctrl Pts',(-5.0248053615242,-0.012289711111222,16.3491261189969));
#9483=CARTESIAN_POINT('Ctrl Pts',(-4.40670892099875,-2.41448471609526,16.4682039920111));
#9484=CARTESIAN_POINT('Ctrl Pts',(-2.71479409713111,-4.22832271339063,16.5872818650253));
#9485=CARTESIAN_POINT('Ctrl Pts',(-0.361343451304608,-5.01181113657698,
16.7063597380396));
#9486=CARTESIAN_POINT('Ctrl Pts',(2.08015867414437,-4.57403102841021,16.8254376110538));
#9487=CARTESIAN_POINT('Ctrl Pts',(4.01477172102708,-3.02165980655039,16.944515484068));
#9488=CARTESIAN_POINT('Ctrl Pts',(4.97107289027349,-0.732976314812692,17.0635933570822));
#9489=CARTESIAN_POINT('Ctrl Pts',(4.71603254595166,1.73431744037979,17.1826712300965));
#9490=CARTESIAN_POINT('Ctrl Pts',(3.31179843031895,3.77899604596547,17.3017491031106));
#9491=CARTESIAN_POINT('Ctrl Pts',(1.10055162109634,4.90281613848466,17.4208269761249));
#9492=CARTESIAN_POINT('Ctrl Pts',(-1.37887549766536,4.83192739188226,17.5399048491391));
#9493=CARTESIAN_POINT('Ctrl Pts',(-3.52230087812454,3.58360384005364,17.6589827221533));
#9494=CARTESIAN_POINT('Ctrl Pts',(-4.80741873199499,1.46203457337632,17.7780605951675));
#9495=CARTESIAN_POINT('Ctrl Pts',(-4.92107400390349,-1.01580047577725,17.8971384681818));
#9496=CARTESIAN_POINT('Ctrl Pts',(-3.83557139504082,-3.24610721203544,18.0162163411959));
#9497=CARTESIAN_POINT('Ctrl Pts',(-1.81542410049064,-4.68540876486158,18.1352942142102));
#9498=CARTESIAN_POINT('Ctrl Pts',(0.647102259141361,-4.98297889065347,18.2543720872244));
#9499=CARTESIAN_POINT('Ctrl Pts',(2.9519439806032,-4.06630627152758,18.3734499602386));
#9500=CARTESIAN_POINT('Ctrl Pts',(4.53746165102917,-2.15876393427436,18.4925278332528));
#9501=CARTESIAN_POINT('Ctrl Pts',(5.01729936354094,0.274821860658274,18.6116057062671));
#9502=CARTESIAN_POINT('Ctrl Pts',(4.27453118408567,2.64143959135223,18.7306835792813));
#9503=CARTESIAN_POINT('Ctrl Pts',(2.49015343892739,4.3643963854217,18.8497614522955));
#9504=CARTESIAN_POINT('Ctrl Pts',(0.0989798767888039,5.02384543377629,18.9688393253097));
#9505=CARTESIAN_POINT('Ctrl Pts',(-2.31631291200537,4.4590934563161,19.0879171983239));
#9506=CARTESIAN_POINT('Ctrl Pts',(-4.16717101020965,2.80775813241672,19.2069950713381));
#9507=CARTESIAN_POINT('Ctrl Pts',(-5.00258086409773,0.472233688598357,19.3260729443524));
#9508=CARTESIAN_POINT('Ctrl Pts',(-4.61897140175131,-1.97836375530069,19.4451508173665));
#9509=CARTESIAN_POINT('Ctrl Pts',(-3.1098198416691,-3.94687731134946,19.5642286903808));
#9510=CARTESIAN_POINT('Ctrl Pts',(-0.842873343335999,-4.95362336937091,
19.683306563395));
#9511=CARTESIAN_POINT('Ctrl Pts',(1.62946291571835,-4.75327997963329,19.8023844364092));
#9512=CARTESIAN_POINT('Ctrl Pts',(3.70473477475389,-3.3946664353384,19.9214623094235));
#9513=CARTESIAN_POINT('Ctrl Pts',(4.87724396495146,-1.20884708082886,20.0405401824376));
#9514=CARTESIAN_POINT('Ctrl Pts',(4.86127569425822,1.2715418132717,20.1596180554519));
#9515=CARTESIAN_POINT('Ctrl Pts',(3.66072108026938,3.4420838355501,20.2786959284661));
#9516=CARTESIAN_POINT('Ctrl Pts',(1.56812897015105,4.77386546641786,20.3977738014803));
#9517=CARTESIAN_POINT('Ctrl Pts',(-0.906581801692487,4.94236071076606,20.5168516744945));
#9518=CARTESIAN_POINT('Ctrl Pts',(-3.16037845779603,3.90651097041627,20.6359295475087));
#9519=CARTESIAN_POINT('Ctrl Pts',(-4.64406014897949,1.91873012462533,20.755007420523));
#9520=CARTESIAN_POINT('Ctrl Pts',(-4.99608616459155,-0.536603200196122,
20.8740852935372));
#9521=CARTESIAN_POINT('Ctrl Pts',(-4.1306754798961,-2.86117808573137,20.9931631665514));
#9522=CARTESIAN_POINT('Ctrl Pts',(-2.25870971175803,-4.48854657951699,21.1122410395656));
#9523=CARTESIAN_POINT('Ctrl Pts',(0.163654109544601,-5.0221546462562,21.2313189125798));
#9524=CARTESIAN_POINT('Ctrl Pts',(2.5461390111191,-4.33197369504288,21.350396785594));
#9525=CARTESIAN_POINT('Ctrl Pts',(4.30818563879112,-2.58618569715951,21.4694746586083));
#9526=CARTESIAN_POINT('Ctrl Pts',(5.02042184774728,-0.210200925680786,21.5885525316225));
#9527=CARTESIAN_POINT('Ctrl Pts',(4.50929128376536,2.21700520446491,21.7076304046367));
#9528=CARTESIAN_POINT('Ctrl Pts',(2.89934526297746,4.10397575584343,21.826708277651));
#9529=CARTESIAN_POINT('Ctrl Pts',(0.582892345828118,4.99089736136375,21.9457861506651));
#9530=CARTESIAN_POINT('Ctrl Pts',(-1.87559866085554,4.66164666419367,22.0648640236794));
#9531=CARTESIAN_POINT('Ctrl Pts',(-3.87704738099482,3.19645484314893,22.1839418966935));
#9532=CARTESIAN_POINT('Ctrl Pts',(-4.93374462655765,0.952357032721649,22.3030197697078));
#9533=CARTESIAN_POINT('Ctrl Pts',(-4.78819643856283,-1.52380931394576,22.422097642722));
#9534=CARTESIAN_POINT('Ctrl Pts',(-3.47586971972735,-3.62865672787334,22.5411755157362));
#9535=CARTESIAN_POINT('Ctrl Pts',(-1.31654973095459,-4.84928002538688,22.6602533887504));
#9536=CARTESIAN_POINT('Ctrl Pts',(1.16358457464367,-4.88824006162534,22.7793312617646));
#9537=CARTESIAN_POINT('Ctrl Pts',(3.36017881771362,-3.7360431283883,22.8984091347789));
#9538=CARTESIAN_POINT('Ctrl Pts',(4.73797113431514,-1.67345436831641,23.0174870077931));
#9539=CARTESIAN_POINT('Ctrl Pts',(4.96122371243166,0.796918547753627,23.1365648808073));
#9540=CARTESIAN_POINT('Ctrl Pts',(3.97553483307348,3.07309987350205,23.2556427538215));
#9541=CARTESIAN_POINT('Ctrl Pts',(2.02109519248046,4.60043412435761,23.3747206268358));
#9542=CARTESIAN_POINT('Ctrl Pts',(-0.425840946879367,5.00674338250732,23.4937984998499));
#9543=CARTESIAN_POINT('Ctrl Pts',(-2.76900918285916,4.19301905512801,23.6128763728642));
#9544=CARTESIAN_POINT('Ctrl Pts',(-4.43743017427971,2.35754779325538,23.7319542458784));
#9545=CARTESIAN_POINT('Ctrl Pts',(-5.02454745511953,-0.0524060242256306,
23.8510321188926));
#9546=CARTESIAN_POINT('Ctrl Pts',(-4.38729114424167,-2.449589977085,23.9701099919068));
#9547=CARTESIAN_POINT('Ctrl Pts',(-2.68095105816607,-4.24986188673557,24.0891878649211));
#9548=CARTESIAN_POINT('Ctrl Pts',(-0.321316262019362,-5.01453687042796,
24.2082657379353));
#9549=CARTESIAN_POINT('Ctrl Pts',(2.116605163522,-4.55727664033128,24.3273436109495));
#9550=CARTESIAN_POINT('Ctrl Pts',(4.03877794061296,-2.98951280983554,24.4464214839637));
#9551=CARTESIAN_POINT('Ctrl Pts',(4.97674686300378,-0.693260799756683,24.5654993569779));
#9552=CARTESIAN_POINT('Ctrl Pts',(4.70207390886881,1.77190528427557,24.6845772299922));
#9553=CARTESIAN_POINT('Ctrl Pts',(3.28144801728455,3.80533283543912,24.8036551030063));
#9554=CARTESIAN_POINT('Ctrl Pts',(1.06152055623302,4.9114130098374,24.9227329760206));
#9555=CARTESIAN_POINT('Ctrl Pts',(-1.41771568747375,4.82083951329149,25.0418108490348));
#9556=CARTESIAN_POINT('Ctrl Pts',(-2.83922425137785,3.97702632890783,25.1211960977109));
#9557=CARTESIAN_POINT('Ctrl Pts',(-3.40629803199617,3.41068133393659,25.160888722049));
#9558=CARTESIAN_POINT('Ctrl Pts',(-3.85547169725572,3.33693556900042,-0.482664378007695));
#9559=CARTESIAN_POINT('Ctrl Pts',(-4.41028420640582,2.69590912959798,-0.442971753669623));
#9560=CARTESIAN_POINT('Ctrl Pts',(-5.193445989992,1.1324331765435,-0.363586504993478));
#9561=CARTESIAN_POINT('Ctrl Pts',(-5.10210994925365,-1.49028897030899,-0.24450863197926));
#9562=CARTESIAN_POINT('Ctrl Pts',(-3.76770805214978,-3.74919693086931,-0.125430758965043));
#9563=CARTESIAN_POINT('Ctrl Pts',(-1.51509941409327,-5.09483518312083,-0.00635288595082558));
#9564=CARTESIAN_POINT('Ctrl Pts',(1.10665570735524,-5.19880704231368,0.112724987063392));
#9565=CARTESIAN_POINT('Ctrl Pts',(3.4587686910763,-4.03602897407751,0.231802860077609));
#9566=CARTESIAN_POINT('Ctrl Pts',(4.96804242144325,-1.88971529939032,0.350880733091826));
#9567=CARTESIAN_POINT('Ctrl Pts',(5.2667198312118,0.717058108268889,0.469958606106045));
#9568=CARTESIAN_POINT('Ctrl Pts',(4.28200959302975,3.14911169687882,0.589036479120261));
#9569=CARTESIAN_POINT('Ctrl Pts',(2.25386923691352,4.81378987035643,0.708114352134479));
#9570=CARTESIAN_POINT('Ctrl Pts',(-0.323490563821901,5.30545598836752,0.827192225148696));
#9571=CARTESIAN_POINT('Ctrl Pts',(-2.82202233766362,4.50429720435122,0.946270098162913));
#9572=CARTESIAN_POINT('Ctrl Pts',(-4.63288935662889,2.60554070945993,1.06534797117713));
#9573=CARTESIAN_POINT('Ctrl Pts',(-5.31482265456486,0.0718706391829012,
1.18442584419135));
#9574=CARTESIAN_POINT('Ctrl Pts',(-4.7016502182144,-2.47931252062583,1.30350371720556));
#9575=CARTESIAN_POINT('Ctrl Pts',(-2.94278863631077,-4.42634166540874,1.42258159021978));
#9576=CARTESIAN_POINT('Ctrl Pts',(-0.466833976687861,-5.29476830210239,
1.541659463234));
#9577=CARTESIAN_POINT('Ctrl Pts',(2.1228779000666,-4.8729759760795,1.66073733624822));
#9578=CARTESIAN_POINT('Ctrl Pts',(4.19529095481254,-3.26374618996556,1.77981520926243));
#9579=CARTESIAN_POINT('Ctrl Pts',(5.24540355327721,-0.859212995550131,1.89889308227665));
#9580=CARTESIAN_POINT('Ctrl Pts',(5.01732626689267,1.75469157854739,2.01797095529087));
#9581=CARTESIAN_POINT('Ctrl Pts',(3.56663653337252,3.94101627013683,2.13704882830509));
#9582=CARTESIAN_POINT('Ctrl Pts',(1.24683564547159,5.16700167199494,2.2561267013193));
#9583=CARTESIAN_POINT('Ctrl Pts',(-1.37679176248278,5.13390200978798,2.37520457433353));
#9584=CARTESIAN_POINT('Ctrl Pts',(-3.66492519280921,3.8497829465405,2.49428244734774));
#9585=CARTESIAN_POINT('Ctrl Pts',(-5.05999667687993,1.62755615384009,2.61336032036196));
#9586=CARTESIAN_POINT('Ctrl Pts',(-5.22205786953042,-0.991270402729644,
2.73243819337617));
#9587=CARTESIAN_POINT('Ctrl Pts',(-4.11161800993581,-3.36854608762188,2.85151606639039));
#9588=CARTESIAN_POINT('Ctrl Pts',(-1.99926695465566,-4.92498091854631,2.97059393940461));
#9589=CARTESIAN_POINT('Ctrl Pts',(0.600261640030107,-5.28130583923744,3.08967181241883));
#9590=CARTESIAN_POINT('Ctrl Pts',(3.05351962882721,-4.35069227599509,3.20874968543305));
#9591=CARTESIAN_POINT('Ctrl Pts',(4.76270180732571,-2.35991035815796,3.32782755844726));
#9592=CARTESIAN_POINT('Ctrl Pts',(5.31131793835384,0.205929992383098,3.44690543146148));
#9593=CARTESIAN_POINT('Ctrl Pts',(4.5656822946667,2.72158971709723,3.5659833044757));
#9594=CARTESIAN_POINT('Ctrl Pts',(2.7074899407158,4.57405767617393,3.68506117748991));
#9595=CARTESIAN_POINT('Ctrl Pts',(0.189541627609968,5.31192802807468,3.80413905050413));
#9596=CARTESIAN_POINT('Ctrl Pts',(-2.37459382600675,4.75539793976627,3.92321692351835));
#9597=CARTESIAN_POINT('Ctrl Pts',(-4.36009280762003,3.04008159643499,4.04229479653257));
#9598=CARTESIAN_POINT('Ctrl Pts',(-5.28313273110822,0.58396399678026,4.16137266954678));
#9599=CARTESIAN_POINT('Ctrl Pts',(-4.9187889971584,-2.01445283029316,4.280450542561));
#9600=CARTESIAN_POINT('Ctrl Pts',(-3.35584418850126,-4.12199165289608,4.39952841557522));
#9601=CARTESIAN_POINT('Ctrl Pts',(-0.975153700325938,-5.22509145037513,
4.51860628858944));
#9602=CARTESIAN_POINT('Ctrl Pts',(1.64316037241272,-5.0549509784542,4.63768416160365));
#9603=CARTESIAN_POINT('Ctrl Pts',(3.86107227513999,-3.65302974121316,4.75676203461787));
#9604=CARTESIAN_POINT('Ctrl Pts',(5.13812548659611,-1.3609452186014,4.87583990763209));
#9605=CARTESIAN_POINT('Ctrl Pts',(5.16313012801337,1.26277182627869,4.99491778064631));
#9606=CARTESIAN_POINT('Ctrl Pts',(3.929993116299,3.57877905295718,5.11399565366052));
#9607=CARTESIAN_POINT('Ctrl Pts',(1.7392029148443,5.02271625965868,5.23307352667474));
#9608=CARTESIAN_POINT('Ctrl Pts',(-0.875392919271337,5.24272759553004,5.35215139968896));
#9609=CARTESIAN_POINT('Ctrl Pts',(-3.27667468473391,4.18520111995427,5.47122927270318));
#9610=CARTESIAN_POINT('Ctrl Pts',(-4.87950264360768,2.10783285747905,5.59030714571739));
#9611=CARTESIAN_POINT('Ctrl Pts',(-5.293302751105,-0.483168075504577,5.70938501873161));
#9612=CARTESIAN_POINT('Ctrl Pts',(-4.41724099018494,-2.95643153796474,5.82846289174582));
#9613=CARTESIAN_POINT('Ctrl Pts',(-2.46479441155152,-4.7092774300127,5.94754076476005));
#9614=CARTESIAN_POINT('Ctrl Pts',(0.0882685448783383,-5.31457562445277,
6.06661863777426));
#9615=CARTESIAN_POINT('Ctrl Pts',(2.61982239148153,-4.62482821747301,6.18569651078848));
#9616=CARTESIAN_POINT('Ctrl Pts',(4.51298293928984,-2.80811153512845,6.3047743838027));
#9617=CARTESIAN_POINT('Ctrl Pts',(5.30642845474087,-0.30711961636953,6.42385225681691));
#9618=CARTESIAN_POINT('Ctrl Pts',(4.80681365547131,2.26871062183283,6.54293012983114));
#9619=CARTESIAN_POINT('Ctrl Pts',(3.13588371812731,4.29170580427254,6.66200800284535));
#9620=CARTESIAN_POINT('Ctrl Pts',(0.700807647075197,5.26890634248167,6.78108587585957));
#9621=CARTESIAN_POINT('Ctrl Pts',(-1.90503988813866,4.96218988236475,6.90016374887378));
#9622=CARTESIAN_POINT('Ctrl Pts',(-4.04667095490826,3.44629650302242,7.019241621888));
#9623=CARTESIAN_POINT('Ctrl Pts',(-5.20221699986828,1.09061619753434,7.13831949490222));
#9624=CARTESIAN_POINT('Ctrl Pts',(-5.09009677768298,-1.53082337252317,7.25739736791644));
#9625=CARTESIAN_POINT('Ctrl Pts',(-3.73763152918764,-3.77923483738006,7.37647524093065));
#9626=CARTESIAN_POINT('Ctrl Pts',(-1.47438739378853,-5.10672960093605,7.49555311394488));
#9627=CARTESIAN_POINT('Ctrl Pts',(1.14813263568664,-5.18982628369378,7.61463098695908));
#9628=CARTESIAN_POINT('Ctrl Pts',(3.49087790518995,-4.00827604527131,7.73370885997331));
#9629=CARTESIAN_POINT('Ctrl Pts',(4.98297273791579,-1.84999678303055,7.85278673298752));
#9630=CARTESIAN_POINT('Ctrl Pts',(5.26082632501762,0.759086149315081,7.97186460600175));
#9631=CARTESIAN_POINT('Ctrl Pts',(4.25673183694907,3.18319642376101,8.09094247901595));
#9632=CARTESIAN_POINT('Ctrl Pts',(2.21536509399523,4.83163149511171,8.21002035203018));
#9633=CARTESIAN_POINT('Ctrl Pts',(-0.365837568795919,5.3027038647264,8.32909822504439));
#9634=CARTESIAN_POINT('Ctrl Pts',(-2.85789363395128,4.48162352070813,8.44817609805861));
#9635=CARTESIAN_POINT('Ctrl Pts',(-4.65354365645279,2.5684697470868,8.56725397107284));
#9636=CARTESIAN_POINT('Ctrl Pts',(-5.31522708010559,0.0294361891280097,
8.68633184408704));
#9637=CARTESIAN_POINT('Ctrl Pts',(-4.6817061575635,-2.51677032395376,8.80540971710127));
#9638=CARTESIAN_POINT('Ctrl Pts',(-2.90735605089194,-4.44969506662309,8.92448759011548));
#9639=CARTESIAN_POINT('Ctrl Pts',(-0.424546997053449,-5.29832664815657,
9.0435654631297));
#9640=CARTESIAN_POINT('Ctrl Pts',(2.16171486038333,-4.85587214042223,9.16264333614392));
#9641=CARTESIAN_POINT('Ctrl Pts',(4.22121417416255,-3.23014803115971,9.28172120915813));
#9642=CARTESIAN_POINT('Ctrl Pts',(5.25209612843683,-0.817307613534704,9.40079908217234));
#9643=CARTESIAN_POINT('Ctrl Pts',(5.00315732727443,1.79469270309893,9.51987695518658));
#9644=CARTESIAN_POINT('Ctrl Pts',(3.53505881221451,3.96936584646701,9.63895482820078));
#9645=CARTESIAN_POINT('Ctrl Pts',(1.20554379781993,5.17679132470174,9.75803270121501));
#9646=CARTESIAN_POINT('Ctrl Pts',(-1.41773553813693,5.12274661319641,9.87711057422922));
#9647=CARTESIAN_POINT('Ctrl Pts',(-3.69554434212679,3.8204000509542,9.99618844724343));
#9648=CARTESIAN_POINT('Ctrl Pts',(-5.07282891894268,1.58710723799225,10.1152663202577));
#9649=CARTESIAN_POINT('Ctrl Pts',(-5.21397834489088,-1.0329317699346,10.2343441932719));
#9650=CARTESIAN_POINT('Ctrl Pts',(-4.08459147342806,-3.40126220261248,10.3534220662861));
#9651=CARTESIAN_POINT('Ctrl Pts',(-1.95988707234067,-4.94079077318953,10.4724999393003));
#9652=CARTESIAN_POINT('Ctrl Pts',(0.642414237092126,-5.27633510127399,10.5915778123145));
#9653=CARTESIAN_POINT('Ctrl Pts',(3.08814328941523,-4.32619473457773,10.7106556853287));
#9654=CARTESIAN_POINT('Ctrl Pts',(4.78141795959199,-2.32177262294726,10.829733558343));
#9655=CARTESIAN_POINT('Ctrl Pts',(5.3094519163318,0.248252981964972,10.9488114313572));
#9656=CARTESIAN_POINT('Ctrl Pts',(4.54391093468431,2.75809980838406,11.0678893043714));
#9657=CARTESIAN_POINT('Ctrl Pts',(2.67068544402464,4.59524405431823,11.1869671773856));
#9658=CARTESIAN_POINT('Ctrl Pts',(0.147516494628867,5.31382512586448,11.3060450503999));
#9659=CARTESIAN_POINT('Ctrl Pts',(-2.41324413085088,4.73521010763484,11.425122923414));
#9660=CARTESIAN_POINT('Ctrl Pts',(-4.38274528822132,3.00727490433458,11.5442007964283));
#9661=CARTESIAN_POINT('Ctrl Pts',(-5.2904919013781,0.537688391357112,11.6632786694425));
#9662=CARTESIAN_POINT('Ctrl Pts',(-4.89716539407477,-2.04587678762378,11.7823565424567));
#9663=CARTESIAN_POINT('Ctrl Pts',(-2.80921838016526,-4.86746104882257,11.941127039809));
#9664=CARTESIAN_POINT('Ctrl Pts',(1.90038266170167,-5.72311522605902,12.1395901614993));
#9665=CARTESIAN_POINT('Ctrl Pts',(5.8439974128851,-1.48768154853013,12.3777459075278));
#9666=CARTESIAN_POINT('Ctrl Pts',(4.6548800225457,3.14896442421441,12.5762090292182));
#9667=CARTESIAN_POINT('Ctrl Pts',(1.69166864903665,5.03051666421333,12.7349795265704));
#9668=CARTESIAN_POINT('Ctrl Pts',(-0.913358423050772,5.23872024026762,12.8540573995847));
#9669=CARTESIAN_POINT('Ctrl Pts',(-3.3119731316893,4.15728187481135,12.9731352725989));
#9670=CARTESIAN_POINT('Ctrl Pts',(-4.89515433522732,2.06964393866156,13.0922131456131));
#9671=CARTESIAN_POINT('Ctrl Pts',(-5.28980049604979,-0.525841512670486,
13.2112910186273));
#9672=CARTESIAN_POINT('Ctrl Pts',(-4.39322802001686,-2.99138366376014,13.3303688916415));
#9673=CARTESIAN_POINT('Ctrl Pts',(-2.42725605279947,-4.72891839530986,13.4494467646557));
#9674=CARTESIAN_POINT('Ctrl Pts',(0.130766702455288,-5.31364369001376,13.56852463767));
#9675=CARTESIAN_POINT('Ctrl Pts',(2.65662607739244,-4.60379448953738,13.6876025106842));
#9676=CARTESIAN_POINT('Ctrl Pts',(4.53527697931505,-2.7719762946936,13.8066803836984));
#9677=CARTESIAN_POINT('Ctrl Pts',(5.3087017524062,-0.264752444661103,13.9257582567126));
#9678=CARTESIAN_POINT('Ctrl Pts',(4.78855254197375,2.30701871546802,14.0448361297268));
#9679=CARTESIAN_POINT('Ctrl Pts',(3.10151736121532,4.31660307809294,14.1639140027411));
#9680=CARTESIAN_POINT('Ctrl Pts',(0.658720975911816,5.27433454553511,14.2829918757553));
#9681=CARTESIAN_POINT('Ctrl Pts',(-1.94459671251849,4.94682183340079,14.4020697487695));
#9682=CARTESIAN_POINT('Ctrl Pts',(-4.0740560115424,3.41387934010142,14.5211476217837));
#9683=CARTESIAN_POINT('Ctrl Pts',(-5.21075858180158,1.0490481024686,14.6402254947979));
#9684=CARTESIAN_POINT('Ctrl Pts',(-5.07771275443078,-1.57141256564289,14.7593033678121));
#9685=CARTESIAN_POINT('Ctrl Pts',(-3.70733999242285,-3.80895473975425,14.8783812408264));
#9686=CARTESIAN_POINT('Ctrl Pts',(-1.43356953392367,-5.11833796572893,14.9974591138406));
#9687=CARTESIAN_POINT('Ctrl Pts',(1.18953030168565,-5.18049448787031,15.1165369868548));
#9688=CARTESIAN_POINT('Ctrl Pts',(3.52276772426414,-3.98027800137611,15.235614859869));
#9689=CARTESIAN_POINT('Ctrl Pts',(4.99758383399885,-1.81015502205867,15.3546927328832));
#9690=CARTESIAN_POINT('Ctrl Pts',(5.25459830759565,0.801063074349316,15.4737706058975));
#9691=CARTESIAN_POINT('Ctrl Pts',(4.23118233051851,3.21707965062972,15.5928484789116));
#9692=CARTESIAN_POINT('Ctrl Pts',(2.17671995680754,4.84916442688203,15.7119263519259));
#9693=CARTESIAN_POINT('Ctrl Pts',(-0.40816136554272,5.29961410878154,15.8310042249401));
#9694=CARTESIAN_POINT('Ctrl Pts',(-2.89358270775681,4.45866398348014,15.9500820979543));
#9695=CARTESIAN_POINT('Ctrl Pts',(-4.67390136251323,2.53123516446826,16.0691599709685));
#9696=CARTESIAN_POINT('Ctrl Pts',(-5.31529269173887,-0.0130001874606409,
16.1882378439827));
#9697=CARTESIAN_POINT('Ctrl Pts',(-4.66146368608795,-2.55406767872963,16.307315716997));
#9698=CARTESIAN_POINT('Ctrl Pts',(-2.87173814423723,-4.47276485351887,16.4263935900112));
#9699=CARTESIAN_POINT('Ctrl Pts',(-0.382232955854131,-5.30154726203016,
16.5454714630254));
#9700=CARTESIAN_POINT('Ctrl Pts',(2.2004140265809,-4.8384587954907,16.6645493360396));
#9701=CARTESIAN_POINT('Ctrl Pts',(4.24686833666767,-3.19634396382002,16.7836272090538));
#9702=CARTESIAN_POINT('Ctrl Pts',(5.25845391069176,-0.775350161654775,16.9027050820681));
#9703=CARTESIAN_POINT('Ctrl Pts',(4.98866951493137,1.83457948174327,17.0217829550823));
#9704=CARTESIAN_POINT('Ctrl Pts',(3.50325569383783,3.99746231347306,17.1408608280965));
#9705=CARTESIAN_POINT('Ctrl Pts',(1.16417524015702,5.18625119081666,17.2599387011107));
#9706=CARTESIAN_POINT('Ctrl Pts',(-1.4585892046046,5.1112643187624,17.3790165741249));
#9707=CARTESIAN_POINT('Ctrl Pts',(-3.72592742774849,3.79077435456057,17.4980944471391));
#9708=CARTESIAN_POINT('Ctrl Pts',(-5.08533879699381,1.54655576163042,17.6171723201534));
#9709=CARTESIAN_POINT('Ctrl Pts',(-5.2055645555433,-1.07452457492322,17.7362501931676));
#9710=CARTESIAN_POINT('Ctrl Pts',(-4.05730832099713,-3.43376682266138,17.8553280661818));
#9711=CARTESIAN_POINT('Ctrl Pts',(-1.92037497166207,-4.95627535274791,17.974405939196));
#9712=CARTESIAN_POINT('Ctrl Pts',(0.684511669876586,-5.27104820484933,18.0934838122102));
#9713=CARTESIAN_POINT('Ctrl Pts',(3.12259781974187,-4.30138213370842,18.2125616852245));
#9714=CARTESIAN_POINT('Ctrl Pts',(4.79977531815179,-2.28356350892711,18.3316395582387));
#9715=CARTESIAN_POINT('Ctrl Pts',(5.3073527670345,0.290709494674615,18.4507174312529));
#9716=CARTESIAN_POINT('Ctrl Pts',(4.52164466654854,2.79414296583328,18.5697953042671));
#9717=CARTESIAN_POINT('Ctrl Pts',(2.63411086060939,4.61670503476909,18.6888731772813));
#9718=CARTESIAN_POINT('Ctrl Pts',(0.10470196910575,5.31427726993125,18.8079510502955));
#9719=CARTESIAN_POINT('Ctrl Pts',(-2.45022049754139,4.71687660613149,18.9270289233097));
#9720=CARTESIAN_POINT('Ctrl Pts',(-4.40807792982347,2.97007649205301,19.046106796324));
#9721=CARTESIAN_POINT('Ctrl Pts',(-5.2917833813777,0.499533831304137,19.1651846693382));
#9722=CARTESIAN_POINT('Ctrl Pts',(-4.88599720161744,-2.09273427597225,19.2842625423524));
#9723=CARTESIAN_POINT('Ctrl Pts',(-3.28960058903342,-4.17504890614154,19.4033404153666));
#9724=CARTESIAN_POINT('Ctrl Pts',(-0.891600410276656,-5.23999562141393,
19.5224182883808));
#9725=CARTESIAN_POINT('Ctrl Pts',(1.72366324747552,-5.02807024745525,19.6414961613951));
#9726=CARTESIAN_POINT('Ctrl Pts',(3.91890794892541,-3.59091435318246,19.7605740344093));
#9727=CARTESIAN_POINT('Ctrl Pts',(5.159200672973,-1.27873133223422,19.8796519074235));
#9728=CARTESIAN_POINT('Ctrl Pts',(5.14230926596142,1.34505048873641,19.9987297804377));
#9729=CARTESIAN_POINT('Ctrl Pts',(3.87234979357449,3.64107298474586,20.1178076534519));
#9730=CARTESIAN_POINT('Ctrl Pts',(1.65878354584058,5.04984579488238,20.2368855264661));
#9731=CARTESIAN_POINT('Ctrl Pts',(-0.958991896859828,5.22808186104615,20.3559633994803));
#9732=CARTESIAN_POINT('Ctrl Pts',(-3.34308203228725,4.13234896026953,20.4750412724946));
#9733=CARTESIAN_POINT('Ctrl Pts',(-4.91253634596081,2.02965318556073,20.5941191455088));
#9734=CARTESIAN_POINT('Ctrl Pts',(-5.28491321898603,-0.567624587054843,
20.713197018523));
#9735=CARTESIAN_POINT('Ctrl Pts',(-4.36947256869999,-3.02658468829491,20.8322748915372));
#9736=CARTESIAN_POINT('Ctrl Pts',(-2.38928721808745,-4.74803243391684,20.9513527645514));
#9737=CARTESIAN_POINT('Ctrl Pts',(0.173115062146725,-5.31248873686337,21.0704306375657));
#9738=CARTESIAN_POINT('Ctrl Pts',(2.69333299585705,-4.58240796715793,21.1895085105799));
#9739=CARTESIAN_POINT('Ctrl Pts',(4.5572447075989,-2.73569480737495,21.3085863835941));
#9740=CARTESIAN_POINT('Ctrl Pts',(5.31065576412351,-0.222352780591862,21.4276642566083));
#9741=CARTESIAN_POINT('Ctrl Pts',(4.76997640327492,2.34517174557082,21.5467421296225));
#9742=CARTESIAN_POINT('Ctrl Pts',(3.06695833536867,4.34122931589358,21.6658200026368));
#9743=CARTESIAN_POINT('Ctrl Pts',(0.616589738893071,5.27942444760261,21.7848978756509));
#9744=CARTESIAN_POINT('Ctrl Pts',(-1.98402826326721,4.93113954928225,21.9039757486652));
#9745=CARTESIAN_POINT('Ctrl Pts',(-4.10118206120447,3.38124401740192,22.0230536216794));
#9746=CARTESIAN_POINT('Ctrl Pts',(-5.21896767529579,1.00741342435123,22.1421314946936));
#9747=CARTESIAN_POINT('Ctrl Pts',(-5.06500525003082,-1.61190174091891,22.2612093677078));
#9748=CARTESIAN_POINT('Ctrl Pts',(-3.67681205329295,-3.83843177970253,22.380287240722));
#9749=CARTESIAN_POINT('Ctrl Pts',(-1.39266034398813,-5.12962011951755,22.4993651137363));
#9750=CARTESIAN_POINT('Ctrl Pts',(1.23085217055005,-5.1708324612878,22.6184429867505));
#9751=CARTESIAN_POINT('Ctrl Pts',(3.55443298351188,-3.95202625924596,22.7375208597647));
#9752=CARTESIAN_POINT('Ctrl Pts',(5.011876387637,-1.77019787512178,22.8565987327789));
#9753=CARTESIAN_POINT('Ctrl Pts',(5.24803534534728,0.842988937486149,22.9756766057931));
#9754=CARTESIAN_POINT('Ctrl Pts',(4.20536313820103,3.25075781515531,23.0947544788074));
#9755=CARTESIAN_POINT('Ctrl Pts',(2.13793604587329,4.86638827192437,23.2138323518216));
#9756=CARTESIAN_POINT('Ctrl Pts',(-0.450459094420416,5.29618653773699,23.3329102248358));
#9757=CARTESIAN_POINT('Ctrl Pts',(-2.92908744002466,4.43542026736001,23.45198809785));
#9758=CARTESIAN_POINT('Ctrl Pts',(-4.69396095539428,2.49383919462192,23.5710659708642));
#9759=CARTESIAN_POINT('Ctrl Pts',(-5.31501987559391,-0.0554356512398522,
23.6901438438784));
#9760=CARTESIAN_POINT('Ctrl Pts',(-4.6409233547794,-2.5912023981377,23.8092217168927));
#9761=CARTESIAN_POINT('Ctrl Pts',(-2.83593861674617,-4.49554922075887,23.9282995899069));
#9762=CARTESIAN_POINT('Ctrl Pts',(-0.339891768211755,-5.30443057236266,
24.0473774629211));
#9763=CARTESIAN_POINT('Ctrl Pts',(2.23896751167941,-4.82073582512604,24.1664553359353));
#9764=CARTESIAN_POINT('Ctrl Pts',(4.27226237172785,-3.16233852790638,24.2855332089495));
#9765=CARTESIAN_POINT('Ctrl Pts',(5.26445589954836,-0.733338666335527,24.4046110819638));
#9766=CARTESIAN_POINT('Ctrl Pts',(4.97390391978191,1.87434030382155,24.523688954978));
#9767=CARTESIAN_POINT('Ctrl Pts',(3.47115070329865,4.02532165021175,24.6427668279922));
#9768=CARTESIAN_POINT('Ctrl Pts',(1.12288776355,5.19534505300344,24.7618447010064));
#9769=CARTESIAN_POINT('Ctrl Pts',(-1.49967477154318,5.09953544255722,24.8809225740206));
#9770=CARTESIAN_POINT('Ctrl Pts',(-3.00336168821845,4.20694085839866,24.9603078226968));
#9771=CARTESIAN_POINT('Ctrl Pts',(-3.60321838015666,3.60785508368909,25.0000004470348));
#9772=CARTESIAN_POINT('Ctrl Pts',(-3.60321838015666,3.60785508368909,25.0000004470348));
#9773=CARTESIAN_POINT('Ctrl Pts',(-3.48982836830556,3.70410863384951,25.0000004470348));
#9774=CARTESIAN_POINT('Ctrl Pts',(-3.37229292750735,3.79515853572054,25.0000004470348));
#9775=CARTESIAN_POINT('Ctrl Pts',(-3.25101090885051,3.8808241280786,25.0000004470348));
#9776=CARTESIAN_POINT('Ctrl Pts',(-3.12962377280587,3.96656396840345,25.0000004470348));
#9777=CARTESIAN_POINT('Ctrl Pts',(-3.00448280862334,4.04691045611927,25.0000004470348));
#9778=CARTESIAN_POINT('Ctrl Pts',(-2.87596700688046,4.12163487322415,25.0000004470348));
#9779=CARTESIAN_POINT('Ctrl Pts',(-2.81801747465291,4.1553291346183,25.0000004470348));
#9780=CARTESIAN_POINT('Ctrl Pts',(-2.75938154676903,4.18787963002208,25.0000004470348));
#9781=CARTESIAN_POINT('Ctrl Pts',(-2.70009320402666,4.21926198320824,25.0000004470348));
#9782=CARTESIAN_POINT('Ctrl Pts',(-2.66702449340443,4.23676582811528,25.0000004470348));
#9783=CARTESIAN_POINT('Ctrl Pts',(-2.63375281248139,4.25390622860425,25.0000004470348));
#9784=CARTESIAN_POINT('Ctrl Pts',(-2.6002840277349,4.27067865518362,25.0000004470348));
#9785=CARTESIAN_POINT('Ctrl Pts',(-2.57756491533277,4.28206402957351,25.0000004470348));
#9786=CARTESIAN_POINT('Ctrl Pts',(-2.55476347264821,4.2932755667978,25.0000004470348));
#9787=CARTESIAN_POINT('Ctrl Pts',(-2.53188454134435,4.30431087324271,25.0000004470348));
#9788=CARTESIAN_POINT('Ctrl Pts',(-2.40015680745137,4.36784775315621,25.0000004470348));
#9789=CARTESIAN_POINT('Ctrl Pts',(-2.26583057583684,4.42556209922293,25.0000004470348));
#9790=CARTESIAN_POINT('Ctrl Pts',(-2.12927451507065,4.47724222761414,25.0000004470348));
#9791=CARTESIAN_POINT('Ctrl Pts',(-2.00763184009986,4.52327833194424,25.0000004470348));
#9792=CARTESIAN_POINT('Ctrl Pts',(-1.88421919779046,4.56452571559914,25.0000004470348));
#9793=CARTESIAN_POINT('Ctrl Pts',(-1.75929222494893,4.60079989424963,25.0000004470348));
#9794=CARTESIAN_POINT('Ctrl Pts',(-1.69682873852816,4.61893698357488,25.0000004470348));
#9795=CARTESIAN_POINT('Ctrl Pts',(-1.63398663800634,4.63583024336311,25.0000004470348));
#9796=CARTESIAN_POINT('Ctrl Pts',(-1.57079794197879,4.65145334881309,25.0000004470348));
#9797=CARTESIAN_POINT('Ctrl Pts',(-1.54581342257639,4.65763065275793,25.0000004470348));
#9798=CARTESIAN_POINT('Ctrl Pts',(-1.52077471939902,4.66360935939277,25.0000004470348));
#9799=CARTESIAN_POINT('Ctrl Pts',(-1.4956838225326,4.66938774420097,25.0000004470348));
#9800=CARTESIAN_POINT('Ctrl Pts',(-1.47563523498857,4.67400489496712,25.0000004470348));
#9801=CARTESIAN_POINT('Ctrl Pts',(-1.45555705581429,4.67849324522852,25.0000004470348));
#9802=CARTESIAN_POINT('Ctrl Pts',(-1.4354596654603,4.68285013758002,25.0000004470348));
#9803=CARTESIAN_POINT('Ctrl Pts',(-1.41709682233563,4.68683099924178,25.0000004470348));
#9804=CARTESIAN_POINT('Ctrl Pts',(-1.39871563658177,4.69070264972809,25.0000004470348));
#9805=CARTESIAN_POINT('Ctrl Pts',(-1.38031689541303,4.6944646985146,25.0000004470348));
#9806=CARTESIAN_POINT('Ctrl Pts',(-1.24044632147777,4.72306447706006,25.0000004470348));
#9807=CARTESIAN_POINT('Ctrl Pts',(-1.09956172139751,4.74533433858302,25.0000004470348));
#9808=CARTESIAN_POINT('Ctrl Pts',(-0.958086735855268,4.76133291655963,25.0000004470348));
#9809=CARTESIAN_POINT('Ctrl Pts',(-0.815769917588126,4.77742669247133,25.0000004470348));
#9810=CARTESIAN_POINT('Ctrl Pts',(-0.67285484759404,4.78717425177419,25.0000004470348));
#9811=CARTESIAN_POINT('Ctrl Pts',(-0.529773189485183,4.79058274915858,25.0000004470348));
#9812=CARTESIAN_POINT('Ctrl Pts',(-0.388320097573616,4.79395245076931,25.0000004470348));
#9813=CARTESIAN_POINT('Ctrl Pts',(-0.246703435208742,4.7911263646553,25.0000004470348));
#9814=CARTESIAN_POINT('Ctrl Pts',(-0.105352398013356,4.78206257110258,25.0000004470348));
#9815=CARTESIAN_POINT('Ctrl Pts',(-0.0125932133538746,4.77611461262592,
25.0000004470348));
#9816=CARTESIAN_POINT('Ctrl Pts',(0.0800513114795769,4.76747945093236,25.0000004470348));
#9817=CARTESIAN_POINT('Ctrl Pts',(0.172454670695833,4.75613421964255,25.0000004470348));
#9818=CARTESIAN_POINT('Ctrl Pts',(0.221608109191547,4.75009918873941,25.0000004470348));
#9819=CARTESIAN_POINT('Ctrl Pts',(0.270693224451047,4.7432971577755,25.0000004470348));
#9820=CARTESIAN_POINT('Ctrl Pts',(0.319690336839502,4.73572370003807,25.0000004470348));
#9821=CARTESIAN_POINT('Ctrl Pts',(0.339241272395278,4.73270172227364,25.0000004470348));
#9822=CARTESIAN_POINT('Ctrl Pts',(0.358779909995783,4.72955662254454,25.0000004470348));
#9823=CARTESIAN_POINT('Ctrl Pts',(0.378299580283514,4.72628899606544,25.0000004470348));
#9824=CARTESIAN_POINT('Ctrl Pts',(0.51598480766354,4.70324025148443,25.0000004470348));
#9825=CARTESIAN_POINT('Ctrl Pts',(0.652311751168693,4.67417013297094,25.0000004470348));
#9826=CARTESIAN_POINT('Ctrl Pts',(0.786882473168763,4.63909478070031,25.0000004470348));
#9827=CARTESIAN_POINT('Ctrl Pts',(0.855067298887538,4.62132266247094,25.0000004470348));
#9828=CARTESIAN_POINT('Ctrl Pts',(0.922801070815031,4.60200802502653,25.0000004470348));
#9829=CARTESIAN_POINT('Ctrl Pts',(0.9900303932385,4.58114811271531,25.0000004470348));
#9830=CARTESIAN_POINT('Ctrl Pts',(1.12325663815933,4.53981067710802,25.0000004470348));
#9831=CARTESIAN_POINT('Ctrl Pts',(1.25450377481367,4.49240755877534,25.0000004470348));
#9832=CARTESIAN_POINT('Ctrl Pts',(1.38339796163278,4.43914984882041,25.0000004470348));
#9833=CARTESIAN_POINT('Ctrl Pts',(1.51165254670747,4.38615641551776,25.0000004470348));
#9834=CARTESIAN_POINT('Ctrl Pts',(1.63757810221645,4.327365826336,25.0000004470348));
#9835=CARTESIAN_POINT('Ctrl Pts',(1.76077283844326,4.26294713301739,25.0000004470348));
#9836=CARTESIAN_POINT('Ctrl Pts',(1.81473558708116,4.23472993915341,25.0000004470348));
#9837=CARTESIAN_POINT('Ctrl Pts',(1.86817388727825,4.20543243135534,25.0000004470348));
#9838=CARTESIAN_POINT('Ctrl Pts',(1.92105146360722,4.17506683657128,25.0000004470348));
#9839=CARTESIAN_POINT('Ctrl Pts',(1.94849642095387,4.15930623422314,25.0000004470348));
#9840=CARTESIAN_POINT('Ctrl Pts',(1.97579029769487,4.14325788119645,25.0000004470348));
#9841=CARTESIAN_POINT('Ctrl Pts',(2.00292783893911,4.12692337412823,25.0000004470348));
#9842=CARTESIAN_POINT('Ctrl Pts',(2.0194381151475,4.11698558274923,25.0000004470348));
#9843=CARTESIAN_POINT('Ctrl Pts',(2.03589052262917,4.10694187244989,25.0000004470348));
#9844=CARTESIAN_POINT('Ctrl Pts',(2.05228385416534,4.09679258970948,25.0000004470348));
#9845=CARTESIAN_POINT('Ctrl Pts',(2.0679624650431,4.08708579799213,25.0000004470348));
#9846=CARTESIAN_POINT('Ctrl Pts',(2.08357986972642,4.07728685966231,25.0000004470348));
#9847=CARTESIAN_POINT('Ctrl Pts',(2.0991320718267,4.06739834100489,25.0000004470348));
#9848=CARTESIAN_POINT('Ctrl Pts',(2.2140963083983,3.9943009113969,25.0000004470348));
#9849=CARTESIAN_POINT('Ctrl Pts',(2.32555659889524,3.91627697594384,25.0000004470348));
#9850=CARTESIAN_POINT('Ctrl Pts',(2.43317401588087,3.83353942478826,25.0000004470348));
#9851=CARTESIAN_POINT('Ctrl Pts',(2.53973101222885,3.75161713764116,25.0000004470348));
#9852=CARTESIAN_POINT('Ctrl Pts',(2.64252103162012,3.66507312134292,25.0000004470348));
#9853=CARTESIAN_POINT('Ctrl Pts',(2.74117926138442,3.57407829568484,25.0000004470348));
#9854=CARTESIAN_POINT('Ctrl Pts',(2.80456790837008,3.51561344287994,25.0000004470348));
#9855=CARTESIAN_POINT('Ctrl Pts',(2.86625014162627,3.45531052921812,25.0000004470348));
#9856=CARTESIAN_POINT('Ctrl Pts',(2.92611973151753,3.39320852984382,25.0000004470348));
#9857=CARTESIAN_POINT('Ctrl Pts',(3.01988876648742,3.29594304729073,25.0000004470348));
#9858=CARTESIAN_POINT('Ctrl Pts',(3.10921373793427,3.19426469606044,25.0000004470348));
#9859=CARTESIAN_POINT('Ctrl Pts',(3.19382292556839,3.08851339959581,25.0000004470348));
#9860=CARTESIAN_POINT('Ctrl Pts',(3.2237195268235,3.05114624797765,25.0000004470348));
#9861=CARTESIAN_POINT('Ctrl Pts',(3.25302688109841,3.01327043899383,25.0000004470348));
#9862=CARTESIAN_POINT('Ctrl Pts',(3.28173146732451,2.97490064921538,25.0000004470348));
#9863=CARTESIAN_POINT('Ctrl Pts',(3.29379380872855,2.95877676224264,25.0000004470348));
#9864=CARTESIAN_POINT('Ctrl Pts',(3.30574969859875,2.94256564304377,25.0000004470348));
#9865=CARTESIAN_POINT('Ctrl Pts',(3.31759808930039,2.92626837639728,25.0000004470348));
#9866=CARTESIAN_POINT('Ctrl Pts',(3.32795860156664,2.91201766208096,25.0000004470348));
#9867=CARTESIAN_POINT('Ctrl Pts',(3.33823599172278,2.89770226953402,25.0000004470348));
#9868=CARTESIAN_POINT('Ctrl Pts',(3.34842268147584,2.88333294562069,25.0000004470348));
#9869=CARTESIAN_POINT('Ctrl Pts',(3.42514072283367,2.77511463201833,25.0000004470348));
#9870=CARTESIAN_POINT('Ctrl Pts',(3.49682946687747,2.66368716365688,25.0000004470348));
#9871=CARTESIAN_POINT('Ctrl Pts',(3.56330437229458,2.54941078078366,25.0000004470348));
#9872=CARTESIAN_POINT('Ctrl Pts',(3.62954732433859,2.43553314676622,25.0000004470348));
#9873=CARTESIAN_POINT('Ctrl Pts',(3.69061304117151,2.31882567244458,25.0000004470348));
#9874=CARTESIAN_POINT('Ctrl Pts',(3.74627126388423,2.19962531524546,25.0000004470348));
#9875=CARTESIAN_POINT('Ctrl Pts',(3.80082783218803,2.08278431471736,25.0000004470348));
#9876=CARTESIAN_POINT('Ctrl Pts',(3.85018897229619,1.9635474270344,25.0000004470348));
#9877=CARTESIAN_POINT('Ctrl Pts',(3.89408921910566,1.8422241990636,25.0000004470348));
#9878=CARTESIAN_POINT('Ctrl Pts',(3.93389577602441,1.73221433964877,25.0000004470348));
#9879=CARTESIAN_POINT('Ctrl Pts',(3.96921196995725,1.62048865756513,25.0000004470348));
#9880=CARTESIAN_POINT('Ctrl Pts',(3.99980280510532,1.50727931794326,25.0000004470348));
#9881=CARTESIAN_POINT('Ctrl Pts',(4.00971859937583,1.47058334296392,25.0000004470348));
#9882=CARTESIAN_POINT('Ctrl Pts',(4.01913761358595,1.43373151715548,25.0000004470348));
#9883=CARTESIAN_POINT('Ctrl Pts',(4.02805728795054,1.39673424780717,25.0000004470348));
#9884=CARTESIAN_POINT('Ctrl Pts',(-3.22335278395786,2.78983258102545,4.47034834150095E-7));
#9885=CARTESIAN_POINT('Ctrl Pts',(-3.31632871760232,2.70134404190271,4.4703483416007E-7));
#9886=CARTESIAN_POINT('Ctrl Pts',(-3.40501121098497,2.6087572894334,4.47034834102393E-7));
#9887=CARTESIAN_POINT('Ctrl Pts',(-3.4892829884567,2.51249151856021,4.47034834042542E-7));
#9888=CARTESIAN_POINT('Ctrl Pts',(-3.57511094918661,2.4144480804126,4.47034833981586E-7));
#9889=CARTESIAN_POINT('Ctrl Pts',(-3.65636431348027,2.31258807930047,4.47034833546858E-7));
#9890=CARTESIAN_POINT('Ctrl Pts',(-3.73289620342726,2.20730538088147,4.47034833726823E-7));
#9891=CARTESIAN_POINT('Ctrl Pts',(-3.81052391075939,2.10051519830963,4.47034833909364E-7));
#9892=CARTESIAN_POINT('Ctrl Pts',(-3.88329454100356,1.99020308905072,4.4703483426006E-7));
#9893=CARTESIAN_POINT('Ctrl Pts',(-3.95102304340265,1.8767372667232,4.47034834302751E-7));
#9894=CARTESIAN_POINT('Ctrl Pts',(-4.01859060378184,1.76354107118482,4.47034834345341E-7));
#9895=CARTESIAN_POINT('Ctrl Pts',(-4.08114047794738,1.64720548756937,4.47034834563195E-7));
#9896=CARTESIAN_POINT('Ctrl Pts',(-4.1384495333522,1.52806269568491,4.4703483462194E-7));
#9897=CARTESIAN_POINT('Ctrl Pts',(-4.1495899443829,1.50490231267804,4.47034834633359E-7));
#9898=CARTESIAN_POINT('Ctrl Pts',(-4.16053218130124,1.48163576600759,4.4703483335037E-7));
#9899=CARTESIAN_POINT('Ctrl Pts',(-4.17127440601946,1.45826538108709,4.4703483330355E-7));
#9900=CARTESIAN_POINT('Ctrl Pts',(-4.18188755159632,1.43517581595002,4.47034833257293E-7));
#9901=CARTESIAN_POINT('Ctrl Pts',(-4.1923076399063,1.41197970739061,4.47034833077896E-7));
#9902=CARTESIAN_POINT('Ctrl Pts',(-4.20252001855178,1.38870913780047,4.47034833095383E-7));
#9903=CARTESIAN_POINT('Ctrl Pts',(-4.25697680180667,1.26462047947899,4.47034833188634E-7));
#9904=CARTESIAN_POINT('Ctrl Pts',(-4.30559391337423,1.13828549106152,4.47034833882385E-7));
#9905=CARTESIAN_POINT('Ctrl Pts',(-4.34821519640313,1.01011416315742,4.47034833844784E-7));
#9906=CARTESIAN_POINT('Ctrl Pts',(-4.35463941419006,0.990795164150803,4.47034833839116E-7));
#9907=CARTESIAN_POINT('Ctrl Pts',(-4.36092734990059,0.971434372915356,4.47034835106658E-7));
#9908=CARTESIAN_POINT('Ctrl Pts',(-4.36707839901118,0.952033119140229,4.47034835079907E-7));
#9909=CARTESIAN_POINT('Ctrl Pts',(-4.40745269569017,0.824687041783595,4.47034834921174E-7));
#9910=CARTESIAN_POINT('Ctrl Pts',(-4.44193306211354,0.695600101965371,4.47034833465588E-7));
#9911=CARTESIAN_POINT('Ctrl Pts',(-4.47058350383332,0.565193034153021,4.47034833511717E-7));
#9912=CARTESIAN_POINT('Ctrl Pts',(-4.49958476853836,0.433189139412938,4.47034833558411E-7));
#9913=CARTESIAN_POINT('Ctrl Pts',(-4.52261269016005,0.299831887036529,4.47034833827792E-7));
#9914=CARTESIAN_POINT('Ctrl Pts',(-4.53968610217382,0.165533484503187,4.47034833761517E-7));
#9915=CARTESIAN_POINT('Ctrl Pts',(-4.55526407602363,0.0429981060416946,
4.47034833701047E-7));
#9916=CARTESIAN_POINT('Ctrl Pts',(-4.56588448114837,-0.080321495642563,
4.47034833197082E-7));
#9917=CARTESIAN_POINT('Ctrl Pts',(-4.57152538088679,-0.204121716359902,
4.47034833095383E-7));
#9918=CARTESIAN_POINT('Ctrl Pts',(-4.57247197107999,-0.22489642966474,4.47034833078317E-7));
#9919=CARTESIAN_POINT('Ctrl Pts',(-4.57327825929528,-0.245684687235151,
4.47034834943787E-7));
#9920=CARTESIAN_POINT('Ctrl Pts',(-4.57394404338227,-0.266485063326047,
4.47034834982762E-7));
#9921=CARTESIAN_POINT('Ctrl Pts',(-4.57451295641537,-0.284259001277746,
4.47034835016067E-7));
#9922=CARTESIAN_POINT('Ctrl Pts',(-4.57497897473969,-0.302032522130988,
4.47034834031221E-7));
#9923=CARTESIAN_POINT('Ctrl Pts',(-4.57534226402943,-0.319803282298782,
4.47034834011317E-7));
#9924=CARTESIAN_POINT('Ctrl Pts',(-4.57817218912367,-0.458232687082439,
4.47034833856273E-7));
#9925=CARTESIAN_POINT('Ctrl Pts',(-4.574773257864,-0.596520136481113,4.47034833948131E-7));
#9926=CARTESIAN_POINT('Ctrl Pts',(-4.56521841019666,-0.734224420060984,
4.47034833955806E-7));
#9927=CARTESIAN_POINT('Ctrl Pts',(-4.55555679683529,-0.873467408800677,
4.47034833963567E-7));
#9928=CARTESIAN_POINT('Ctrl Pts',(-4.53960113023135,-1.01211490358201,4.47034834407841E-7));
#9929=CARTESIAN_POINT('Ctrl Pts',(-4.517377085255,-1.14972887701691,4.4703483437214E-7));
#9930=CARTESIAN_POINT('Ctrl Pts',(-4.50867331637342,-1.20362366623864,4.47034834358158E-7));
#9931=CARTESIAN_POINT('Ctrl Pts',(-4.49900755371133,-1.25736006506206,4.47034833393418E-7));
#9932=CARTESIAN_POINT('Ctrl Pts',(-4.48837918925316,-1.31091210148132,4.47034833317428E-7));
#9933=CARTESIAN_POINT('Ctrl Pts',(-4.46138309259705,-1.44693453061377,4.4703483312287E-7));
#9934=CARTESIAN_POINT('Ctrl Pts',(-4.42818038062597,-1.58176790853759,4.47034833286623E-7));
#9935=CARTESIAN_POINT('Ctrl Pts',(-4.38898349533594,-1.71506436482641,4.47034833261917E-7));
#9936=CARTESIAN_POINT('Ctrl Pts',(-4.36576489284969,-1.79402363438308,4.47034833247282E-7));
#9937=CARTESIAN_POINT('Ctrl Pts',(-4.34044199479916,-1.87244356695331,4.47034834228189E-7));
#9938=CARTESIAN_POINT('Ctrl Pts',(-4.31305051731975,-1.95025030513489,4.47034834261117E-7));
#9939=CARTESIAN_POINT('Ctrl Pts',(-4.30524906026642,-1.97241069888656,4.47034834270496E-7));
#9940=CARTESIAN_POINT('Ctrl Pts',(-4.29727976512038,-1.99452134019893,4.47034834258512E-7));
#9941=CARTESIAN_POINT('Ctrl Pts',(-4.28914336762654,-2.01658049371778,4.47034834261117E-7));
#9942=CARTESIAN_POINT('Ctrl Pts',(-4.28166334988531,-2.0368600904069,4.47034834263512E-7));
#9943=CARTESIAN_POINT('Ctrl Pts',(-4.27404152078082,-2.05709747655066,4.47034833597379E-7));
#9944=CARTESIAN_POINT('Ctrl Pts',(-4.26628609179396,-2.07727197004101,4.47034833594984E-7));
#9945=CARTESIAN_POINT('Ctrl Pts',(-4.21539496612279,-2.20965699803995,4.47034833579268E-7));
#9946=CARTESIAN_POINT('Ctrl Pts',(-4.1586862552509,-2.33952490025368,4.47034833991926E-7));
#9947=CARTESIAN_POINT('Ctrl Pts',(-4.09645038424538,-2.46652477690262,4.47034834039073E-7));
#9948=CARTESIAN_POINT('Ctrl Pts',(-4.03358842254746,-2.59480226788266,4.47034834086694E-7));
#9949=CARTESIAN_POINT('Ctrl Pts',(-3.96508734717492,-2.72015447458005,4.47034834035898E-7));
#9950=CARTESIAN_POINT('Ctrl Pts',(-3.89119275410782,-2.84221708970673,4.47034834039073E-7));
#9951=CARTESIAN_POINT('Ctrl Pts',(-3.81723496163692,-2.96438410062451,4.4703483404225E-7));
#9952=CARTESIAN_POINT('Ctrl Pts',(-3.73787415016661,-3.0832566490241,4.47034833832821E-7));
#9953=CARTESIAN_POINT('Ctrl Pts',(-3.65330662751535,-3.19845554041433,4.47034833872539E-7));
#9954=CARTESIAN_POINT('Ctrl Pts',(-3.59182510909402,-3.28220640056821,4.47034833901415E-7));
#9955=CARTESIAN_POINT('Ctrl Pts',(-3.52759055768981,-3.36401532309389,4.4703483377487E-7));
#9956=CARTESIAN_POINT('Ctrl Pts',(-3.46066310625109,-3.44372846884362,4.47034833817028E-7));
#9957=CARTESIAN_POINT('Ctrl Pts',(-3.4272880305062,-3.48347945621982,4.470348337811E-7));
#9958=CARTESIAN_POINT('Ctrl Pts',(-3.39324309551825,-3.52270914362917,4.47034833941586E-7));
#9959=CARTESIAN_POINT('Ctrl Pts',(-3.35854391501827,-3.56140675170285,4.47034833928051E-7));
#9960=CARTESIAN_POINT('Ctrl Pts',(-3.34329590992365,-3.57841180244339,4.47034833922103E-7));
#9961=CARTESIAN_POINT('Ctrl Pts',(-3.32792155946596,-3.59531409973665,4.47034834202316E-7));
#9962=CARTESIAN_POINT('Ctrl Pts',(-3.31242214741187,-3.61211269171039,4.47034834205606E-7));
#9963=CARTESIAN_POINT('Ctrl Pts',(-3.29995819375437,-3.6256213894043,4.47034834208252E-7));
#9964=CARTESIAN_POINT('Ctrl Pts',(-3.28741468038452,-3.63906154890811,4.47034833703971E-7));
#9965=CARTESIAN_POINT('Ctrl Pts',(-3.27479860882907,-3.65242619091788,4.47034833706006E-7));
#9966=CARTESIAN_POINT('Ctrl Pts',(-3.17579621459618,-3.75730285963501,4.47034833721978E-7));
#9967=CARTESIAN_POINT('Ctrl Pts',(-3.07222329497944,-3.85764665589106,4.47034834489911E-7));
#9968=CARTESIAN_POINT('Ctrl Pts',(-2.96448825500754,-3.95327807130525,4.47034834205606E-7));
#9969=CARTESIAN_POINT('Ctrl Pts',(-2.853431489189,-4.05185802922163,4.47034833912536E-7));
#9970=CARTESIAN_POINT('Ctrl Pts',(-2.73795162585033,-4.14543121877367,4.47034834217613E-7));
#9971=CARTESIAN_POINT('Ctrl Pts',(-2.61844810748496,-4.23377097405215,4.47034834538673E-7));
#9972=CARTESIAN_POINT('Ctrl Pts',(-2.57306311386855,-4.26732060743726,4.47034834660605E-7));
#9973=CARTESIAN_POINT('Ctrl Pts',(-2.52709732655309,-4.30011505308628,4.47034834048E-7));
#9974=CARTESIAN_POINT('Ctrl Pts',(-2.48057107619682,-4.33214048698576,4.47034834094584E-7));
#9975=CARTESIAN_POINT('Ctrl Pts',(-2.45853502898745,-4.34730856883001,4.47034834116648E-7));
#9976=CARTESIAN_POINT('Ctrl Pts',(-2.43637324639458,-4.36230413251468,4.47034834375694E-7));
#9977=CARTESIAN_POINT('Ctrl Pts',(-2.41408782954562,-4.37712564156074,4.4703483437214E-7));
#9978=CARTESIAN_POINT('Ctrl Pts',(-2.39597794824693,-4.38917009966133,4.47034834369252E-7));
#9979=CARTESIAN_POINT('Ctrl Pts',(-2.37778802857349,-4.40109849919498,4.47034832976457E-7));
#9980=CARTESIAN_POINT('Ctrl Pts',(-2.35952703174604,-4.41290515016627,4.47034833039872E-7));
#9981=CARTESIAN_POINT('Ctrl Pts',(-2.23484590906588,-4.49351775374445,4.47034833472855E-7));
#9982=CARTESIAN_POINT('Ctrl Pts',(-2.10675432583688,-4.56852442406986,4.47034835307111E-7));
#9983=CARTESIAN_POINT('Ctrl Pts',(-1.97565434859111,-4.63771642215336,4.47034835648896E-7));
#9984=CARTESIAN_POINT('Ctrl Pts',(-1.84424013268225,-4.70707426924333,4.47034835991501E-7));
#9985=CARTESIAN_POINT('Ctrl Pts',(-1.7098024835495,-4.7705900747479,4.47034835583024E-7));
#9986=CARTESIAN_POINT('Ctrl Pts',(-1.57271009338256,-4.82801638277225,4.47034835926452E-7));
#9987=CARTESIAN_POINT('Ctrl Pts',(-1.53218193408534,-4.84499312784634,4.47034836027979E-7));
#9988=CARTESIAN_POINT('Ctrl Pts',(-1.49142155590316,-4.86143740412161,4.47034836479129E-7));
#9989=CARTESIAN_POINT('Ctrl Pts',(-1.4504379990424,-4.87734208949412,4.47034836537075E-7));
#9990=CARTESIAN_POINT('Ctrl Pts',(-1.40820213173251,-4.89373276498578,4.47034836595285E-7));
#9991=CARTESIAN_POINT('Ctrl Pts',(-1.36572923764685,-4.90955037295236,4.47034836822659E-7));
#9992=CARTESIAN_POINT('Ctrl Pts',(-1.32303127720833,-4.92479439227028,4.4703483681463E-7));
#9993=CARTESIAN_POINT('Ctrl Pts',(4.26280379165018,-9.59726418660323E-5,
2.42031877644578));
#9994=CARTESIAN_POINT('Ctrl Pts',(4.26299426614077,-0.230837031478672,2.40739848673691));
#9995=CARTESIAN_POINT('Ctrl Pts',(4.24458064357035,-0.46154799715559,2.39447819702805));
#9996=CARTESIAN_POINT('Ctrl Pts',(4.20729582946369,-0.689167804425595,2.38155790731918));
#9997=CARTESIAN_POINT('Ctrl Pts',(4.09275256819032,-1.38844217872025,2.34186528298111));
#9998=CARTESIAN_POINT('Ctrl Pts',(3.8001049897596,-2.05854252570285,2.30217265864304));
#9999=CARTESIAN_POINT('Ctrl Pts',(3.365008995132,-2.61782446287996,2.26248003430496));
#10000=CARTESIAN_POINT('Ctrl Pts',(2.9299130005044,-3.17710640005708,2.22278740996689));
#10001=CARTESIAN_POINT('Ctrl Pts',(2.35236858967992,-3.62556992742871,2.18309478562882));
#10002=CARTESIAN_POINT('Ctrl Pts',(1.70274321924826,-3.90857467555054,2.14340216129075));
#10003=CARTESIAN_POINT('Ctrl Pts',(1.0531178488166,-4.19157942367237,2.10370953695268));
#10004=CARTESIAN_POINT('Ctrl Pts',(0.33141151877775,-4.30912539254441,2.0640169126146));
#10005=CARTESIAN_POINT('Ctrl Pts',(-0.374443761492132,-4.24689089995144,
2.02432428827653));
#10006=CARTESIAN_POINT('Ctrl Pts',(-1.08029904176201,-4.18465640735846,
1.98463166393846));
#10007=CARTESIAN_POINT('Ctrl Pts',(-1.77030327226293,-3.94264145330048,
1.94493903960039));
#10008=CARTESIAN_POINT('Ctrl Pts',(-2.36038700232855,-3.55033289618357,
1.90524641526231));
#10009=CARTESIAN_POINT('Ctrl Pts',(-2.95047073239417,-3.15802433906667,
1.86555379092424));
#10010=CARTESIAN_POINT('Ctrl Pts',(-3.4406339620245,-2.61542217889084,1.82586116658617));
#10011=CARTESIAN_POINT('Ctrl Pts',(-3.77115566627426,-1.98863656555247,
1.78616854224809));
#10012=CARTESIAN_POINT('Ctrl Pts',(-4.10167737052402,-1.36185095221409,
1.74647591791002));
#10013=CARTESIAN_POINT('Ctrl Pts',(-4.27255754939322,-0.650881885713168,
1.70678329357195));
#10014=CARTESIAN_POINT('Ctrl Pts',(-4.2629763389291,0.05764688855158,1.66709066923388));
#10015=CARTESIAN_POINT('Ctrl Pts',(-4.25339512846499,0.766175662816319,
1.62739804489581));
#10016=CARTESIAN_POINT('Ctrl Pts',(-4.06335252866757,1.47226414484488,1.58770542055773));
#10017=CARTESIAN_POINT('Ctrl Pts',(-3.7160031218901,2.08988310435695,1.54801279621966));
#10018=CARTESIAN_POINT('Ctrl Pts',(-3.36865371511263,2.70750206386903,1.50832017188159));
#10019=CARTESIAN_POINT('Ctrl Pts',(-2.8639975013551,3.23665150086462,1.46862754754352));
#10020=CARTESIAN_POINT('Ctrl Pts',(-2.26352136048643,3.61286052335214,1.42893492320544));
#10021=CARTESIAN_POINT('Ctrl Pts',(-1.66304521961775,3.98906954583966,1.38924229886737));
#10022=CARTESIAN_POINT('Ctrl Pts',(-0.966749151637933,4.2123381538191,1.3495496745293));
#10023=CARTESIAN_POINT('Ctrl Pts',(-0.259469103836979,4.25546318602085,
1.30985705019122));
#10024=CARTESIAN_POINT('Ctrl Pts',(0.447810943963971,4.29858821822259,1.27016442585315));
#10025=CARTESIAN_POINT('Ctrl Pts',(1.16607497158605,4.16156967464664,1.23047180151508));
#10026=CARTESIAN_POINT('Ctrl Pts',(1.80781018661706,3.86110240280849,1.19077917717701));
#10027=CARTESIAN_POINT('Ctrl Pts',(2.44954540164806,3.56063513097034,1.15108655283894));
#10028=CARTESIAN_POINT('Ctrl Pts',(3.01475180408799,3.09671913086999,1.11139392850086));
#10029=CARTESIAN_POINT('Ctrl Pts',(3.43456556114798,2.52587623678033,1.07170130416279));
#10030=CARTESIAN_POINT('Ctrl Pts',(3.85437931820798,1.95503334269066,1.03200867982472));
#10031=CARTESIAN_POINT('Ctrl Pts',(4.12880042988806,1.27726355461168,0.992316055486646));
#10032=CARTESIAN_POINT('Ctrl Pts',(4.2243929626568,0.575148123968572,0.952623431148574));
#10033=CARTESIAN_POINT('Ctrl Pts',(4.25032627574924,0.384671119515168,0.941855212914308));
#10034=CARTESIAN_POINT('Ctrl Pts',(4.26309810076118,0.192402315974781,0.931086994680043));
#10035=CARTESIAN_POINT('Ctrl Pts',(4.26291095437924,0.000108880714151938,
0.920318776445777));
#10036=CARTESIAN_POINT('Ctrl Pts',(1.32288496556905,-4.92440619444328,4.47034833039872E-7));
#10037=CARTESIAN_POINT('Ctrl Pts',(2.14163681148252,-4.70445794794952,0.0396930713729055));
#10038=CARTESIAN_POINT('Ctrl Pts',(3.6664897819317,-3.84852383333215,0.119078320049051));
#10039=CARTESIAN_POINT('Ctrl Pts',(5.0607447213194,-1.62522338311669,0.238156193063268));
#10040=CARTESIAN_POINT('Ctrl Pts',(5.22160615102888,0.993443970662458,0.357234066077486));
#10041=CARTESIAN_POINT('Ctrl Pts',(4.11017828844011,3.37035694163018,0.476311939091702));
#10042=CARTESIAN_POINT('Ctrl Pts',(1.99713803621561,4.9258219205234,0.595389812105921));
#10043=CARTESIAN_POINT('Ctrl Pts',(-0.602534315338747,5.28105699584659,
0.714467685120138));
#10044=CARTESIAN_POINT('Ctrl Pts',(-3.05539593708799,4.34937067258909,0.833545558134356));
#10045=CARTESIAN_POINT('Ctrl Pts',(-4.76371751851604,2.35786037689019,0.952623431148572));
#10046=CARTESIAN_POINT('Ctrl Pts',(-5.3112291437461,-0.208220272012313,
1.07170130416279));
#10047=CARTESIAN_POINT('Ctrl Pts',(-4.56450878626782,-2.72355632846627,
1.19077917717701));
#10048=CARTESIAN_POINT('Ctrl Pts',(-2.70551862323718,-4.57522441277211,
1.30985705019122));
#10049=CARTESIAN_POINT('Ctrl Pts',(-0.187252382498717,-5.31200903612694,
1.42893492320544));
#10050=CARTESIAN_POINT('Ctrl Pts',(2.37664291092354,-4.75437427212917,1.54801279621966));
#10051=CARTESIAN_POINT('Ctrl Pts',(4.36140254295003,-3.03820229188517,1.66709066923388));
#10052=CARTESIAN_POINT('Ctrl Pts',(5.28338389756428,-0.581687209185171,
1.78616854224809));
#10053=CARTESIAN_POINT('Ctrl Pts',(4.91792042457035,2.01657240465311,1.90524641526231));
#10054=CARTESIAN_POINT('Ctrl Pts',(3.35406751174431,4.12343746534642,2.02432428827653));
#10055=CARTESIAN_POINT('Ctrl Pts',(0.97290186542296,5.22551121624497,2.14340216129075));
#10056=CARTESIAN_POINT('Ctrl Pts',(-1.6453386471808,5.05424239557041,2.26248003430496));
#10057=CARTESIAN_POINT('Ctrl Pts',(-3.8626461896285,3.65136548309597,2.38155790731918));
#10058=CARTESIAN_POINT('Ctrl Pts',(-5.13871151353145,1.35873082468276,2.5006357803334));
#10059=CARTESIAN_POINT('Ctrl Pts',(-5.16258546486375,-1.26499675478617,
2.61971365334761));
#10060=CARTESIAN_POINT('Ctrl Pts',(-3.92845048585036,-3.58047235073801,
2.73879152636184));
#10061=CARTESIAN_POINT('Ctrl Pts',(-1.73703822216667,-5.02346530664311,
2.85786939937605));
#10062=CARTESIAN_POINT('Ctrl Pts',(0.877652185932976,-5.24234986564734,
2.97694727239027));
#10063=CARTESIAN_POINT('Ctrl Pts',(3.27847799165222,-4.18378865756351,3.09602514540449));
#10064=CARTESIAN_POINT('Ctrl Pts',(4.8804105643876,-2.10572984877737,3.21510301841871));
#10065=CARTESIAN_POINT('Ctrl Pts',(5.29309404536229,0.485449173423156,3.33418089143291));
#10066=CARTESIAN_POINT('Ctrl Pts',(4.41596651492922,2.95833487151355,3.45325876444715));
#10067=CARTESIAN_POINT('Ctrl Pts',(2.46276472847317,4.71033919853011,3.57233663746135));
#10068=CARTESIAN_POINT('Ctrl Pts',(-0.0905588464986818,5.31453709821684,
3.69141451047558));
#10069=CARTESIAN_POINT('Ctrl Pts',(-2.62181521533422,4.6236987844855,3.81049238348979));
#10070=CARTESIAN_POINT('Ctrl Pts',(-4.51419267787857,2.80616641345367,3.92957025650401));
#10071=CARTESIAN_POINT('Ctrl Pts',(-5.30656032128495,0.304832789529501,
4.04864812951822));
#10072=CARTESIAN_POINT('Ctrl Pts',(-4.80583551698413,-2.27078190425734,
4.16772600253245));
#10073=CARTESIAN_POINT('Ctrl Pts',(-3.13403392552051,-4.29305681615032,
4.28680387554666));
#10074=CARTESIAN_POINT('Ctrl Pts',(-0.698536954265634,-5.26920787182797,
4.40588174856088));
#10075=CARTESIAN_POINT('Ctrl Pts',(1.90717816307954,-4.9613684530864,4.5249596215751));
#10076=CARTESIAN_POINT('Ctrl Pts',(4.0481557612414,-3.44455227943145,4.64403749458931));
#10077=CARTESIAN_POINT('Ctrl Pts',(5.2026865228324,-1.08837420869224,4.76311536760354));
#10078=CARTESIAN_POINT('Ctrl Pts',(5.08943660482225,1.53301680307287,4.88219324061774));
#10079=CARTESIAN_POINT('Ctrl Pts',(3.73600253015914,3.78084521868495,5.00127111363197));
#10080=CARTESIAN_POINT('Ctrl Pts',(1.4721865199536,5.10736451836711,5.12034898664618));
#10081=CARTESIAN_POINT('Ctrl Pts',(-1.15036907961133,5.18933102178716,5.23942685966041));
#10082=CARTESIAN_POINT('Ctrl Pts',(-3.49260494683384,4.00677128850152,5.35850473267461));
#10083=CARTESIAN_POINT('Ctrl Pts',(-4.98376953508475,1.84784920763832,5.47758260568884));
#10084=CARTESIAN_POINT('Ctrl Pts',(-5.26049871569831,-0.76135322626543,
5.59666047870304));
#10085=CARTESIAN_POINT('Ctrl Pts',(-4.25535965236505,-3.18503056532147,
5.71573835171727));
#10086=CARTESIAN_POINT('Ctrl Pts',(-2.21328270543128,-4.83258576114767,
5.83481622473149));
#10087=CARTESIAN_POINT('Ctrl Pts',(0.368122728838206,-5.30254572158704,
5.9538940977457));
#10088=CARTESIAN_POINT('Ctrl Pts',(2.85982472214599,-4.48039150427851,6.07297197075993));
#10089=CARTESIAN_POINT('Ctrl Pts',(4.65465010874856,-2.56646407302643,6.19204984377413));
#10090=CARTESIAN_POINT('Ctrl Pts',(5.31523927868163,-0.0271455957456999,
6.31112771678836));
#10091=CARTESIAN_POINT('Ctrl Pts',(4.68062112920443,2.51878766827486,6.43020558980257));
#10092=CARTESIAN_POINT('Ctrl Pts',(2.90543819457314,4.45094758119256,6.54928346281679));
#10093=CARTESIAN_POINT('Ctrl Pts',(0.422263649705511,5.29850911890749,6.66836133583102));
#10094=CARTESIAN_POINT('Ctrl Pts',(-2.16380729194582,4.85494011047824,6.78743920884521));
#10095=CARTESIAN_POINT('Ctrl Pts',(-4.22260582018724,3.22832860166515,6.90651708185946));
#10096=CARTESIAN_POINT('Ctrl Pts',(-5.25244785587213,0.81504416711777,7.02559495487365));
#10097=CARTESIAN_POINT('Ctrl Pts',(-5.00238346570109,-1.79684866783174,
7.14467282788789));
#10098=CARTESIAN_POINT('Ctrl Pts',(-3.53334786095852,-3.97088886352519,
7.26375070090209));
#10099=CARTESIAN_POINT('Ctrl Pts',(-1.20331282202463,-5.17731047218142,
7.38282857391632));
#10100=CARTESIAN_POINT('Ctrl Pts',(1.4199431789226,-5.12213498861945,7.50190644693053));
#10101=CARTESIAN_POINT('Ctrl Pts',(3.69719014771525,-3.81880746891564,7.62098431994475));
#10102=CARTESIAN_POINT('Ctrl Pts',(5.07351290792531,-1.58492026491015,7.74006219295897));
#10103=CARTESIAN_POINT('Ctrl Pts',(5.21353176742079,1.03517727134274,7.85914006597317));
#10104=CARTESIAN_POINT('Ctrl Pts',(4.08312719890078,3.40302479429719,7.97821793898741));
#10105=CARTESIAN_POINT('Ctrl Pts',(1.9577540209142,4.94162975814737,8.09729581200162));
#10106=CARTESIAN_POINT('Ctrl Pts',(-0.644680904353954,5.27606785443159,
8.21637368501584));
#10107=CARTESIAN_POINT('Ctrl Pts',(-3.09002122254005,4.32484384888672,8.33545155803005));
#10108=CARTESIAN_POINT('Ctrl Pts',(-4.78239109204591,2.3197501839133,8.45452943104427));
#10109=CARTESIAN_POINT('Ctrl Pts',(-5.30939706690046,-0.250615759472453,
8.5736073040585));
#10110=CARTESIAN_POINT('Ctrl Pts',(-4.54261934135297,-2.75991213497428,
8.69268517707269));
#10111=CARTESIAN_POINT('Ctrl Pts',(-2.66890484172222,-4.59667841147564,
8.81176305008693));
#10112=CARTESIAN_POINT('Ctrl Pts',(-0.144836726051197,-5.31333490343818,
8.93084092310113));
#10113=CARTESIAN_POINT('Ctrl Pts',(2.41452492570008,-4.73524813038872,9.04991879611537));
#10114=CARTESIAN_POINT('Ctrl Pts',(4.38551977104192,-3.00328516945934,9.16899666912956));
#10115=CARTESIAN_POINT('Ctrl Pts',(5.28785956566248,-0.539487434580844,
9.28807454214381));
#10116=CARTESIAN_POINT('Ctrl Pts',(4.90166387469066,2.05577156346886,9.40715241515799));
#10117=CARTESIAN_POINT('Ctrl Pts',(3.32104013026145,4.1500840889474,9.52623028817224));
#10118=CARTESIAN_POINT('Ctrl Pts',(0.931151684264397,5.23311207520867,9.64530816118643));
#10119=CARTESIAN_POINT('Ctrl Pts',(-1.68563800327678,5.04094534767268,9.76438603420067));
#10120=CARTESIAN_POINT('Ctrl Pts',(-3.8916746845012,3.62041070820894,9.88346390721487));
#10121=CARTESIAN_POINT('Ctrl Pts',(-5.14939547684668,1.31766134995961,10.0025417802291));
#10122=CARTESIAN_POINT('Ctrl Pts',(-5.15232156876088,-1.30617324553937,
10.1216196532433));
#10123=CARTESIAN_POINT('Ctrl Pts',(-3.89973958407812,-3.61172196019508,
10.2406975262575));
#10124=CARTESIAN_POINT('Ctrl Pts',(-1.69687698564557,-5.037173361931,10.3597753992717));
#10125=CARTESIAN_POINT('Ctrl Pts',(0.919478227860549,-5.23517567939051,
10.478853272286));
#10126=CARTESIAN_POINT('Ctrl Pts',(3.3117750262174,-4.15748107398975,10.5979311453002));
#10127=CARTESIAN_POINT('Ctrl Pts',(4.89706819343945,-2.066698177865,10.7170090183144));
#10128=CARTESIAN_POINT('Ctrl Pts',(5.28904661986543,0.52769128981537,10.8360868913286));
#10129=CARTESIAN_POINT('Ctrl Pts',(4.39221307433573,2.99349878897008,10.9551647643428));
#10130=CARTESIAN_POINT('Ctrl Pts',(2.42506856648865,4.72984681696695,11.0742426373571));
#10131=CARTESIAN_POINT('Ctrl Pts',(-0.13296345467901,5.31365321297775,11.1933205103713));
#10132=CARTESIAN_POINT('Ctrl Pts',(-2.65868984910458,4.60260295386039,11.3123983833855));
#10133=CARTESIAN_POINT('Ctrl Pts',(-4.53636724914774,2.77006907848404,11.4314762563997));
#10134=CARTESIAN_POINT('Ctrl Pts',(-5.30899119192932,0.262393891900062,
11.5505541294139));
#10135=CARTESIAN_POINT('Ctrl Pts',(-4.78722878920278,-2.3089554060415,11.6696320024281));
#10136=CARTESIAN_POINT('Ctrl Pts',(-3.10029145566149,-4.31818058474098,
11.7887098754424));
#10137=CARTESIAN_POINT('Ctrl Pts',(-0.655214458814485,-5.2741504288362,
11.9077877484566));
#10138=CARTESIAN_POINT('Ctrl Pts',(1.94432761936865,-4.94689312916978,12.0268656214708));
#10139=CARTESIAN_POINT('Ctrl Pts',(4.08018184840398,-3.41035268815143,12.145943494485));
#10140=CARTESIAN_POINT('Ctrl Pts',(5.2023941481527,-1.05022921883165,12.2650213674992));
#10141=CARTESIAN_POINT('Ctrl Pts',(5.05451835597789,2.45676102466459,12.4237918648515));
#10142=CARTESIAN_POINT('Ctrl Pts',(1.63363191812811,5.80489175431687,12.6222549865419));
#10143=CARTESIAN_POINT('Ctrl Pts',(-4.00617507735369,4.50733654976565,12.8604107325703));
#10144=CARTESIAN_POINT('Ctrl Pts',(-5.61994926790495,0.000877156248658998,
13.0588738542607));
#10145=CARTESIAN_POINT('Ctrl Pts',(-4.22036857972487,-3.2181322744866,13.217644351613));
#10146=CARTESIAN_POINT('Ctrl Pts',(-2.1795903458854,-4.8505438146408,13.3367222246272));
#10147=CARTESIAN_POINT('Ctrl Pts',(0.41300130088254,-5.29920668103596,13.4558000976414));
#10148=CARTESIAN_POINT('Ctrl Pts',(2.89419174274741,-4.45753551744069,13.5748779706556));
#10149=CARTESIAN_POINT('Ctrl Pts',(4.67566486968551,-2.52915968235899,13.6939558436698));
#10150=CARTESIAN_POINT('Ctrl Pts',(5.31494136327663,0.0152594951267599,
13.8130337166841));
#10151=CARTESIAN_POINT('Ctrl Pts',(4.66053965763777,2.55609235554489,13.9321115896983));
#10152=CARTESIAN_POINT('Ctrl Pts',(2.86971953044662,4.47399377908451,14.0511894627125));
#10153=CARTESIAN_POINT('Ctrl Pts',(0.379994805535438,5.30171572345992,14.1702673357267));
#10154=CARTESIAN_POINT('Ctrl Pts',(-2.20252284309189,4.83750791975862,14.2893452087409));
#10155=CARTESIAN_POINT('Ctrl Pts',(-4.24823315475191,3.19451459959261,14.4084230817552));
#10156=CARTESIAN_POINT('Ctrl Pts',(-5.25879384954017,0.773083396516509,
14.5275009547693));
#10157=CARTESIAN_POINT('Ctrl Pts',(-4.98787522476553,-1.8367288821781,14.6465788277836));
#10158=CARTESIAN_POINT('Ctrl Pts',(-3.50153432462355,-3.99897182073965,
14.7656567007978));
#10159=CARTESIAN_POINT('Ctrl Pts',(-1.16193927711113,-5.18675233852232,
14.884734573812));
#10160=CARTESIAN_POINT('Ctrl Pts',(1.46079132901434,-5.1106353126268,15.0038124468262));
#10161=CARTESIAN_POINT('Ctrl Pts',(3.72756093882102,-3.78916830319486,15.1228903198404));
#10162=CARTESIAN_POINT('Ctrl Pts',(5.08600470285297,-1.54436410989723,15.2419681928547));
#10163=CARTESIAN_POINT('Ctrl Pts',(5.20510107217112,1.07676781330268,15.3610460658689));
#10164=CARTESIAN_POINT('Ctrl Pts',(4.05582814158885,3.43551499720819,15.4801239388831));
#10165=CARTESIAN_POINT('Ctrl Pts',(1.91823891046205,4.95710248315393,15.5992018118973));
#10166=CARTESIAN_POINT('Ctrl Pts',(-0.686783166687779,5.27075273165683,
15.7182796849115));
#10167=CARTESIAN_POINT('Ctrl Pts',(-3.12445120477652,4.30003606028761,15.8373575579258));
#10168=CARTESIAN_POINT('Ctrl Pts',(-4.800758979227,2.28149484231558,15.95643543094));
#10169=CARTESIAN_POINT('Ctrl Pts',(-5.30722699871919,-0.292996664965296,
16.0755133039542));
#10170=CARTESIAN_POINT('Ctrl Pts',(-4.52044012033088,-2.79609130693937,
16.1945911769684));
#10171=CARTESIAN_POINT('Ctrl Pts',(-2.63212105569165,-4.61783977845471,
16.3136690499826));
#10172=CARTESIAN_POINT('Ctrl Pts',(-0.102411778521737,-5.31432190413761,
16.4327469229968));
#10173=CARTESIAN_POINT('Ctrl Pts',(2.45225300514789,-4.7158202544256,16.551824796011));
#10174=CARTESIAN_POINT('Ctrl Pts',(4.40935747658289,-2.96817656422207,16.6709026690253));
#10175=CARTESIAN_POINT('Ctrl Pts',(5.29199816994822,-0.497253298105789,
16.7899805420395));
#10176=CARTESIAN_POINT('Ctrl Pts',(4.88509489264987,2.09483969857202,16.9090584150537));
#10177=CARTESIAN_POINT('Ctrl Pts',(3.28780105548953,4.17646617280301,17.0281362880679));
#10178=CARTESIAN_POINT('Ctrl Pts',(0.889342159019618,5.24037937531163,17.1472141610822));
#10179=CARTESIAN_POINT('Ctrl Pts',(-1.72582993009686,5.027326976176,17.2662920340963));
#10180=CARTESIAN_POINT('Ctrl Pts',(-3.92045508984859,3.58922517564637,17.3853699071106));
#10181=CARTESIAN_POINT('Ctrl Pts',(-5.15975126786042,1.27650786398578,17.5044477801248));
#10182=CARTESIAN_POINT('Ctrl Pts',(-5.14172914690774,-1.34726643721636,
17.623525653139));
#10183=CARTESIAN_POINT('Ctrl Pts',(-3.87078032287803,-3.64274143537911,
17.7426035261532));
#10184=CARTESIAN_POINT('Ctrl Pts',(-1.65660716911272,-5.05056018281665,
17.8616813991674));
#10185=CARTESIAN_POINT('Ctrl Pts',(0.961244844309802,-5.22766810559892,
17.9807592721817));
#10186=CARTESIAN_POINT('Ctrl Pts',(3.34486255654301,-4.13090788457513,18.0998371451959));
#10187=CARTESIAN_POINT('Ctrl Pts',(4.91341057228455,-2.02753594818214,18.2189150182101));
#10188=CARTESIAN_POINT('Ctrl Pts',(5.28466811758289,0.569902061771366,18.3379928912243));
#10189=CARTESIAN_POINT('Ctrl Pts',(4.36816786541004,3.02846742967585,18.4570707642385));
#10190=CARTESIAN_POINT('Ctrl Pts',(2.38724084050774,4.74906165915125,18.5761486372527));
#10191=CARTESIAN_POINT('Ctrl Pts',(-0.175404456650383,5.31241364631893,
18.695226510267));
#10192=CARTESIAN_POINT('Ctrl Pts',(-2.69530753201951,4.58124685875442,18.8143043832812));
#10193=CARTESIAN_POINT('Ctrl Pts',(-4.55842323423406,2.73373061778286,18.9333822562954));
#10194=CARTESIAN_POINT('Ctrl Pts',(-5.31075110011734,0.220064139765625,
19.0524601293096));
#10195=CARTESIAN_POINT('Ctrl Pts',(-4.76896531734018,-2.34722714602037,
19.1715380023238));
#10196=CARTESIAN_POINT('Ctrl Pts',(-3.06508720697828,-4.34255061992679,
19.2906158753381));
#10197=CARTESIAN_POINT('Ctrl Pts',(-0.614314521045407,-5.27968968238107,
19.4096937483523));
#10198=CARTESIAN_POINT('Ctrl Pts',(1.9861531498845,-4.93028408291168,19.5287716213665));
#10199=CARTESIAN_POINT('Ctrl Pts',(4.10263882822231,-3.3794763082719,19.6478494943807));
#10200=CARTESIAN_POINT('Ctrl Pts',(5.21940134065811,-1.00516422446522,19.7669273673949));
#10201=CARTESIAN_POINT('Ctrl Pts',(5.0643101387232,1.6140843509042,19.8860052404092));
#10202=CARTESIAN_POINT('Ctrl Pts',(3.67515754923304,3.84001594545175,20.0050831134233));
#10203=CARTESIAN_POINT('Ctrl Pts',(1.39044961252753,5.13021981478673,20.1241609864376));
#10204=CARTESIAN_POINT('Ctrl Pts',(-1.23308042060549,5.17030155303612,20.2432388594518));
#10205=CARTESIAN_POINT('Ctrl Pts',(-3.55613578036018,3.95049411905023,20.362316732466));
#10206=CARTESIAN_POINT('Ctrl Pts',(-5.0126387894027,1.76803785026902,20.4813946054802));
#10207=CARTESIAN_POINT('Ctrl Pts',(-5.24767158625098,-0.845250492967912,
20.6004724784944));
#10208=CARTESIAN_POINT('Ctrl Pts',(-4.20396182946968,-3.25256981621768,
20.7195503515087));
#10209=CARTESIAN_POINT('Ctrl Pts',(-2.13583871205392,-4.86730916103551,
20.8386282245229));
#10210=CARTESIAN_POINT('Ctrl Pts',(0.452741488832663,-5.29599193893816,
20.9577060975371));
#10211=CARTESIAN_POINT('Ctrl Pts',(2.93099851151565,-4.43415755228675,21.0767839705513));
#10212=CARTESIAN_POINT('Ctrl Pts',(4.69503543492258,-2.49181615249389,21.1958618435655));
#10213=CARTESIAN_POINT('Ctrl Pts',(5.31499512278682,0.0577262311340306,
21.3149397165798));
#10214=CARTESIAN_POINT('Ctrl Pts',(4.63980698668116,2.59320199740647,21.434017589594));
#10215=CARTESIAN_POINT('Ctrl Pts',(2.83399957744096,4.49677127148718,21.5530954626082));
#10216=CARTESIAN_POINT('Ctrl Pts',(0.337608583256272,5.30457594134747,21.6721733356224));
#10217=CARTESIAN_POINT('Ctrl Pts',(-2.241050223382,4.81977171339907,21.7912512086366));
#10218=CARTESIAN_POINT('Ctrl Pts',(-4.27361420713561,3.16049475265968,21.9103290816508));
#10219=CARTESIAN_POINT('Ctrl Pts',(-5.26479207236834,0.731074488487078,
22.0294069546651));
#10220=CARTESIAN_POINT('Ctrl Pts',(-4.97305549673692,-1.87649260574126,
22.1484848276793));
#10221=CARTESIAN_POINT('Ctrl Pts',(-3.46949428978347,-4.02679957859562,
22.2675627006935));
#10222=CARTESIAN_POINT('Ctrl Pts',(-1.12049336449646,-5.19586374850462,
22.3866405737077));
#10223=CARTESIAN_POINT('Ctrl Pts',(1.50154723618796,-5.09880979943573,22.5057184467219));
#10224=CARTESIAN_POINT('Ctrl Pts',(3.75769368436142,-3.75928765151394,22.6247963197361));
#10225=CARTESIAN_POINT('Ctrl Pts',(5.09817253830208,-1.50370949451008,22.7438741927504));
#10226=CARTESIAN_POINT('Ctrl Pts',(5.1963384796956,1.11828971026161,22.8629520657646));
#10227=CARTESIAN_POINT('Ctrl Pts',(4.02827062119032,3.46778622116456,22.9820299387788));
#10228=CARTESIAN_POINT('Ctrl Pts',(1.87860149752604,4.97225923407952,23.101107811793));
#10229=CARTESIAN_POINT('Ctrl Pts',(-0.728841635502721,5.26510164455025,
23.2201856848072));
#10230=CARTESIAN_POINT('Ctrl Pts',(-3.15868204112922,4.27495418383557,23.3392635578215));
#10231=CARTESIAN_POINT('Ctrl Pts',(-4.81882085101468,2.24309407065046,23.4583414308356));
#10232=CARTESIAN_POINT('Ctrl Pts',(-5.30471865267396,-0.335358884760485,
23.5774193038499));
#10233=CARTESIAN_POINT('Ctrl Pts',(-4.49797274143385,-2.832092271747,23.6964971768641));
#10234=CARTESIAN_POINT('Ctrl Pts',(-2.59516953103344,-4.63870676086158,
23.8155750498783));
#10235=CARTESIAN_POINT('Ctrl Pts',(-0.0599802335783741,-5.3149702367094,
23.9346529228925));
#10236=CARTESIAN_POINT('Ctrl Pts',(2.48982463968942,-4.69609164287082,24.0537307959067));
#10237=CARTESIAN_POINT('Ctrl Pts',(4.43291438751598,-2.93287904299905,24.172808668921));
#10238=CARTESIAN_POINT('Ctrl Pts',(5.29579894213908,-0.454986921442017,
24.2918865419352));
#10239=CARTESIAN_POINT('Ctrl Pts',(4.86821552953765,2.13377324404991,24.4109644149494));
#10240=CARTESIAN_POINT('Ctrl Pts',(3.25435046039522,4.2025841138579,24.5300422879636));
#10241=CARTESIAN_POINT('Ctrl Pts',(0.847479751337214,5.24730861023299,24.6491201609778));
#10242=CARTESIAN_POINT('Ctrl Pts',(-1.76591926985296,5.01339602733546,24.7681980339921));
#10243=CARTESIAN_POINT('Ctrl Pts',(-3.94897113332143,3.55779551360138,24.8872759070063));
#10244=CARTESIAN_POINT('Ctrl Pts',(-5.16980638791299,1.23530295403727,25.0063537800205));
#10245=CARTESIAN_POINT('Ctrl Pts',(-5.13075385118117,-1.38833232257188,
25.1254316530347));
#10246=CARTESIAN_POINT('Ctrl Pts',(-3.84168303882481,-3.67341252905215,
25.2445095260489));
#10247=CARTESIAN_POINT('Ctrl Pts',(-1.61600717781412,-5.063872413281,25.3635873990631));
#10248=CARTESIAN_POINT('Ctrl Pts',(0.129583689323215,-5.16737272545573,
25.4429726477393));
#10249=CARTESIAN_POINT('Ctrl Pts',(0.962135124918256,-5.00740421789559,
25.4826652720774));
#10250=CARTESIAN_POINT('Ctrl Pts',(1.25058766340419,-4.65528129553797,-0.160887827979343));
#10251=CARTESIAN_POINT('Ctrl Pts',(2.02459370666462,-4.44735349318808,-0.121195203641271));
#10252=CARTESIAN_POINT('Ctrl Pts',(3.46611157328327,-3.63819723827,-0.0418099549651254));
#10253=CARTESIAN_POINT('Ctrl Pts',(4.78416875302347,-1.53640291189452,0.0772679180490914));
#10254=CARTESIAN_POINT('Ctrl Pts',(4.93623890632337,0.939151026982403,0.196345791063309));
#10255=CARTESIAN_POINT('Ctrl Pts',(3.88555195326747,3.18616275955507,0.315423664077526));
#10256=CARTESIAN_POINT('Ctrl Pts',(1.88799196847185,4.65661965043401,0.434501537091744));
#10257=CARTESIAN_POINT('Ctrl Pts',(-0.569605068582961,4.99244068882379,
0.553579410105961));
#10258=CARTESIAN_POINT('Ctrl Pts',(-2.88841476408639,4.11167217730998,0.672657283120179));
#10259=CARTESIAN_POINT('Ctrl Pts',(-4.50337445481208,2.22900038636392,0.791735156134397));
#10260=CARTESIAN_POINT('Ctrl Pts',(-5.02096389146319,-0.196840776202525,
0.910813029148613));
#10261=CARTESIAN_POINT('Ctrl Pts',(-4.315052726562,-2.57471060116041,1.02989090216283));
#10262=CARTESIAN_POINT('Ctrl Pts',(-2.55765867886729,-4.32518273080326,
1.14896877517705));
#10263=CARTESIAN_POINT('Ctrl Pts',(-0.177018807825974,-5.02170116175928,
1.26804664819127));
#10264=CARTESIAN_POINT('Ctrl Pts',(2.24675643164446,-4.49454182841471,1.38712452120548));
#10265=CARTESIAN_POINT('Ctrl Pts',(4.12304649105056,-2.87216077289348,1.5062023942197));
#10266=CARTESIAN_POINT('Ctrl Pts',(4.99464042248002,-0.549897282606179,
1.62528026723392));
#10267=CARTESIAN_POINT('Ctrl Pts',(4.64914998102321,1.90636422459885,1.74435814024814));
#10268=CARTESIAN_POINT('Ctrl Pts',(3.17076356719189,3.89808649973031,1.86343601326235));
#10269=CARTESIAN_POINT('Ctrl Pts',(0.919731573241909,4.93993055488779,1.98251388627657));
#10270=CARTESIAN_POINT('Ctrl Pts',(-1.55541885185864,4.77802178743176,2.10159175929079));
#10271=CARTESIAN_POINT('Ctrl Pts',(-3.6515477902999,3.45181383611498,2.22066963230501));
#10272=CARTESIAN_POINT('Ctrl Pts',(-4.85787456345548,1.28447450191132,2.33974750531922));
#10273=CARTESIAN_POINT('Ctrl Pts',(-4.88044377377229,-1.19586311505281,
2.45882537833344));
#10274=CARTESIAN_POINT('Ctrl Pts',(-3.71375580021456,-3.38479510126314,
2.57790325134766));
#10275=CARTESIAN_POINT('Ctrl Pts',(-1.64210693147364,-4.74892670454116,
2.69698112436188));
#10276=CARTESIAN_POINT('Ctrl Pts',(0.829687406731829,-4.95584895124051,
2.81605899737609));
#10277=CARTESIAN_POINT('Ctrl Pts',(3.09930510801351,-3.95513942452938,2.93513687039031));
#10278=CARTESIAN_POINT('Ctrl Pts',(4.61369008116684,-1.99064910395303,3.05421474340453));
#10279=CARTESIAN_POINT('Ctrl Pts',(5.00381989867189,0.458918774718719,3.17329261641874));
#10280=CARTESIAN_POINT('Ctrl Pts',(4.17462847436696,2.79665820598532,3.29237048943296));
#10281=CARTESIAN_POINT('Ctrl Pts',(2.32817158517686,4.45291332613871,3.41144836244718));
#10282=CARTESIAN_POINT('Ctrl Pts',(-0.0856096933527784,5.02409106212419,
3.5305262354614));
#10283=CARTESIAN_POINT('Ctrl Pts',(-2.47852976589841,4.37100791805222,3.64960410847561));
#10284=CARTESIAN_POINT('Ctrl Pts',(-4.26748645582808,2.65280594266546,3.76868198148983));
#10285=CARTESIAN_POINT('Ctrl Pts',(-5.0165502259333,0.288173299953332,3.88775985450405));
#10286=CARTESIAN_POINT('Ctrl Pts',(-4.54319065248791,-2.14668086013371,
4.00683772751827));
#10287=CARTESIAN_POINT('Ctrl Pts',(-2.96275508903393,-4.05843594288748,
4.12591560053248));
#10288=CARTESIAN_POINT('Ctrl Pts',(-0.660361044363948,-4.98123913411154,
4.2449934735467));
#10289=CARTESIAN_POINT('Ctrl Pts',(1.80294851384541,-4.69022352095721,4.36407134656092));
#10290=CARTESIAN_POINT('Ctrl Pts',(3.82691903401399,-3.25630323023196,4.48314921957514));
#10291=CARTESIAN_POINT('Ctrl Pts',(4.91835325924556,-1.0288932099038,4.60222709258935));
#10292=CARTESIAN_POINT('Ctrl Pts',(4.81129258954923,1.44923553567606,4.72130496560357));
#10293=CARTESIAN_POINT('Ctrl Pts',(3.53182536370735,3.57421734375388,4.84038283861779));
#10294=CARTESIAN_POINT('Ctrl Pts',(1.39172970288612,4.82824072040967,4.95946071163201));
#10295=CARTESIAN_POINT('Ctrl Pts',(-1.08749998432761,4.90572765287731,5.07853858464622));
#10296=CARTESIAN_POINT('Ctrl Pts',(-3.30172975983292,3.78779627397663,5.19761645766044));
#10297=CARTESIAN_POINT('Ctrl Pts',(-4.71140035607378,1.74686195931606,5.31669433067466));
#10298=CARTESIAN_POINT('Ctrl Pts',(-4.97300594415332,-0.719744329281846,
5.43577220368888));
#10299=CARTESIAN_POINT('Ctrl Pts',(-4.02279897580251,-3.01096469929488,
5.5548500767031));
#10300=CARTESIAN_POINT('Ctrl Pts',(-2.09232406375379,-4.56847896266957,
5.67392794971731));
#10301=CARTESIAN_POINT('Ctrl Pts',(0.348004365674923,-5.01275502908219,
5.79300582273153));
#10302=CARTESIAN_POINT('Ctrl Pts',(2.70353175831556,-4.23553255823831,5.91208369574574));
#10303=CARTESIAN_POINT('Ctrl Pts',(4.40026771410164,-2.42620363208703,6.03116156875997));
#10304=CARTESIAN_POINT('Ctrl Pts',(5.02475486755671,-0.0256620553100958,
6.15023944177418));
#10305=CARTESIAN_POINT('Ctrl Pts',(4.42481938611657,2.3811328019169,6.2693173147884));
#10306=CARTESIAN_POINT('Ctrl Pts',(2.74665239796838,4.20769778202429,6.38839518780261));
#10307=CARTESIAN_POINT('Ctrl Pts',(0.399186418146785,5.00893903173964,6.50747306081683));
#10308=CARTESIAN_POINT('Ctrl Pts',(-2.0455525429057,4.58961161911655,6.62655093383105));
#10309=CARTESIAN_POINT('Ctrl Pts',(-3.99183518112883,3.05189644431455,6.74562880684527));
#10310=CARTESIAN_POINT('Ctrl Pts',(-4.96539507379008,0.770500993704,6.86470667985949));
#10311=CARTESIAN_POINT('Ctrl Pts',(-4.7289970123229,-1.69864866218963,6.9837845528737));
#10312=CARTESIAN_POINT('Ctrl Pts',(-3.34024602322815,-3.75387486797658,
7.10286242588792));
#10313=CARTESIAN_POINT('Ctrl Pts',(-1.13755028563106,-4.89436404119863,
7.22194029890214));
#10314=CARTESIAN_POINT('Ctrl Pts',(1.34234152516178,-4.84220396616499,7.34101817191635));
#10315=CARTESIAN_POINT('Ctrl Pts',(3.495134126045,-3.61010490998163,7.46009604493057));
#10316=CARTESIAN_POINT('Ctrl Pts',(4.79623914241406,-1.49830240902567,7.57917391794479));
#10317=CARTESIAN_POINT('Ctrl Pts',(4.92860579778205,0.97860355108108,7.698251790959));
#10318=CARTESIAN_POINT('Ctrl Pts',(3.85997923928249,3.21704527360475,7.81732966397323));
#10319=CARTESIAN_POINT('Ctrl Pts',(1.85076033839578,4.67156357014898,7.93640753698744));
#10320=CARTESIAN_POINT('Ctrl Pts',(-0.609448294297089,4.9877242101677,8.05548541000166));
#10321=CARTESIAN_POINT('Ctrl Pts',(-2.92114773479451,4.0884857749069,8.17456328301587));
#10322=CARTESIAN_POINT('Ctrl Pts',(-4.52102749441564,2.19297296264433,8.2936411560301));
#10323=CARTESIAN_POINT('Ctrl Pts',(-5.01923193988674,-0.236919297753231,
8.4127190290443));
#10324=CARTESIAN_POINT('Ctrl Pts',(-4.29435956692851,-2.609079517805,8.53179690205853));
#10325=CARTESIAN_POINT('Ctrl Pts',(-2.52304588586945,-4.34546424190033,
8.65087477507275));
#10326=CARTESIAN_POINT('Ctrl Pts',(-0.136921219548041,-5.02295456877946,
8.76995264808697));
#10327=CARTESIAN_POINT('Ctrl Pts',(2.28256814738503,-4.47646095401394,8.88903052110118));
#10328=CARTESIAN_POINT('Ctrl Pts',(4.14584568275068,-2.83915191446372,9.0081083941154));
#10329=CARTESIAN_POINT('Ctrl Pts',(4.99887148977218,-0.510003777961274,
9.12718626712961));
#10330=CARTESIAN_POINT('Ctrl Pts',(4.63378187173312,1.94342110082521,9.24626414014384));
#10331=CARTESIAN_POINT('Ctrl Pts',(3.13954117302155,3.92327685234152,9.36534201315805));
#10332=CARTESIAN_POINT('Ctrl Pts',(0.880263091203991,4.94711601749315,9.48441988617226));
#10333=CARTESIAN_POINT('Ctrl Pts',(-1.59351579822092,4.76545143967409,9.60349775918649));
#10334=CARTESIAN_POINT('Ctrl Pts',(-3.67898984196718,3.42255077802246,9.7225756322007));
#10335=CARTESIAN_POINT('Ctrl Pts',(-4.86797463494017,1.24564952485885,9.84165350521492));
#10336=CARTESIAN_POINT('Ctrl Pts',(-4.87074081230641,-1.2347892595767,9.96073137822915));
#10337=CARTESIAN_POINT('Ctrl Pts',(-3.68661398479138,-3.41433688085121,
10.0798092512433));
#10338=CARTESIAN_POINT('Ctrl Pts',(-1.60414055628036,-4.76188559762596,
10.1988871242576));
#10339=CARTESIAN_POINT('Ctrl Pts',(0.869227603653751,-4.94906684315003,
10.3179649972718));
#10340=CARTESIAN_POINT('Ctrl Pts',(3.13078241839118,-3.9302695829879,10.437042870286));
#10341=CARTESIAN_POINT('Ctrl Pts',(4.62943735015545,-1.95375056220865,10.5561207433002));
#10342=CARTESIAN_POINT('Ctrl Pts',(4.99999366999242,0.498852307120355,10.6751986163144));
#10343=CARTESIAN_POINT('Ctrl Pts',(4.15217318872779,2.82990037179162,10.7942764893287));
#10344=CARTESIAN_POINT('Ctrl Pts',(2.29253556514299,4.47135482906185,10.9133543623429));
#10345=CARTESIAN_POINT('Ctrl Pts',(-0.125696837165012,5.02325548230838,
11.0324322353571));
#10346=CARTESIAN_POINT('Ctrl Pts',(-2.51338915525275,4.35106500070439,11.1515101083713));
#10347=CARTESIAN_POINT('Ctrl Pts',(-4.28844915930741,2.61868137176948,11.2705879813855));
#10348=CARTESIAN_POINT('Ctrl Pts',(-5.01884824648558,0.248053740652863,
11.3896658543998));
#10349=CARTESIAN_POINT('Ctrl Pts',(-4.52560080542991,-2.18276813275585,
11.5087437274139));
#10350=CARTESIAN_POINT('Ctrl Pts',(-2.93085668695305,-4.0821866664012,11.6278216004282));
#10351=CARTESIAN_POINT('Ctrl Pts',(-0.619406176957327,-4.98591157425641,
11.7468994734424));
#10352=CARTESIAN_POINT('Ctrl Pts',(1.83806770632738,-4.67653929142473,11.8659773464566));
#10353=CARTESIAN_POINT('Ctrl Pts',(3.85719485583905,-3.22397268898201,11.9850552194708));
#10354=CARTESIAN_POINT('Ctrl Pts',(4.9180768632043,-0.992832890993292,12.1041330924851));
#10355=CARTESIAN_POINT('Ctrl Pts',(4.77828266626111,2.32249599121884,12.2629035898373));
#10356=CARTESIAN_POINT('Ctrl Pts',(1.54435191005103,5.48764722881456,12.4613667115277));
#10357=CARTESIAN_POINT('Ctrl Pts',(-3.78723264650661,4.26100502360993,12.6995224575561));
#10358=CARTESIAN_POINT('Ctrl Pts',(-5.31281207839273,0.000829218573046874,
12.8979855792465));
#10359=CARTESIAN_POINT('Ctrl Pts',(-3.98972020862923,-3.04225735904758,
13.0567560765988));
#10360=CARTESIAN_POINT('Ctrl Pts',(-2.06047303339536,-4.58545558629278,
13.175833949613));
#10361=CARTESIAN_POINT('Ctrl Pts',(0.390430268161237,-5.00959847123364,
13.2949118226272));
#10362=CARTESIAN_POINT('Ctrl Pts',(2.73602057866708,-4.2139256793953,13.4139896956415));
#10363=CARTESIAN_POINT('Ctrl Pts',(4.42013399232021,-2.39093797258243,13.5330675686556));
#10364=CARTESIAN_POINT('Ctrl Pts',(5.02447323359764,0.0144255448145444,
13.6521454416699));
#10365=CARTESIAN_POINT('Ctrl Pts',(4.40583539184807,2.41639874181439,13.7712233146841));
#10366=CARTESIAN_POINT('Ctrl Pts',(2.71288580308482,4.2294844766517,13.8903011876983));
#10367=CARTESIAN_POINT('Ctrl Pts',(0.359227618673467,5.01197039138092,14.0093790607125));
#10368=CARTESIAN_POINT('Ctrl Pts',(-2.08215224122062,4.57313211921484,14.1284569337268));
#10369=CARTESIAN_POINT('Ctrl Pts',(-4.01606195011226,3.01993041934423,14.247534806741));
#10370=CARTESIAN_POINT('Ctrl Pts',(-4.97139425104272,0.73083343119731,14.3666126797552));
#10371=CARTESIAN_POINT('Ctrl Pts',(-4.71528166472735,-1.73634937341816,
14.4856905527694));
#10372=CARTESIAN_POINT('Ctrl Pts',(-3.31017113606467,-3.78042305678997,
14.6047684257836));
#10373=CARTESIAN_POINT('Ctrl Pts',(-1.09843785620083,-4.90328989784737,
14.7238462987978));
#10374=CARTESIAN_POINT('Ctrl Pts',(1.38095727324811,-4.83133276171119,14.8429241718121));
#10375=CARTESIAN_POINT('Ctrl Pts',(3.52384511579335,-3.58208556138464,14.9620020448263));
#10376=CARTESIAN_POINT('Ctrl Pts',(4.80804824527402,-1.45996269812537,15.0810799178405));
#10377=CARTESIAN_POINT('Ctrl Pts',(4.92063585047176,1.01792111840035,15.2001577908547));
#10378=CARTESIAN_POINT('Ctrl Pts',(3.83417210927086,3.24775984667762,15.3192356638689));
#10379=CARTESIAN_POINT('Ctrl Pts',(1.81340477768136,4.68619069156626,15.4383135368832));
#10380=CARTESIAN_POINT('Ctrl Pts',(-0.649249615837877,4.98269956543698,
15.5573914098973));
#10381=CARTESIAN_POINT('Ctrl Pts',(-2.95369607584972,4.06503376268675,15.6764692829116));
#10382=CARTESIAN_POINT('Ctrl Pts',(-4.53839155380804,2.15680832285583,15.7955471559258));
#10383=CARTESIAN_POINT('Ctrl Pts',(-5.01718046861987,-0.276984034259211,
15.91462502894));
#10384=CARTESIAN_POINT('Ctrl Pts',(-4.27339246781099,-2.64328145320325,
16.0337029019542));
#10385=CARTESIAN_POINT('Ctrl Pts',(-2.4882723793134,-4.36546911395918,16.1527807749685));
#10386=CARTESIAN_POINT('Ctrl Pts',(-0.0968148479573013,-5.02388762866798,
16.2718586479826));
#10387=CARTESIAN_POINT('Ctrl Pts',(2.31823434055329,-4.45809483553956,16.3909365209969));
#10388=CARTESIAN_POINT('Ctrl Pts',(4.16838062815356,-2.80596203799538,16.5100143940111));
#10389=CARTESIAN_POINT('Ctrl Pts',(5.00278391420679,-0.47007778936444,16.6290922670253));
#10390=CARTESIAN_POINT('Ctrl Pts',(4.6181184050866,1.98035411394718,16.7481701400395));
#10391=CARTESIAN_POINT('Ctrl Pts',(3.10811865486266,3.94821712263218,16.8672480130538));
#10392=CARTESIAN_POINT('Ctrl Pts',(0.840738508307687,4.9539861506427,16.986325886068));
#10393=CARTESIAN_POINT('Ctrl Pts',(-1.63151118645033,4.75257732905022,17.1054037590822));
#10394=CARTESIAN_POINT('Ctrl Pts',(-3.70619736250902,3.39306957344722,17.2244816320964));
#10395=CARTESIAN_POINT('Ctrl Pts',(-4.87776446914621,1.20674512787465,17.3435595051106));
#10396=CARTESIAN_POINT('Ctrl Pts',(-4.86072727942949,-1.27363665742209,
17.4626373781248));
#10397=CARTESIAN_POINT('Ctrl Pts',(-3.65923738309074,-3.44366110328936,
17.5817152511391));
#10398=CARTESIAN_POINT('Ctrl Pts',(-1.56607153510747,-4.77454081216654,
17.7007931241533));
#10399=CARTESIAN_POINT('Ctrl Pts',(0.90871162277336,-4.94196956756658,17.8198709971675));
#10400=CARTESIAN_POINT('Ctrl Pts',(3.16206167419549,-3.90514865129377,17.9389488701817));
#10401=CARTESIAN_POINT('Ctrl Pts',(4.64488659775164,-1.91672859689233,18.0580267431959));
#10402=CARTESIAN_POINT('Ctrl Pts',(4.99585445828373,0.538756208098044,18.1771046162101));
#10403=CARTESIAN_POINT('Ctrl Pts',(4.12944208025722,2.86295793296349,18.2961824892243));
#10404=CARTESIAN_POINT('Ctrl Pts',(2.25677517124811,4.48951955631734,18.4152603622386));
#10405=CARTESIAN_POINT('Ctrl Pts',(-0.165818385802521,5.02208365950304,
18.5343382352528));
#10406=CARTESIAN_POINT('Ctrl Pts',(-2.54800563643421,4.330876042652,18.653416108267));
#10407=CARTESIAN_POINT('Ctrl Pts',(-4.3092997574857,2.58432885296188,18.7724939812812));
#10408=CARTESIAN_POINT('Ctrl Pts',(-5.02051197351094,0.20803736191088,18.8915718542955));
#10409=CARTESIAN_POINT('Ctrl Pts',(-4.50833545492948,-2.21894827473365,
19.0106497273096));
#10410=CARTESIAN_POINT('Ctrl Pts',(-2.89757639407158,-4.10522484897439,
19.1297276003239));
#10411=CARTESIAN_POINT('Ctrl Pts',(-0.580741471454378,-4.991148100733,19.2488054733381));
#10412=CARTESIAN_POINT('Ctrl Pts',(1.87760741978688,-4.66083795012,19.3678833463523));
#10413=CARTESIAN_POINT('Ctrl Pts',(3.87842453389049,-3.19478374151271,19.4869612193665));
#10414=CARTESIAN_POINT('Ctrl Pts',(4.9341545915707,-0.950230754395732,19.6060390923807));
#10415=CARTESIAN_POINT('Ctrl Pts',(4.78753931594928,1.52587264159153,19.725116965395));
#10416=CARTESIAN_POINT('Ctrl Pts',(3.47430563636393,3.63015431700188,19.8441948384092));
#10417=CARTESIAN_POINT('Ctrl Pts',(1.31445981870698,4.8498469465667,19.9632727114234));
#10418=CARTESIAN_POINT('Ctrl Pts',(-1.16569104807322,4.88773816816731,20.0823505844376));
#10419=CARTESIAN_POINT('Ctrl Pts',(-3.36178855460473,3.7345947215523,20.2014284574518));
#10420=CARTESIAN_POINT('Ctrl Pts',(-4.73869186987988,1.6714123914977,20.3205063304661));
#10421=CARTESIAN_POINT('Ctrl Pts',(-4.96087983322059,-0.799056506426688,
20.4395842034803));
#10422=CARTESIAN_POINT('Ctrl Pts',(-3.97421010760025,-3.07481284646165,
20.5586620764945));
#10423=CARTESIAN_POINT('Ctrl Pts',(-2.0191124805525,-4.60130468573803,20.6777399495087));
#10424=CARTESIAN_POINT('Ctrl Pts',(0.427998605609537,-5.00655941877393,
20.7968178225229));
#10425=CARTESIAN_POINT('Ctrl Pts',(2.77081581192573,-4.19182534899775,20.9158956955371));
#10426=CARTESIAN_POINT('Ctrl Pts',(4.43844593217071,-2.35563531288581,21.0349735685514));
#10427=CARTESIAN_POINT('Ctrl Pts',(5.02452405508402,0.0545714210910114,
21.1540514415655));
#10428=CARTESIAN_POINT('Ctrl Pts',(4.38623578704295,2.45148029577662,21.2731293145798));
#10429=CARTESIAN_POINT('Ctrl Pts',(2.67911798976098,4.25101715087769,21.392207187594));
#10430=CARTESIAN_POINT('Ctrl Pts',(0.319157855950112,5.01467429481766,21.5112850606083));
#10431=CARTESIAN_POINT('Ctrl Pts',(-2.11857405244996,4.55636521850454,21.6303629336224));
#10432=CARTESIAN_POINT('Ctrl Pts',(-4.04005589654104,2.98776979919015,21.7494408066367));
#10433=CARTESIAN_POINT('Ctrl Pts',(-4.97706466356269,0.691120362032535,
21.8685186796508));
#10434=CARTESIAN_POINT('Ctrl Pts',(-4.70127185319426,-1.77393996022909,
21.9875965526651));
#10435=CARTESIAN_POINT('Ctrl Pts',(-3.27988212881995,-3.80672999320593,
22.1066744256793));
#10436=CARTESIAN_POINT('Ctrl Pts',(-1.05925701405395,-4.91190335798688,
22.2257522986936));
#10437=CARTESIAN_POINT('Ctrl Pts',(1.41948581960607,-4.82015352746553,22.3448301717077));
#10438=CARTESIAN_POINT('Ctrl Pts',(3.55233106946136,-3.55383792433438,22.463908044722));
#10439=CARTESIAN_POINT('Ctrl Pts',(4.81955109344227,-1.42152990783228,22.5829859177362));
#10440=CARTESIAN_POINT('Ctrl Pts',(4.91235214453017,1.05717379225293,22.7020637907504));
#10441=CARTESIAN_POINT('Ctrl Pts',(3.8081206415005,3.27826740826703,22.8211416637646));
#10442=CARTESIAN_POINT('Ctrl Pts',(1.77593359846533,4.7005191072775,22.9402195367788));
#10443=CARTESIAN_POINT('Ctrl Pts',(-0.68900953722984,4.97735731724137,23.0592974097931));
#10444=CARTESIAN_POINT('Ctrl Pts',(-2.98605615459042,4.04132264185436,23.1783752828073));
#10445=CARTESIAN_POINT('Ctrl Pts',(-4.55546632192739,2.12050620093327,23.2974531558215));
#10446=CARTESIAN_POINT('Ctrl Pts',(-5.01480920679336,-0.317031106264063,
23.4165310288357));
#10447=CARTESIAN_POINT('Ctrl Pts',(-4.25215295900339,-2.67731492068598,
23.5356089018499));
#10448=CARTESIAN_POINT('Ctrl Pts',(-2.45334030125349,-4.38519568992739,
23.6546867748642));
#10449=CARTESIAN_POINT('Ctrl Pts',(-0.0567022395095002,-5.02450052906155,
23.7737646478783));
#10450=CARTESIAN_POINT('Ctrl Pts',(2.35375263872319,-4.43944441704615,23.8928425208926));
#10451=CARTESIAN_POINT('Ctrl Pts',(4.19065012472175,-2.77259357003394,24.0119203939068));
#10452=CARTESIAN_POINT('Ctrl Pts',(5.006376969489,-0.430121322545141,24.130998266921));
#10453=CARTESIAN_POINT('Ctrl Pts',(4.60216152007871,2.01715989293363,24.2500761399352));
#10454=CARTESIAN_POINT('Ctrl Pts',(3.07649617622901,3.97290768585337,24.3691540129495));
#10455=CARTESIAN_POINT('Ctrl Pts',(0.801163933064489,4.96053669429164,24.4882318859637));
#10456=CARTESIAN_POINT('Ctrl Pts',(-1.66940959412588,4.73940772382154,24.6073097589779));
#10457=CARTESIAN_POINT('Ctrl Pts',(-3.73315496888025,3.36335758136821,24.7263876319921));
#10458=CARTESIAN_POINT('Ctrl Pts',(-4.88727006443157,1.16779211729966,24.8454655050063));
#10459=CARTESIAN_POINT('Ctrl Pts',(-4.85035179721062,-1.31245824127031,
24.9645433780205));
#10460=CARTESIAN_POINT('Ctrl Pts',(-3.6317303016569,-3.47265598369767,25.0836212510348));
#10461=CARTESIAN_POINT('Ctrl Pts',(-1.52769038362881,-4.78712551274476,
25.202699124049));
#10462=CARTESIAN_POINT('Ctrl Pts',(0.12250178017278,-4.88496940464243,25.2820843727251));
#10463=CARTESIAN_POINT('Ctrl Pts',(0.909553248443675,-4.73374337419024,
25.3217769970632));
#10464=CARTESIAN_POINT('Ctrl Pts',(1.17829036123934,-4.38615639663266,-0.32177610299352));
#10465=CARTESIAN_POINT('Ctrl Pts',(1.90755060184672,-4.19024903842663,-0.282083478655447));
#10466=CARTESIAN_POINT('Ctrl Pts',(3.26573336463485,-3.42787064320785,-0.202698229979302));
#10467=CARTESIAN_POINT('Ctrl Pts',(4.50759278472752,-1.44758244067235,-0.0836203569650848));
#10468=CARTESIAN_POINT('Ctrl Pts',(4.65087166161786,0.884858083302347,0.0354575160491329));
#10469=CARTESIAN_POINT('Ctrl Pts',(3.66092561809482,3.00196857747998,0.15453538906335));
#10470=CARTESIAN_POINT('Ctrl Pts',(1.77884590072809,4.3874173803446,0.273613262077568));
#10471=CARTESIAN_POINT('Ctrl Pts',(-0.536675821827181,4.70382438180099,
0.392691135091785));
#10472=CARTESIAN_POINT('Ctrl Pts',(-2.72143359108478,3.87397368203088,0.511769008106003));
#10473=CARTESIAN_POINT('Ctrl Pts',(-4.24303139110813,2.10014039583767,0.63084688112022));
#10474=CARTESIAN_POINT('Ctrl Pts',(-4.73069863918028,-0.185461280392743,
0.749924754134437));
#10475=CARTESIAN_POINT('Ctrl Pts',(-4.06559666685618,-2.42586487385454,
0.869002627148656));
#10476=CARTESIAN_POINT('Ctrl Pts',(-2.40979873449739,-4.07514104883441,
0.988080500162871));
#10477=CARTESIAN_POINT('Ctrl Pts',(-0.166785233153233,-4.73139328739162,
1.10715837317709));
#10478=CARTESIAN_POINT('Ctrl Pts',(2.11686995236538,-4.23470938470026,1.22623624619131));
#10479=CARTESIAN_POINT('Ctrl Pts',(3.88469043915108,-2.70611925390178,1.34531411920553));
#10480=CARTESIAN_POINT('Ctrl Pts',(4.70589694739578,-0.51810735602719,1.46439199221974));
#10481=CARTESIAN_POINT('Ctrl Pts',(4.38037953747605,1.79615604454459,1.58346986523396));
#10482=CARTESIAN_POINT('Ctrl Pts',(2.98745962263949,3.6727355341142,1.70254773824818));
#10483=CARTESIAN_POINT('Ctrl Pts',(0.866561281060852,4.65434989353061,1.8216256112624));
#10484=CARTESIAN_POINT('Ctrl Pts',(-1.46549905653647,4.50180117929311,1.94070348427661));
#10485=CARTESIAN_POINT('Ctrl Pts',(-3.44044939097132,3.25226218913399,2.05978135729083));
#10486=CARTESIAN_POINT('Ctrl Pts',(-4.57703761337949,1.21021817913987,2.17885923030505));
#10487=CARTESIAN_POINT('Ctrl Pts',(-4.59830208268083,-1.12672947531944,
2.29793710331926));
#10488=CARTESIAN_POINT('Ctrl Pts',(-3.49906111457875,-3.18911785178828,
2.41701497633348));
#10489=CARTESIAN_POINT('Ctrl Pts',(-1.54717564078061,-4.47438810243919,
2.5360928493477));
#10490=CARTESIAN_POINT('Ctrl Pts',(0.78172262753068,-4.6693480368337,2.65517072236191));
#10491=CARTESIAN_POINT('Ctrl Pts',(2.92013222437481,-3.72649019149525,2.77424859537614));
#10492=CARTESIAN_POINT('Ctrl Pts',(4.34696959794607,-1.87556835912869,2.89332646839035));
#10493=CARTESIAN_POINT('Ctrl Pts',(4.71454575198151,0.432388376014285,3.01240434140457));
#10494=CARTESIAN_POINT('Ctrl Pts',(3.93329043380471,2.63498154045709,3.13148221441879));
#10495=CARTESIAN_POINT('Ctrl Pts',(2.19357844188056,4.19548745374732,3.250560087433));
#10496=CARTESIAN_POINT('Ctrl Pts',(-0.0806605402068734,4.73364502603154,
3.36963796044722));
#10497=CARTESIAN_POINT('Ctrl Pts',(-2.33524431646262,4.11831705161894,3.48871583346144));
#10498=CARTESIAN_POINT('Ctrl Pts',(-4.02078023377758,2.49944547187724,3.60779370647565));
#10499=CARTESIAN_POINT('Ctrl Pts',(-4.72654013058165,0.271513810377165,
3.72687157948987));
#10500=CARTESIAN_POINT('Ctrl Pts',(-4.28054578799168,-2.02257981601009,
3.84594945250409));
#10501=CARTESIAN_POINT('Ctrl Pts',(-2.79147625254736,-3.82381506962463,
3.96502732551831));
#10502=CARTESIAN_POINT('Ctrl Pts',(-0.622185134462262,-4.69327039639512,
4.08410519853253));
#10503=CARTESIAN_POINT('Ctrl Pts',(1.69871886461127,-4.41907858882801,4.20318307154674));
#10504=CARTESIAN_POINT('Ctrl Pts',(3.60568230678657,-3.06805418103246,4.32226094456096));
#10505=CARTESIAN_POINT('Ctrl Pts',(4.63401999565872,-0.969412211115369,
4.44133881757518));
#10506=CARTESIAN_POINT('Ctrl Pts',(4.53314857427621,1.36545426827925,4.56041669058939));
#10507=CARTESIAN_POINT('Ctrl Pts',(3.32764819725557,3.36758946882281,4.67949456360361));
#10508=CARTESIAN_POINT('Ctrl Pts',(1.31127288581864,4.54911692245223,4.79857243661783));
#10509=CARTESIAN_POINT('Ctrl Pts',(-1.02463088904389,4.62212428396746,4.91765030963205));
#10510=CARTESIAN_POINT('Ctrl Pts',(-3.110854572832,3.56882125945173,5.03672818264626));
#10511=CARTESIAN_POINT('Ctrl Pts',(-4.43903117706281,1.6458747109938,5.15580605566048));
#10512=CARTESIAN_POINT('Ctrl Pts',(-4.68551317260832,-0.678135432298262,
5.2748839286747));
#10513=CARTESIAN_POINT('Ctrl Pts',(-3.79023829923997,-2.83689883326829,
5.39396180168892));
#10514=CARTESIAN_POINT('Ctrl Pts',(-1.9713654220763,-4.30437216419148,5.51303967470314));
#10515=CARTESIAN_POINT('Ctrl Pts',(0.327886002511638,-4.72296433657733,
5.63211754771735));
#10516=CARTESIAN_POINT('Ctrl Pts',(2.54723879448514,-3.99067361219812,5.75119542073157));
#10517=CARTESIAN_POINT('Ctrl Pts',(4.14588531945474,-2.28594319114762,5.87027329374579));
#10518=CARTESIAN_POINT('Ctrl Pts',(4.73427045643179,-0.0241785148744953,
5.98935116676));
#10519=CARTESIAN_POINT('Ctrl Pts',(4.16901764302872,2.24347793555893,6.10842903977422));
#10520=CARTESIAN_POINT('Ctrl Pts',(2.58786660136361,3.96444798285602,6.22750691278843));
#10521=CARTESIAN_POINT('Ctrl Pts',(0.376109186588061,4.71936894457178,6.34658478580267));
#10522=CARTESIAN_POINT('Ctrl Pts',(-1.92729779386558,4.32428312775485,6.46566265881686));
#10523=CARTESIAN_POINT('Ctrl Pts',(-3.76106454207042,2.87546428696396,6.5847405318311));
#10524=CARTESIAN_POINT('Ctrl Pts',(-4.67834229170803,0.725957820290229,
6.70381840484531));
#10525=CARTESIAN_POINT('Ctrl Pts',(-4.45561055894472,-1.60044865654752,
6.82289627785953));
#10526=CARTESIAN_POINT('Ctrl Pts',(-3.14714418549779,-3.53686087242797,
6.94197415087375));
#10527=CARTESIAN_POINT('Ctrl Pts',(-1.07178774923748,-4.61141761021585,
7.06105202388795));
#10528=CARTESIAN_POINT('Ctrl Pts',(1.26473987140096,-4.56227294371053,7.18012989690219));
#10529=CARTESIAN_POINT('Ctrl Pts',(3.29307810437473,-3.40140235104762,7.29920776991639));
#10530=CARTESIAN_POINT('Ctrl Pts',(4.51896537690282,-1.41168455314119,7.41828564293062));
#10531=CARTESIAN_POINT('Ctrl Pts',(4.64367982814331,0.922029830819431,7.53736351594482));
#10532=CARTESIAN_POINT('Ctrl Pts',(3.6368312796642,3.03106575291229,7.65644138895905));
#10533=CARTESIAN_POINT('Ctrl Pts',(1.74376665587736,4.40149738215061,7.77551926197327));
#10534=CARTESIAN_POINT('Ctrl Pts',(-0.574215684240216,4.6993805659038,7.89459713498748));
#10535=CARTESIAN_POINT('Ctrl Pts',(-2.75227424704898,3.85212770092708,8.0136750080017));
#10536=CARTESIAN_POINT('Ctrl Pts',(-4.25966389678535,2.06619574137535,8.13275288101592));
#10537=CARTESIAN_POINT('Ctrl Pts',(-4.72906681287304,-0.223222836034003,
8.25183075403013));
#10538=CARTESIAN_POINT('Ctrl Pts',(-4.04609979250403,-2.45824690063572,
8.37090862704434));
#10539=CARTESIAN_POINT('Ctrl Pts',(-2.37718693001669,-4.094250072325,8.48998650005857));
#10540=CARTESIAN_POINT('Ctrl Pts',(-0.129005713044879,-4.73257423412076,
8.60906437307279));
#10541=CARTESIAN_POINT('Ctrl Pts',(2.15061136906998,-4.21767377763916,8.72814224608701));
#10542=CARTESIAN_POINT('Ctrl Pts',(3.90617159445945,-2.6750186594681,8.84722011910122));
#10543=CARTESIAN_POINT('Ctrl Pts',(4.70988341388189,-0.4805201213417,8.96629799211544));
#10544=CARTESIAN_POINT('Ctrl Pts',(4.36589986877559,1.83107063818155,9.08537586512965));
#10545=CARTESIAN_POINT('Ctrl Pts',(2.95804221578167,3.69646961573566,9.20445373814388));
#10546=CARTESIAN_POINT('Ctrl Pts',(0.829374498143584,4.66111995977762,9.32353161115809));
#10547=CARTESIAN_POINT('Ctrl Pts',(-1.50139359316507,4.4899575316755,9.44260948417231));
#10548=CARTESIAN_POINT('Ctrl Pts',(-3.46630499943315,3.22469084783597,9.56168735718652));
#10549=CARTESIAN_POINT('Ctrl Pts',(-4.58655379303366,1.1736376997581,9.68076523020074));
#10550=CARTESIAN_POINT('Ctrl Pts',(-4.58916005585194,-1.16340527361404,
9.79984310321496));
#10551=CARTESIAN_POINT('Ctrl Pts',(-3.47348838550464,-3.21695180150735,
9.91892097622918));
#10552=CARTESIAN_POINT('Ctrl Pts',(-1.51140412691514,-4.48659783332091,
10.0379988492434));
#10553=CARTESIAN_POINT('Ctrl Pts',(0.818976979446947,-4.66295800690956,
10.1570767222576));
#10554=CARTESIAN_POINT('Ctrl Pts',(2.94978981056496,-3.70305809198604,10.2761545952718));
#10555=CARTESIAN_POINT('Ctrl Pts',(4.36180650687144,-1.8408029465523,10.395232468286));
#10556=CARTESIAN_POINT('Ctrl Pts',(4.7109407201194,0.470013324425338,10.5143103413003));
#10557=CARTESIAN_POINT('Ctrl Pts',(3.91213330311984,2.66630195461315,10.6333882143145));
#10558=CARTESIAN_POINT('Ctrl Pts',(2.16000256379734,4.21286284115674,10.7524660873287));
#10559=CARTESIAN_POINT('Ctrl Pts',(-0.118430219651014,4.732857751639,10.8715439603429));
#10560=CARTESIAN_POINT('Ctrl Pts',(-2.36808846140092,4.09952704754839,10.9906218333571));
#10561=CARTESIAN_POINT('Ctrl Pts',(-4.04053106946708,2.46729366505492,11.1096997063713));
#10562=CARTESIAN_POINT('Ctrl Pts',(-4.72870530104184,0.233713589405657,
11.2287775793856));
#10563=CARTESIAN_POINT('Ctrl Pts',(-4.26397282165705,-2.05658085947019,
11.3478554523998));
#10564=CARTESIAN_POINT('Ctrl Pts',(-2.76142191824461,-3.84619274806144,
11.466933325414));
#10565=CARTESIAN_POINT('Ctrl Pts',(-0.583597895100173,-4.69767271967662,
11.5860111984282));
#10566=CARTESIAN_POINT('Ctrl Pts',(1.73180779328612,-4.40618545367969,11.7050890714425));
#10567=CARTESIAN_POINT('Ctrl Pts',(3.63420786327412,-3.0375926898126,11.8241669444566));
#10568=CARTESIAN_POINT('Ctrl Pts',(4.6337595782559,-0.935436563154938,11.9432448174709));
#10569=CARTESIAN_POINT('Ctrl Pts',(4.50204697654434,2.18823095777309,12.1020153148232));
#10570=CARTESIAN_POINT('Ctrl Pts',(1.45507190197395,5.17040270331226,12.3004784365135));
#10571=CARTESIAN_POINT('Ctrl Pts',(-3.56829021565954,4.0146734974542,12.538634182542));
#10572=CARTESIAN_POINT('Ctrl Pts',(-5.0056748888805,0.000781280897436151,
12.7370973042323));
#10573=CARTESIAN_POINT('Ctrl Pts',(-3.75907183753359,-2.86638244360855,
12.8958678015846));
#10574=CARTESIAN_POINT('Ctrl Pts',(-1.94135572090532,-4.32036735794475,
13.0149456745988));
#10575=CARTESIAN_POINT('Ctrl Pts',(0.367859235439933,-4.71999026143133,
13.134023547613));
#10576=CARTESIAN_POINT('Ctrl Pts',(2.57784941458674,-3.97031584134989,13.2531014206273));
#10577=CARTESIAN_POINT('Ctrl Pts',(4.16460311495491,-2.25271626280586,13.3721792936415));
#10578=CARTESIAN_POINT('Ctrl Pts',(4.73400510391867,0.0135915945023302,
13.4912571666557));
#10579=CARTESIAN_POINT('Ctrl Pts',(4.15113112605836,2.27670512808388,13.6103350396699));
#10580=CARTESIAN_POINT('Ctrl Pts',(2.55605207572302,3.9849751742189,13.7294129126841));
#10581=CARTESIAN_POINT('Ctrl Pts',(0.338460431811491,4.72222505930192,13.8484907856984));
#10582=CARTESIAN_POINT('Ctrl Pts',(-1.96178163934935,4.30875631867106,13.9675686587126));
#10583=CARTESIAN_POINT('Ctrl Pts',(-3.78389074547263,2.84534623909585,14.0866465317268));
#10584=CARTESIAN_POINT('Ctrl Pts',(-4.68399465254525,0.688583465878111,
14.205724404741));
#10585=CARTESIAN_POINT('Ctrl Pts',(-4.44268810468918,-1.63596986465821,
14.3248022777552));
#10586=CARTESIAN_POINT('Ctrl Pts',(-3.11880794750578,-3.56187429284028,
14.4438801507695));
#10587=CARTESIAN_POINT('Ctrl Pts',(-1.03493643529053,-4.61982745717243,
14.5629580237837));
#10588=CARTESIAN_POINT('Ctrl Pts',(1.30112321748189,-4.55203021079559,14.6820358967979));
#10589=CARTESIAN_POINT('Ctrl Pts',(3.32012929276567,-3.37500281957443,14.8011137698121));
#10590=CARTESIAN_POINT('Ctrl Pts',(4.53009178769508,-1.37556128635351,14.9201916428263));
#10591=CARTESIAN_POINT('Ctrl Pts',(4.6361706287724,0.959074423498009,15.0392695158405));
#10592=CARTESIAN_POINT('Ctrl Pts',(3.61251607695287,3.06000469614706,15.1583473888548));
#10593=CARTESIAN_POINT('Ctrl Pts',(1.70857064490067,4.41527889997858,15.277425261869));
#10594=CARTESIAN_POINT('Ctrl Pts',(-0.611716064987971,4.69464639921712,
15.3965031348832));
#10595=CARTESIAN_POINT('Ctrl Pts',(-2.78294094692293,3.83003146508588,15.5155810078974));
#10596=CARTESIAN_POINT('Ctrl Pts',(-4.27602412838908,2.03212180339608,15.6346588809116));
#10597=CARTESIAN_POINT('Ctrl Pts',(-4.72713393852056,-0.260971403553125,
15.7537367539258));
#10598=CARTESIAN_POINT('Ctrl Pts',(-4.02634481529112,-2.49047159946714,
15.8728146269401));
#10599=CARTESIAN_POINT('Ctrl Pts',(-2.34442370293514,-4.11309844946364,
15.9918924999543));
#10600=CARTESIAN_POINT('Ctrl Pts',(-0.0912179173928657,-4.73345335319834,
16.1109703729685));
#10601=CARTESIAN_POINT('Ctrl Pts',(2.18421567595869,-4.20036941665352,16.2300482459827));
#10602=CARTESIAN_POINT('Ctrl Pts',(3.92740377972425,-2.64374751176869,16.3491261189969));
#10603=CARTESIAN_POINT('Ctrl Pts',(4.71356965846535,-0.442902280623093,
16.4682039920111));
#10604=CARTESIAN_POINT('Ctrl Pts',(4.35114191752334,1.86586852932234,16.5872818650253));
#10605=CARTESIAN_POINT('Ctrl Pts',(2.92843625423579,3.71996807246133,16.7063597380396));
#10606=CARTESIAN_POINT('Ctrl Pts',(0.792134857595756,4.66759292597379,16.8254376110538));
#10607=CARTESIAN_POINT('Ctrl Pts',(-1.5371924428038,4.47782768192442,16.944515484068));
#10608=CARTESIAN_POINT('Ctrl Pts',(-3.49193963516945,3.19691397124808,17.0635933570822));
#10609=CARTESIAN_POINT('Ctrl Pts',(-4.59577767043199,1.1369823917635,17.1826712300964));
#10610=CARTESIAN_POINT('Ctrl Pts',(-4.57972541195123,-1.20000687762783,
17.3017491031107));
#10611=CARTESIAN_POINT('Ctrl Pts',(-3.44769444330347,-3.24458077119961,
17.4208269761249));
#10612=CARTESIAN_POINT('Ctrl Pts',(-1.47553590110223,-4.49852144151643,
17.5399048491391));
#10613=CARTESIAN_POINT('Ctrl Pts',(0.856178401236913,-4.65627102953425,
17.6589827221533));
#10614=CARTESIAN_POINT('Ctrl Pts',(2.97926079184797,-3.67938941801242,17.7780605951675));
#10615=CARTESIAN_POINT('Ctrl Pts',(4.37636262321873,-1.80592124560252,17.8971384681817));
#10616=CARTESIAN_POINT('Ctrl Pts',(4.70704079898456,0.507610354424715,18.016216341196));
#10617=CARTESIAN_POINT('Ctrl Pts',(3.89071629510439,2.69744843625113,18.1352942142102));
#10618=CARTESIAN_POINT('Ctrl Pts',(2.12630950198849,4.22997745348341,18.2543720872244));
#10619=CARTESIAN_POINT('Ctrl Pts',(-0.156232314954659,4.73175367268716,
18.3734499602386));
#10620=CARTESIAN_POINT('Ctrl Pts',(-2.40070374084891,4.08050522654958,18.4925278332528));
#10621=CARTESIAN_POINT('Ctrl Pts',(-4.06017628073733,2.43492708814091,18.6116057062671));
#10622=CARTESIAN_POINT('Ctrl Pts',(-4.73027284690454,0.196010584056131,
18.7306835792813));
#10623=CARTESIAN_POINT('Ctrl Pts',(-4.24770559251878,-2.09066940344692,
18.8497614522955));
#10624=CARTESIAN_POINT('Ctrl Pts',(-2.73006558116488,-3.867899078022,18.9688393253097));
#10625=CARTESIAN_POINT('Ctrl Pts',(-0.547168421863349,-4.70260651908493,
19.0879171983239));
#10626=CARTESIAN_POINT('Ctrl Pts',(1.76906168968925,-4.39139181732833,19.2069950713381));
#10627=CARTESIAN_POINT('Ctrl Pts',(3.65421023955867,-3.01009117475352,19.3260729443524));
#10628=CARTESIAN_POINT('Ctrl Pts',(4.64890784248328,-0.895297284326244,
19.4451508173666));
#10629=CARTESIAN_POINT('Ctrl Pts',(4.51076849317536,1.43766093227886,19.5642286903808));
#10630=CARTESIAN_POINT('Ctrl Pts',(3.27345372349481,3.42029268855202,19.683306563395));
#10631=CARTESIAN_POINT('Ctrl Pts',(1.23847002488643,4.56947407834667,19.8023844364092));
#10632=CARTESIAN_POINT('Ctrl Pts',(-1.09830167554095,4.60517478329851,19.9214623094235));
#10633=CARTESIAN_POINT('Ctrl Pts',(-3.16744132884928,3.51869532405435,20.0405401824376));
#10634=CARTESIAN_POINT('Ctrl Pts',(-4.46474495035705,1.57478693272638,20.1596180554519));
#10635=CARTESIAN_POINT('Ctrl Pts',(-4.67408808019021,-0.752862519885459,
20.2786959284661));
#10636=CARTESIAN_POINT('Ctrl Pts',(-3.74445838573082,-2.89705587670562,
20.3977738014803));
#10637=CARTESIAN_POINT('Ctrl Pts',(-1.90238624905109,-4.33530021044054,
20.5168516744946));
#10638=CARTESIAN_POINT('Ctrl Pts',(0.403255722386415,-4.71712689860969,
20.6359295475087));
#10639=CARTESIAN_POINT('Ctrl Pts',(2.6106331123358,-3.94949314570876,20.755007420523));
#10640=CARTESIAN_POINT('Ctrl Pts',(4.18185642941885,-2.21945447327772,20.8740852935371));
#10641=CARTESIAN_POINT('Ctrl Pts',(4.73405298738122,0.0514166110479927,
20.9931631665514));
#10642=CARTESIAN_POINT('Ctrl Pts',(4.13266458740476,2.30975859414677,21.1122410395656));
#10643=CARTESIAN_POINT('Ctrl Pts',(2.524236402081,4.00526303026821,21.2313189125798));
#10644=CARTESIAN_POINT('Ctrl Pts',(0.30070712864396,4.72477264828786,21.3503967855941));
#10645=CARTESIAN_POINT('Ctrl Pts',(-1.99609788151792,4.29295872361,21.4694746586083));
#10646=CARTESIAN_POINT('Ctrl Pts',(-3.80649758594645,2.81504484572062,21.5885525316225));
#10647=CARTESIAN_POINT('Ctrl Pts',(-4.68933725475705,0.651166235577982,
21.7076304046367));
#10648=CARTESIAN_POINT('Ctrl Pts',(-4.4294882096516,-1.67138731471692,21.8267082776509));
#10649=CARTESIAN_POINT('Ctrl Pts',(-3.09026996785643,-3.58666040781626,
21.9457861506651));
#10650=CARTESIAN_POINT('Ctrl Pts',(-0.998020663611444,-4.62794296746914,
22.0648640236794));
#10651=CARTESIAN_POINT('Ctrl Pts',(1.33742440302419,-4.54149725549532,22.1839418966936));
#10652=CARTESIAN_POINT('Ctrl Pts',(3.3469684545613,-3.34838819715483,22.3030197697078));
#10653=CARTESIAN_POINT('Ctrl Pts',(4.54092964858246,-1.33935032115447,22.422097642722));
#10654=CARTESIAN_POINT('Ctrl Pts',(4.62836580936474,0.996057874244261,22.5411755157362));
#10655=CARTESIAN_POINT('Ctrl Pts',(3.58797066181069,3.08874859536949,22.6602533887505));
#10656=CARTESIAN_POINT('Ctrl Pts',(1.67326569940461,4.42877898047548,22.7793312617647));
#10657=CARTESIAN_POINT('Ctrl Pts',(-0.649177438956957,4.68961298993248,
22.8984091347789));
#10658=CARTESIAN_POINT('Ctrl Pts',(-2.81343026805162,3.80769109987316,23.0174870077931));
#10659=CARTESIAN_POINT('Ctrl Pts',(-4.2921117928401,1.99791833121609,23.1365648808073));
#10660=CARTESIAN_POINT('Ctrl Pts',(-4.72489976091277,-0.298703327767641,
23.2556427538215));
#10661=CARTESIAN_POINT('Ctrl Pts',(-4.00633317657294,-2.52253756962495,
23.3747206268357));
#10662=CARTESIAN_POINT('Ctrl Pts',(-2.31151107147353,-4.1316846189932,23.49379849985));
#10663=CARTESIAN_POINT('Ctrl Pts',(-0.0534242454406311,-4.73403082141371,
23.6128763728642));
#10664=CARTESIAN_POINT('Ctrl Pts',(2.21768063775697,-4.18279719122148,23.7319542458784));
#10665=CARTESIAN_POINT('Ctrl Pts',(3.94838586192752,-2.61230809706884,23.8510321188926));
#10666=CARTESIAN_POINT('Ctrl Pts',(4.71695499683892,-0.405255723648263,
23.9701099919068));
#10667=CARTESIAN_POINT('Ctrl Pts',(4.33610751061976,1.90054654181735,24.0891878649211));
#10668=CARTESIAN_POINT('Ctrl Pts',(2.89864189206281,3.74323125784885,24.2082657379353));
#10669=CARTESIAN_POINT('Ctrl Pts',(0.754848114791761,4.6737647783503,24.3273436109495));
#10670=CARTESIAN_POINT('Ctrl Pts',(-1.57289991839881,4.46541942030762,24.4464214839637));
#10671=CARTESIAN_POINT('Ctrl Pts',(-3.51733880443907,3.16891964913505,24.5654993569779));
#10672=CARTESIAN_POINT('Ctrl Pts',(-4.60473374095016,1.10028128056206,24.6845772299922));
#10673=CARTESIAN_POINT('Ctrl Pts',(-4.56994974324007,-1.23658415996874,
24.8036551030063));
#10674=CARTESIAN_POINT('Ctrl Pts',(-3.42177756448899,-3.27189943834318,
24.9227329760206));
#10675=CARTESIAN_POINT('Ctrl Pts',(-1.4393735894435,-4.51037861220851,25.0418108490348));
#10676=CARTESIAN_POINT('Ctrl Pts',(0.115419871022344,-4.60256608382914,
25.1211960977109));
#10677=CARTESIAN_POINT('Ctrl Pts',(0.856971371969095,-4.46008253048489,
25.160888722049));
#10678=CARTESIAN_POINT('Ctrl Pts',(1.10599305907449,-4.11703149772734,-0.482664378007696));
#10679=CARTESIAN_POINT('Ctrl Pts',(1.79050749702882,-3.93314458366519,-0.442971753669624));
#10680=CARTESIAN_POINT('Ctrl Pts',(3.06535515598643,-3.2175440481457,-0.363586504993479));
#10681=CARTESIAN_POINT('Ctrl Pts',(4.23101681643157,-1.35876196945018,-0.244508631979261));
#10682=CARTESIAN_POINT('Ctrl Pts',(4.36550441691236,0.830565139622291,-0.125430758965044));
#10683=CARTESIAN_POINT('Ctrl Pts',(3.43629928292217,2.81777439540487,-0.00635288595082617));
#10684=CARTESIAN_POINT('Ctrl Pts',(1.66969983298434,4.1182151102552,0.112724987063391));
#10685=CARTESIAN_POINT('Ctrl Pts',(-0.503746575071401,4.41520807477819,
0.231802860077609));
#10686=CARTESIAN_POINT('Ctrl Pts',(-2.55445241808317,3.63627518675177,0.350880733091826));
#10687=CARTESIAN_POINT('Ctrl Pts',(-3.98268832740417,1.97128040531141,0.469958606106044));
#10688=CARTESIAN_POINT('Ctrl Pts',(-4.44043338689736,-0.174081784582955,
0.58903647912026));
#10689=CARTESIAN_POINT('Ctrl Pts',(-3.81614060715036,-2.27701914654868,
0.70811435213448));
#10690=CARTESIAN_POINT('Ctrl Pts',(-2.2619387901275,-3.82509936686556,0.827192225148694));
#10691=CARTESIAN_POINT('Ctrl Pts',(-0.15655165848049,-4.44108541302395,
0.946270098162914));
#10692=CARTESIAN_POINT('Ctrl Pts',(1.9869834730863,-3.97487694098581,1.06534797117713));
#10693=CARTESIAN_POINT('Ctrl Pts',(3.64633438725161,-2.54007773491008,1.18442584419135));
#10694=CARTESIAN_POINT('Ctrl Pts',(4.41715347231153,-0.486317429448204,
1.30350371720557));
#10695=CARTESIAN_POINT('Ctrl Pts',(4.1116090939289,1.68594786449034,1.42258159021978));
#10696=CARTESIAN_POINT('Ctrl Pts',(2.80415567808707,3.44738456849809,1.541659463234));
#10697=CARTESIAN_POINT('Ctrl Pts',(0.813390988879795,4.36876923217343,1.66073733624822));
#10698=CARTESIAN_POINT('Ctrl Pts',(-1.3755792612143,4.22558057115447,1.77981520926243));
#10699=CARTESIAN_POINT('Ctrl Pts',(-3.22935099164274,3.05271054215299,1.89889308227665));
#10700=CARTESIAN_POINT('Ctrl Pts',(-4.29620066330351,1.13596185636843,2.01797095529087));
#10701=CARTESIAN_POINT('Ctrl Pts',(-4.31616039158937,-1.05759583558608,
2.13704882830509));
#10702=CARTESIAN_POINT('Ctrl Pts',(-3.28436642894294,-2.99344060231342,
2.2561267013193));
#10703=CARTESIAN_POINT('Ctrl Pts',(-1.45224435008757,-4.19984950033724,
2.37520457433353));
#10704=CARTESIAN_POINT('Ctrl Pts',(0.733757848329533,-4.38284712242687,
2.49428244734774));
#10705=CARTESIAN_POINT('Ctrl Pts',(2.74095934073611,-3.49784095846112,2.61336032036196));
#10706=CARTESIAN_POINT('Ctrl Pts',(4.08024911472531,-1.76048761430435,2.73243819337617));
#10707=CARTESIAN_POINT('Ctrl Pts',(4.42527160529112,0.405857977309846,2.85151606639039));
#10708=CARTESIAN_POINT('Ctrl Pts',(3.69195239324245,2.47330487492886,2.97059393940461));
#10709=CARTESIAN_POINT('Ctrl Pts',(2.05898529858426,3.93806158135592,3.08967181241883));
#10710=CARTESIAN_POINT('Ctrl Pts',(-0.0757113870609716,4.44319898993889,
3.20874968543305));
#10711=CARTESIAN_POINT('Ctrl Pts',(-2.19195886702682,3.86562618518566,3.32782755844726));
#10712=CARTESIAN_POINT('Ctrl Pts',(-3.77407401172708,2.34608500108904,3.44690543146148));
#10713=CARTESIAN_POINT('Ctrl Pts',(-4.43653003522999,0.254854320800992,
3.56598330447569));
#10714=CARTESIAN_POINT('Ctrl Pts',(-4.01790092349546,-1.89847877188646,
3.68506117748991));
#10715=CARTESIAN_POINT('Ctrl Pts',(-2.62019741606078,-3.5891941963618,3.80413905050413));
#10716=CARTESIAN_POINT('Ctrl Pts',(-0.584009224560579,-4.40530165867869,
3.92321692351834));
#10717=CARTESIAN_POINT('Ctrl Pts',(1.59448921537715,-4.14793365669883,4.04229479653257));
#10718=CARTESIAN_POINT('Ctrl Pts',(3.38444557955915,-2.87980513183296,4.16137266954678));
#10719=CARTESIAN_POINT('Ctrl Pts',(4.34968673207188,-0.909931212326934,
4.280450542561));
#10720=CARTESIAN_POINT('Ctrl Pts',(4.25500455900319,1.28167300088245,4.39952841557522));
#10721=CARTESIAN_POINT('Ctrl Pts',(3.12347103080378,3.16096159389173,4.51860628858943));
#10722=CARTESIAN_POINT('Ctrl Pts',(1.23081606875116,4.2699931244948,4.63768416160366));
#10723=CARTESIAN_POINT('Ctrl Pts',(-0.961761793760164,4.3385209150576,4.75676203461787));
#10724=CARTESIAN_POINT('Ctrl Pts',(-2.91997938583108,3.34984624492684,4.87583990763209));
#10725=CARTESIAN_POINT('Ctrl Pts',(-4.16666199805183,1.54488746267153,4.9949177806463));
#10726=CARTESIAN_POINT('Ctrl Pts',(-4.39802040106333,-0.636526535314675,
5.11399565366053));
#10727=CARTESIAN_POINT('Ctrl Pts',(-3.55767762267742,-2.6628329672417,5.23307352667473));
#10728=CARTESIAN_POINT('Ctrl Pts',(-1.85040678039881,-4.04026536571338,
5.35215139968897));
#10729=CARTESIAN_POINT('Ctrl Pts',(0.307767639348357,-4.43317364407248,
5.47122927270317));
#10730=CARTESIAN_POINT('Ctrl Pts',(2.39094583065471,-3.74581466615793,5.5903071457174));
#10731=CARTESIAN_POINT('Ctrl Pts',(3.89150292480782,-2.14568275020821,5.70938501873161));
#10732=CARTESIAN_POINT('Ctrl Pts',(4.44378604530688,-0.0226949744388946,
5.82846289174583));
#10733=CARTESIAN_POINT('Ctrl Pts',(3.91321589994086,2.10582306920097,5.94754076476004));
#10734=CARTESIAN_POINT('Ctrl Pts',(2.42908080475884,3.72119818368775,6.06661863777426));
#10735=CARTESIAN_POINT('Ctrl Pts',(0.353031955029336,4.42979885740393,6.18569651078849));
#10736=CARTESIAN_POINT('Ctrl Pts',(-1.80904304482546,4.05895463639316,6.30477438380269));
#10737=CARTESIAN_POINT('Ctrl Pts',(-3.530293903012,2.69903212961336,6.42385225681692));
#10738=CARTESIAN_POINT('Ctrl Pts',(-4.39128950962598,0.681414646876459,
6.54293012983113));
#10739=CARTESIAN_POINT('Ctrl Pts',(-4.18222410556653,-1.50224865090541,
6.66200800284536));
#10740=CARTESIAN_POINT('Ctrl Pts',(-2.95404234776744,-3.31984687687936,
6.78108587585956));
#10741=CARTESIAN_POINT('Ctrl Pts',(-1.00602521284389,-4.32847117923306,
6.90016374887378));
#10742=CARTESIAN_POINT('Ctrl Pts',(1.18713821764014,-4.28234192125607,7.019241621888));
#10743=CARTESIAN_POINT('Ctrl Pts',(3.09102208270448,-3.19269979211363,7.13831949490222));
#10744=CARTESIAN_POINT('Ctrl Pts',(4.24169161139157,-1.32506669725671,7.25739736791643));
#10745=CARTESIAN_POINT('Ctrl Pts',(4.35875385850457,0.865456110557774,7.37647524093066));
#10746=CARTESIAN_POINT('Ctrl Pts',(3.4136833200459,2.84508623221983,7.49555311394487));
#10747=CARTESIAN_POINT('Ctrl Pts',(1.63677297335894,4.13143119415224,7.61463098695909));
#10748=CARTESIAN_POINT('Ctrl Pts',(-0.538983074183351,4.4110369216399,7.73370885997331));
#10749=CARTESIAN_POINT('Ctrl Pts',(-2.58340075930344,3.61576962694726,7.85278673298753));
#10750=CARTESIAN_POINT('Ctrl Pts',(-3.99830029915507,1.93941852010637,7.97186460600173));
#10751=CARTESIAN_POINT('Ctrl Pts',(-4.43890168585932,-0.209526374314781,
8.09094247901597));
#10752=CARTESIAN_POINT('Ctrl Pts',(-3.79784001807957,-2.30741428346643,
8.21002035203017));
#10753=CARTESIAN_POINT('Ctrl Pts',(-2.23132797416392,-3.84303590274969,
8.3290982250444));
#10754=CARTESIAN_POINT('Ctrl Pts',(-0.121090206541724,-4.44219389946204,
8.44817609805861));
#10755=CARTESIAN_POINT('Ctrl Pts',(2.01865459075494,-3.95888660126438,8.56725397107283));
#10756=CARTESIAN_POINT('Ctrl Pts',(3.66649750616821,-2.51088540447248,8.68633184408704));
#10757=CARTESIAN_POINT('Ctrl Pts',(4.42089533799159,-0.451036464722127,
8.80540971710126));
#10758=CARTESIAN_POINT('Ctrl Pts',(4.09801786581806,1.7187201755379,8.92448759011548));
#10759=CARTESIAN_POINT('Ctrl Pts',(2.77654325854178,3.46966237912978,9.0435654631297));
#10760=CARTESIAN_POINT('Ctrl Pts',(0.778485905083177,4.37512390206209,9.16264333614391));
#10761=CARTESIAN_POINT('Ctrl Pts',(-1.40927138810922,4.21446362367692,9.28172120915814));
#10762=CARTESIAN_POINT('Ctrl Pts',(-3.25362015689913,3.02683091764948,9.40079908217234));
#10763=CARTESIAN_POINT('Ctrl Pts',(-4.30513295112716,1.10162587465735,9.51987695518658));
#10764=CARTESIAN_POINT('Ctrl Pts',(-4.30757929939747,-1.09202128765137,
9.63895482820078));
#10765=CARTESIAN_POINT('Ctrl Pts',(-3.26036278621789,-3.01956672216348,
9.75803270121501));
#10766=CARTESIAN_POINT('Ctrl Pts',(-1.41866769754993,-4.21131006901587,
9.87711057422921));
#10767=CARTESIAN_POINT('Ctrl Pts',(0.768726355240152,-4.37684917066909,
9.99618844724344));
#10768=CARTESIAN_POINT('Ctrl Pts',(2.76879720273873,-3.47584660098418,10.1152663202577));
#10769=CARTESIAN_POINT('Ctrl Pts',(4.09417566358744,-1.72785533089596,10.2343441932719));
#10770=CARTESIAN_POINT('Ctrl Pts',(4.42188777024638,0.441174341730323,10.3534220662861));
#10771=CARTESIAN_POINT('Ctrl Pts',(3.67209341751191,2.50270353743469,10.4724999393003));
#10772=CARTESIAN_POINT('Ctrl Pts',(2.02746956245168,3.95437085325163,10.5915778123145));
#10773=CARTESIAN_POINT('Ctrl Pts',(-0.111163602137013,4.44246002096963,
10.7106556853287));
#10774=CARTESIAN_POINT('Ctrl Pts',(-2.22278776754909,3.84798909439239,10.829733558343));
#10775=CARTESIAN_POINT('Ctrl Pts',(-3.79261297962675,2.31590595834036,10.9488114313572));
#10776=CARTESIAN_POINT('Ctrl Pts',(-4.43856235559809,0.219373438158455,
11.0678893043714));
#10777=CARTESIAN_POINT('Ctrl Pts',(-4.00234483788418,-1.93039358618453,
11.1869671773856));
#10778=CARTESIAN_POINT('Ctrl Pts',(-2.59198714953617,-3.61019882972167,
11.3060450503998));
#10779=CARTESIAN_POINT('Ctrl Pts',(-0.547789613243015,-4.40943386509682,
11.425122923414));
#10780=CARTESIAN_POINT('Ctrl Pts',(1.62554788024486,-4.13583161593465,11.5442007964283));
#10781=CARTESIAN_POINT('Ctrl Pts',(3.41122087070919,-2.85121269064317,11.6632786694425));
#10782=CARTESIAN_POINT('Ctrl Pts',(4.3494422933075,-0.87804023531659,11.7823565424567));
#10783=CARTESIAN_POINT('Ctrl Pts',(4.22581128682757,2.05396592432734,11.941127039809));
#10784=CARTESIAN_POINT('Ctrl Pts',(1.36579189389686,4.85315817780994,12.1395901614993));
#10785=CARTESIAN_POINT('Ctrl Pts',(-3.34934778481246,3.76834197129848,12.3777459075278));
#10786=CARTESIAN_POINT('Ctrl Pts',(-4.69853769936828,0.000733343221817373,
12.5762090292181));
#10787=CARTESIAN_POINT('Ctrl Pts',(-3.52842346643795,-2.69050752816952,
12.7349795265704));
#10788=CARTESIAN_POINT('Ctrl Pts',(-1.82223840841527,-4.05527912959673,
12.8540573995847));
#10789=CARTESIAN_POINT('Ctrl Pts',(0.345288202718627,-4.43038205162901,
12.9731352725989));
#10790=CARTESIAN_POINT('Ctrl Pts',(2.41967825050641,-3.7267060033045,13.0922131456131));
#10791=CARTESIAN_POINT('Ctrl Pts',(3.9090722375896,-2.1144945530293,13.2112910186273));
#10792=CARTESIAN_POINT('Ctrl Pts',(4.44353697423969,0.0127576441901148,
13.3303688916415));
#10793=CARTESIAN_POINT('Ctrl Pts',(3.89642686026865,2.13701151435338,13.4494467646558));
#10794=CARTESIAN_POINT('Ctrl Pts',(2.39921834836123,3.74046587178609,13.56852463767));
#10795=CARTESIAN_POINT('Ctrl Pts',(0.317693244949515,4.43247972722291,13.6876025106842));
#10796=CARTESIAN_POINT('Ctrl Pts',(-1.84141103747808,4.04438051812728,13.8066803836984));
#10797=CARTESIAN_POINT('Ctrl Pts',(-3.55171954083299,2.67076205884748,13.9257582567126));
#10798=CARTESIAN_POINT('Ctrl Pts',(-4.3965950540478,0.646333500558911,14.0448361297268));
#10799=CARTESIAN_POINT('Ctrl Pts',(-4.170094544651,-1.53559035589826,14.163914002741));
#10800=CARTESIAN_POINT('Ctrl Pts',(-2.92744475894689,-3.34332552889059,
14.2829918757553));
#10801=CARTESIAN_POINT('Ctrl Pts',(-0.971435014380223,-4.33636501649748,
14.4020697487695));
#10802=CARTESIAN_POINT('Ctrl Pts',(1.22128916171566,-4.27272765987999,14.5211476217837));
#10803=CARTESIAN_POINT('Ctrl Pts',(3.11641346973799,-3.16792007776421,14.6402254947979));
#10804=CARTESIAN_POINT('Ctrl Pts',(4.25213533011614,-1.29115987458166,14.7593033678121));
#10805=CARTESIAN_POINT('Ctrl Pts',(4.35170540707305,0.900227728595672,14.8783812408264));
#10806=CARTESIAN_POINT('Ctrl Pts',(3.39086004463488,2.8722495456165,14.9974591138406));
#10807=CARTESIAN_POINT('Ctrl Pts',(1.60373651211997,4.1443671083909,15.1165369868548));
#10808=CARTESIAN_POINT('Ctrl Pts',(-0.574182514138069,4.40659323299727,
15.235614859869));
#10809=CARTESIAN_POINT('Ctrl Pts',(-2.61218581799613,3.59502916748501,15.3546927328832));
#10810=CARTESIAN_POINT('Ctrl Pts',(-4.01365670297013,1.90743528393633,15.4737706058975));
#10811=CARTESIAN_POINT('Ctrl Pts',(-4.43708740842124,-0.244958772847041,
15.5928484789116));
#10812=CARTESIAN_POINT('Ctrl Pts',(-3.77929716277124,-2.33766174573103,
15.7119263519259));
#10813=CARTESIAN_POINT('Ctrl Pts',(-2.20057502655688,-3.86072778496812,
15.8310042249401));
#10814=CARTESIAN_POINT('Ctrl Pts',(-0.0856209868284308,-4.4430190777287,
15.9500820979543));
#10815=CARTESIAN_POINT('Ctrl Pts',(2.05019701136408,-3.94264399776748,16.0691599709685));
#10816=CARTESIAN_POINT('Ctrl Pts',(3.68642693129492,-2.481532985542,16.1882378439828));
#10817=CARTESIAN_POINT('Ctrl Pts',(4.42435540272392,-0.41572677188174,16.3073157169969));
#10818=CARTESIAN_POINT('Ctrl Pts',(4.08416542996006,1.7513829446975,16.4263935900112));
#10819=CARTESIAN_POINT('Ctrl Pts',(2.74875385360892,3.49171902229049,16.5454714630254));
#10820=CARTESIAN_POINT('Ctrl Pts',(0.743531206883825,4.38119970130486,16.6645493360396));
#10821=CARTESIAN_POINT('Ctrl Pts',(-1.44287369915727,4.20307803479864,16.7836272090538));
#10822=CARTESIAN_POINT('Ctrl Pts',(-3.27768190782988,3.00075836904893,16.9027050820681));
#10823=CARTESIAN_POINT('Ctrl Pts',(-4.31379087171778,1.06721965565236,17.0217829550823));
#10824=CARTESIAN_POINT('Ctrl Pts',(-4.29872354447298,-1.12637709783356,
17.1408608280965));
#10825=CARTESIAN_POINT('Ctrl Pts',(-3.23615150351619,-3.04550043910985,
17.2599387011107));
#10826=CARTESIAN_POINT('Ctrl Pts',(-1.38500026709698,-4.22250207086632,
17.3790165741249));
#10827=CARTESIAN_POINT('Ctrl Pts',(0.803645179700468,-4.3705724915019,17.4980944471391));
#10828=CARTESIAN_POINT('Ctrl Pts',(2.79645990950046,-3.45363018473108,17.6171723201534));
#10829=CARTESIAN_POINT('Ctrl Pts',(4.10783864868583,-1.6951138943127,17.7362501931676));
#10830=CARTESIAN_POINT('Ctrl Pts',(4.4182271396854,0.476464500751389,17.8553280661818));
#10831=CARTESIAN_POINT('Ctrl Pts',(3.65199050995156,2.53193893953877,17.974405939196));
#10832=CARTESIAN_POINT('Ctrl Pts',(1.99584383272886,3.97043535064949,18.0934838122102));
#10833=CARTESIAN_POINT('Ctrl Pts',(-0.1466462441068,4.44142368587127,18.2125616852244));
#10834=CARTESIAN_POINT('Ctrl Pts',(-2.25340184526361,3.83013441044716,18.3316395582386));
#10835=CARTESIAN_POINT('Ctrl Pts',(-3.81105280398898,2.28552532331994,18.4507174312529));
#10836=CARTESIAN_POINT('Ctrl Pts',(-4.44003372029814,0.183983806201382,
18.5697953042671));
#10837=CARTESIAN_POINT('Ctrl Pts',(-3.98707573010809,-1.96239053216019,
18.6888731772813));
#10838=CARTESIAN_POINT('Ctrl Pts',(-2.56255476825817,-3.63057330706961,
18.8079510502955));
#10839=CARTESIAN_POINT('Ctrl Pts',(-0.513595372272321,-4.41406493743685,
18.9270289233097));
#10840=CARTESIAN_POINT('Ctrl Pts',(1.66051595959162,-4.12194568453667,19.046106796324));
#10841=CARTESIAN_POINT('Ctrl Pts',(3.42999594522685,-2.82539860799433,19.1651846693382));
#10842=CARTESIAN_POINT('Ctrl Pts',(4.36366109339587,-0.840363814256762,
19.2842625423524));
#10843=CARTESIAN_POINT('Ctrl Pts',(4.23399767040145,1.34944922296619,19.4033404153666));
#10844=CARTESIAN_POINT('Ctrl Pts',(3.0726018106257,3.21043106010214,19.5224182883808));
#10845=CARTESIAN_POINT('Ctrl Pts',(1.16248023106587,4.28910121012666,19.6414961613951));
#10846=CARTESIAN_POINT('Ctrl Pts',(-1.03091230300867,4.32261139842969,19.7605740344093));
#10847=CARTESIAN_POINT('Ctrl Pts',(-2.97309410309383,3.30279592655641,19.8796519074235));
#10848=CARTESIAN_POINT('Ctrl Pts',(-4.19079803083423,1.47816147395505,19.9987297804377));
#10849=CARTESIAN_POINT('Ctrl Pts',(-4.38729632715982,-0.706668533344226,
20.1178076534519));
#10850=CARTESIAN_POINT('Ctrl Pts',(-3.5147066638614,-2.7192989069496,20.2368855264661));
#10851=CARTESIAN_POINT('Ctrl Pts',(-1.78566001754968,-4.06929573514304,
20.3559633994803));
#10852=CARTESIAN_POINT('Ctrl Pts',(0.37851283916329,-4.42769437844546,20.4750412724946));
#10853=CARTESIAN_POINT('Ctrl Pts',(2.45045041274588,-3.70716094241976,20.5941191455088));
#10854=CARTESIAN_POINT('Ctrl Pts',(3.92526692666698,-2.08327363366964,20.713197018523));
#10855=CARTESIAN_POINT('Ctrl Pts',(4.44358191967842,0.0482618010049774,
20.8322748915372));
#10856=CARTESIAN_POINT('Ctrl Pts',(3.87909338776657,2.16803689251692,20.9513527645515));
#10857=CARTESIAN_POINT('Ctrl Pts',(2.36935481440103,3.75950890965873,21.0704306375656));
#10858=CARTESIAN_POINT('Ctrl Pts',(0.282256401337806,4.43487100175804,21.1895085105799));
#10859=CARTESIAN_POINT('Ctrl Pts',(-1.87362171058589,4.02955222871548,21.3085863835941));
#10860=CARTESIAN_POINT('Ctrl Pts',(-3.57293927535186,2.64231989225108,21.4276642566083));
#10861=CARTESIAN_POINT('Ctrl Pts',(-4.40160984595141,0.611212109123436,
21.5467421296225));
#10862=CARTESIAN_POINT('Ctrl Pts',(-4.15770456610895,-1.56883466920474,
21.6658200026367));
#10863=CARTESIAN_POINT('Ctrl Pts',(-2.90065780689291,-3.36659082242658,
21.784897875651));
#10864=CARTESIAN_POINT('Ctrl Pts',(-0.936784313168935,-4.3439825769514,
21.9039757486652));
#10865=CARTESIAN_POINT('Ctrl Pts',(1.2553629864423,-4.26284098352511,22.0230536216794));
#10866=CARTESIAN_POINT('Ctrl Pts',(3.14160583966125,-3.14293846997527,22.1421314946936));
#10867=CARTESIAN_POINT('Ctrl Pts',(4.26230820372264,-1.25717073447666,22.2612093677078));
#10868=CARTESIAN_POINT('Ctrl Pts',(4.34437947419932,0.934941956235583,22.3802872407221));
#10869=CARTESIAN_POINT('Ctrl Pts',(3.36782068212087,2.89922978247196,22.4993651137363));
#10870=CARTESIAN_POINT('Ctrl Pts',(1.57059780034389,4.15703885367347,22.6184429867505));
#10871=CARTESIAN_POINT('Ctrl Pts',(-0.609345340684074,4.40186866262359,
22.7375208597647));
#10872=CARTESIAN_POINT('Ctrl Pts',(-2.64080438151282,3.57405955789195,22.8565987327789));
#10873=CARTESIAN_POINT('Ctrl Pts',(-4.02875726375281,1.8753304614989,22.9756766057932));
#10874=CARTESIAN_POINT('Ctrl Pts',(-4.43499031503218,-0.280375549271217,
23.0947544788073));
#10875=CARTESIAN_POINT('Ctrl Pts',(-3.76051339414248,-2.36776021856393,
23.2138323518216));
#10876=CARTESIAN_POINT('Ctrl Pts',(-2.16968184169358,-3.87817354805901,
23.3329102248358));
#10877=CARTESIAN_POINT('Ctrl Pts',(-0.0501462513717582,-4.44356111376587,
23.45198809785));
#10878=CARTESIAN_POINT('Ctrl Pts',(2.08160863679074,-3.92614996539681,23.5710659708642));
#10879=CARTESIAN_POINT('Ctrl Pts',(3.70612159913329,-2.45202262410373,23.6901438438785));
#10880=CARTESIAN_POINT('Ctrl Pts',(4.42753302418884,-0.380390124751385,
23.8092217168927));
#10881=CARTESIAN_POINT('Ctrl Pts',(4.07005350116082,1.78393319070107,23.9282995899069));
#10882=CARTESIAN_POINT('Ctrl Pts',(2.72078760789661,3.51355482984433,24.0473774629211));
#10883=CARTESIAN_POINT('Ctrl Pts',(0.708532296519032,4.38699286240895,24.1664553359353));
#10884=CARTESIAN_POINT('Ctrl Pts',(-1.47639024267173,4.1914311167937,24.2855332089495));
#10885=CARTESIAN_POINT('Ctrl Pts',(-3.3015226399979,2.97448171690188,24.4046110819637));
#10886=CARTESIAN_POINT('Ctrl Pts',(-4.32219741746873,1.03277044382445,24.523688954978));
#10887=CARTESIAN_POINT('Ctrl Pts',(-4.28954768926953,-1.16071007866718,
24.6427668279922));
#10888=CARTESIAN_POINT('Ctrl Pts',(-3.21182482732108,-3.07114289298869,
24.7618447010064));
#10889=CARTESIAN_POINT('Ctrl Pts',(-1.3510567952582,-4.23363171167227,24.8809225740206));
#10890=CARTESIAN_POINT('Ctrl Pts',(0.108337961871909,-4.32016276301584,
24.9603078226968));
#10891=CARTESIAN_POINT('Ctrl Pts',(0.804389495494514,-4.18642168677954,
25.0000004470348));
#10892=CARTESIAN_POINT('Ctrl Pts',(0.804389495494514,-4.18642168677954,
25.0000004470348));
#10893=CARTESIAN_POINT('Ctrl Pts',(0.680399145883059,-4.2229529890113,25.0000004470348));
#10894=CARTESIAN_POINT('Ctrl Pts',(0.554892531130268,-4.25366299283877,
25.0000004470348));
#10895=CARTESIAN_POINT('Ctrl Pts',(0.428290199003676,-4.2786364053621,25.0000004470348));
#10896=CARTESIAN_POINT('Ctrl Pts',(0.299815464423035,-4.30397916557524,
25.0000004470348));
#10897=CARTESIAN_POINT('Ctrl Pts',(0.170211682595297,-4.32341463302606,
25.0000004470348));
#10898=CARTESIAN_POINT('Ctrl Pts',(0.0398918528639848,-4.33698470068557,
25.0000004470348));
#10899=CARTESIAN_POINT('Ctrl Pts',(-0.0205525685892889,-4.34327871511494,
25.0000004470348));
#10900=CARTESIAN_POINT('Ctrl Pts',(-0.0811513356783531,-4.3483102612596,
25.0000004470348));
#10901=CARTESIAN_POINT('Ctrl Pts',(-0.141864487991026,-4.35207997025139,
25.0000004470348));
#10902=CARTESIAN_POINT('Ctrl Pts',(-0.165902170049655,-4.35357248155654,
25.0000004470348));
#10903=CARTESIAN_POINT('Ctrl Pts',(-0.189959410575817,-4.35486724195884,
25.0000004470348));
#10904=CARTESIAN_POINT('Ctrl Pts',(-0.214028675942835,-4.35596396322115,
25.0000004470348));
#10905=CARTESIAN_POINT('Ctrl Pts',(-0.347584727754059,-4.36204947349737,
25.0000004470348));
#10906=CARTESIAN_POINT('Ctrl Pts',(-0.481246685579431,-4.3620302540595,
25.0000004470348));
#10907=CARTESIAN_POINT('Ctrl Pts',(-0.614581800972347,-4.35596716272396,
25.0000004470348));
#10908=CARTESIAN_POINT('Ctrl Pts',(-0.739710607888072,-4.35027723338464,
25.0000004470348));
#10909=CARTESIAN_POINT('Ctrl Pts',(-0.864552340788189,-4.33926415780932,
25.0000004470348));
#10910=CARTESIAN_POINT('Ctrl Pts',(-0.988761279593552,-4.32293869809448,
25.0000004470348));
#10911=CARTESIAN_POINT('Ctrl Pts',(-1.05086574899623,-4.31477596823706,
25.0000004470348));
#10912=CARTESIAN_POINT('Ctrl Pts',(-1.11281214321697,-4.30528453591799,
25.0000004470348));
#10913=CARTESIAN_POINT('Ctrl Pts',(-1.17455761130252,-4.29446205079446,
25.0000004470348));
#10914=CARTESIAN_POINT('Ctrl Pts',(-1.19891044217425,-4.29019358935111,
25.0000004470348));
#10915=CARTESIAN_POINT('Ctrl Pts',(-1.22323201785859,-4.28571804638011,
25.0000004470348));
#10916=CARTESIAN_POINT('Ctrl Pts',(-1.24751970631324,-4.28103517023369,
25.0000004470348));
#10917=CARTESIAN_POINT('Ctrl Pts',(-1.26722327977151,-4.27723615105905,
25.0000004470348));
#10918=CARTESIAN_POINT('Ctrl Pts',(-1.28689947988281,-4.27330161863845,
25.0000004470348));
#10919=CARTESIAN_POINT('Ctrl Pts',(-1.30653950180731,-4.26923326661034,
25.0000004470348));
#10920=CARTESIAN_POINT('Ctrl Pts',(-1.32407181105694,-4.26560151883696,
25.0000004470348));
#10921=CARTESIAN_POINT('Ctrl Pts',(-1.34157709661345,-4.26186278635379,
25.0000004470348));
#10922=CARTESIAN_POINT('Ctrl Pts',(-1.35905436861414,-4.25801724895353,
25.0000004470348));
#10923=CARTESIAN_POINT('Ctrl Pts',(-1.4889616572891,-4.2294336497999,25.0000004470348));
#10924=CARTESIAN_POINT('Ctrl Pts',(-1.6173204948984,-4.19495359154468,25.0000004470348));
#10925=CARTESIAN_POINT('Ctrl Pts',(-1.74380536435407,-4.15487425479807,
25.0000004470348));
#10926=CARTESIAN_POINT('Ctrl Pts',(-1.87250878029346,-4.11409192589128,
25.0000004470348));
#10927=CARTESIAN_POINT('Ctrl Pts',(-1.99927258334177,-4.06751206995536,
25.0000004470348));
#10928=CARTESIAN_POINT('Ctrl Pts',(-2.12375749532894,-4.01539388550267,
25.0000004470348));
#10929=CARTESIAN_POINT('Ctrl Pts',(-2.24973200301738,-3.96265205098445,
25.0000004470348));
#10930=CARTESIAN_POINT('Ctrl Pts',(-2.37337350980203,-3.90423838014498,
25.0000004470348));
#10931=CARTESIAN_POINT('Ctrl Pts',(-2.49432327168585,-3.8403689304527,25.0000004470348));
#10932=CARTESIAN_POINT('Ctrl Pts',(-2.57355964901115,-3.79852689838456,
25.0000004470348));
#10933=CARTESIAN_POINT('Ctrl Pts',(-2.651640616854,-3.7543422857671,25.0000004470348));
#10934=CARTESIAN_POINT('Ctrl Pts',(-2.72846125996075,-3.70786440779521,
25.0000004470348));
#10935=CARTESIAN_POINT('Ctrl Pts',(-2.76420102449208,-3.68624120409041,
25.0000004470348));
#10936=CARTESIAN_POINT('Ctrl Pts',(-2.79966794095983,-3.66412151098391,
25.0000004470348));
#10937=CARTESIAN_POINT('Ctrl Pts',(-2.83485110396327,-3.64150966398007,
25.0000004470348));
#10938=CARTESIAN_POINT('Ctrl Pts',(-2.84915264373791,-3.63231821552298,
25.0000004470348));
#10939=CARTESIAN_POINT('Ctrl Pts',(-2.86340815647152,-3.62304487529343,
25.0000004470348));
#10940=CARTESIAN_POINT('Ctrl Pts',(-2.87761422727998,-3.61369167578853,
25.0000004470348));
#10941=CARTESIAN_POINT('Ctrl Pts',(-2.99463267382321,-3.53664736909528,
25.0000004470348));
#10942=CARTESIAN_POINT('Ctrl Pts',(-3.10789511314957,-3.45445425507845,
25.0000004470348));
#10943=CARTESIAN_POINT('Ctrl Pts',(-3.21704912729043,-3.3673958823605,25.0000004470348));
#10944=CARTESIAN_POINT('Ctrl Pts',(-3.2722569471299,-3.32336357631698,25.0000004470348));
#10945=CARTESIAN_POINT('Ctrl Pts',(-3.32641369780037,-3.27808583563042,
25.0000004470348));
#10946=CARTESIAN_POINT('Ctrl Pts',(-3.3794727687978,-3.23159439578024,25.0000004470348));
#10947=CARTESIAN_POINT('Ctrl Pts',(-3.48363380584322,-3.14032637134076,
25.0000004470348));
#10948=CARTESIAN_POINT('Ctrl Pts',(-3.58356630825611,-3.04438388675503,
25.0000004470348));
#10949=CARTESIAN_POINT('Ctrl Pts',(-3.67909868728622,-2.9441551344144,25.0000004470348));
#10950=CARTESIAN_POINT('Ctrl Pts',(-3.77560397747766,-2.84290564258388,
25.0000004470348));
#10951=CARTESIAN_POINT('Ctrl Pts',(-3.86761961628086,-2.73728163754868,
25.0000004470348));
#10952=CARTESIAN_POINT('Ctrl Pts',(-3.95493872973192,-2.6276394551258,25.0000004470348));
#10953=CARTESIAN_POINT('Ctrl Pts',(-3.9953458523425,-2.57690228048721,25.0000004470348));
#10954=CARTESIAN_POINT('Ctrl Pts',(-4.03474679297907,-2.52530408991328,
25.0000004470348));
#10955=CARTESIAN_POINT('Ctrl Pts',(-4.07311839914903,-2.47287753052896,
25.0000004470348));
#10956=CARTESIAN_POINT('Ctrl Pts',(-4.10336429622341,-2.43155300759715,
25.0000004470348));
#10957=CARTESIAN_POINT('Ctrl Pts',(-4.13297061858737,-2.3897137714215,25.0000004470348));
#10958=CARTESIAN_POINT('Ctrl Pts',(-4.16192519754257,-2.34737517864211,
25.0000004470348));
#10959=CARTESIAN_POINT('Ctrl Pts',(-4.17287228929804,-2.33136788457402,
25.0000004470348));
#10960=CARTESIAN_POINT('Ctrl Pts',(-4.1837218157483,-2.31529559175423,25.0000004470348));
#10961=CARTESIAN_POINT('Ctrl Pts',(-4.1944701941677,-2.29916408955476,25.0000004470348));
#10962=CARTESIAN_POINT('Ctrl Pts',(-4.27372992757309,-2.18020860493487,
25.0000004470348));
#10963=CARTESIAN_POINT('Ctrl Pts',(-4.34754694865936,-2.05795652949521,
25.0000004470348));
#10964=CARTESIAN_POINT('Ctrl Pts',(-4.41575465067342,-1.93282625303868,
25.0000004470348));
#10965=CARTESIAN_POINT('Ctrl Pts',(-4.48471322695259,-1.80631846199651,
25.0000004470348));
#10966=CARTESIAN_POINT('Ctrl Pts',(-4.54793886612098,-1.67686820221339,
25.0000004470348));
#10967=CARTESIAN_POINT('Ctrl Pts',(-4.6052266017994,-1.54486603341141,25.0000004470348));
#10968=CARTESIAN_POINT('Ctrl Pts',(-4.64375812366928,-1.45608185659183,
25.0000004470348));
#10969=CARTESIAN_POINT('Ctrl Pts',(-4.67960273580753,-1.3661423728072,25.0000004470348));
#10970=CARTESIAN_POINT('Ctrl Pts',(-4.71268790649348,-1.27515790465761,
25.0000004470348));
#10971=CARTESIAN_POINT('Ctrl Pts',(-4.76167267841727,-1.14044941355689,
25.0000004470348));
#10972=CARTESIAN_POINT('Ctrl Pts',(-4.80461090939582,-1.00345097528389,
25.0000004470348));
#10973=CARTESIAN_POINT('Ctrl Pts',(-4.84149268545168,-0.86457271987828,
25.0000004470348));
#10974=CARTESIAN_POINT('Ctrl Pts',(-4.85542773271778,-0.812100326727285,
25.0000004470348));
#10975=CARTESIAN_POINT('Ctrl Pts',(-4.8684976942402,-0.759359369956399,
25.0000004470348));
#10976=CARTESIAN_POINT('Ctrl Pts',(-4.88070021012125,-0.706371335457475,
25.0000004470348));
#10977=CARTESIAN_POINT('Ctrl Pts',(-4.88620627504786,-0.682461876037092,
25.0000004470348));
#10978=CARTESIAN_POINT('Ctrl Pts',(-4.89153571176626,-0.658502107274686,
25.0000004470348));
#10979=CARTESIAN_POINT('Ctrl Pts',(-4.89668823491292,-0.634493987525718,
25.0000004470348));
#10980=CARTESIAN_POINT('Ctrl Pts',(-4.90061098765971,-0.616215968192278,
25.0000004470348));
#10981=CARTESIAN_POINT('Ctrl Pts',(-4.90443086601909,-0.59791124150084,
25.0000004470348));
#10982=CARTESIAN_POINT('Ctrl Pts',(-4.90814542325645,-0.57959297734278,
25.0000004470348));
#10983=CARTESIAN_POINT('Ctrl Pts',(-4.93756716471285,-0.434500252275135,
25.0000004470348));
#10984=CARTESIAN_POINT('Ctrl Pts',(-4.96043014272921,-0.288354313444246,
25.0000004470348));
#10985=CARTESIAN_POINT('Ctrl Pts',(-4.97680431051268,-0.141629973385701,
25.0000004470348));
#10986=CARTESIAN_POINT('Ctrl Pts',(-4.99314043384503,0.00475346098190427,
25.0000004470348));
#10987=CARTESIAN_POINT('Ctrl Pts',(-5.00301798599923,0.151713397160379,
25.0000004470348));
#10988=CARTESIAN_POINT('Ctrl Pts',(-5.00645888944279,0.298804610824005,
25.0000004470348));
#10989=CARTESIAN_POINT('Ctrl Pts',(-5.00991181293053,0.44640965549633,25.0000004470348));
#10990=CARTESIAN_POINT('Ctrl Pts',(-5.00688321883223,0.594147676723486,
25.0000004470348));
#10991=CARTESIAN_POINT('Ctrl Pts',(-4.99734500059367,0.74158355388606,25.0000004470349));
#10992=CARTESIAN_POINT('Ctrl Pts',(-4.98780678235511,0.889019431048633,
25.0000004470349));
#10993=CARTESIAN_POINT('Ctrl Pts',(-4.97175910419267,1.0361539735304,25.0000004470349));
#10994=CARTESIAN_POINT('Ctrl Pts',(-4.94912115112549,1.1825548765253,25.0000004470349));
#10995=CARTESIAN_POINT('Ctrl Pts',(-4.94219991644716,1.22731488657306,25.0000004470349));
#10996=CARTESIAN_POINT('Ctrl Pts',(-4.93466227524208,1.27200629234723,25.0000004470349));
#10997=CARTESIAN_POINT('Ctrl Pts',(-4.92651268946396,1.31661848427615,25.0000004470349));
#10998=CARTESIAN_POINT('Ctrl Pts',(4.26302427369962,-0.000109827332810329,
1.32968211762387));
#10999=CARTESIAN_POINT('Ctrl Pts',(4.26245370071412,0.552832825198922,1.36064860848918));
#11000=CARTESIAN_POINT('Ctrl Pts',(4.15435625659699,1.10599204071945,1.39161509935448));
#11001=CARTESIAN_POINT('Ctrl Pts',(3.94462425435236,1.61747643283521,1.42258159021978));
#11002=CARTESIAN_POINT('Ctrl Pts',(3.67579128864829,2.27309343249292,1.46227421455786));
#11003=CARTESIAN_POINT('Ctrl Pts',(3.23997348336768,2.86023900049551,1.50196683889593));
#11004=CARTESIAN_POINT('Ctrl Pts',(2.6902704658595,3.30737589510936,1.541659463234));
#11005=CARTESIAN_POINT('Ctrl Pts',(2.14056744835132,3.7545127897232,1.58135208757207));
#11006=CARTESIAN_POINT('Ctrl Pts',(1.47697921861556,4.06164101094831,1.62104471191014));
#11007=CARTESIAN_POINT('Ctrl Pts',(0.780356728731998,4.19134034472438,1.66073733624822));
#11008=CARTESIAN_POINT('Ctrl Pts',(0.083734238848432,4.32103967850044,1.70042996058629));
#11009=CARTESIAN_POINT('Ctrl Pts',(-0.645922511182937,4.27331012482746,
1.74012258492436));
#11010=CARTESIAN_POINT('Ctrl Pts',(-1.31971284127003,4.05396700982405,1.77981520926243));
#11011=CARTESIAN_POINT('Ctrl Pts',(-1.99350317135711,3.83462389482065,1.81950783360051));
#11012=CARTESIAN_POINT('Ctrl Pts',(-2.61142708149992,3.44366721848682,1.85920045793858));
#11013=CARTESIAN_POINT('Ctrl Pts',(-3.09819731518146,2.92873076602248,1.89889308227665));
#11014=CARTESIAN_POINT('Ctrl Pts',(-3.58496754886299,2.41379431355814,1.93858570661473));
#11015=CARTESIAN_POINT('Ctrl Pts',(-3.94058410608325,1.77487808496328,1.9782783309528));
#11016=CARTESIAN_POINT('Ctrl Pts',(-4.12171900607436,1.08982702200676,2.01797095529087));
#11017=CARTESIAN_POINT('Ctrl Pts',(-4.30285390606546,0.404775959050254,
2.05766357962894));
#11018=CARTESIAN_POINT('Ctrl Pts',(-4.30950714882741,-0.326409938267928,
2.09735620396702));
#11019=CARTESIAN_POINT('Ctrl Pts',(-4.14086810976732,-1.01464368138157,
2.13704882830509));
#11020=CARTESIAN_POINT('Ctrl Pts',(-3.97222907070722,-1.70287742449521,
2.17674145264316));
#11021=CARTESIAN_POINT('Ctrl Pts',(-3.62829774982509,-2.3481590134043,2.21643407698123));
#11022=CARTESIAN_POINT('Ctrl Pts',(-3.15097840957479,-2.87186795752949,
2.2561267013193));
#11023=CARTESIAN_POINT('Ctrl Pts',(-2.67365906932449,-3.39557690165469,
2.29581932565738));
#11024=CARTESIAN_POINT('Ctrl Pts',(-2.06295170970603,-3.79771320099596,
2.33551194999545));
#11025=CARTESIAN_POINT('Ctrl Pts',(-1.39326433016062,-4.02928095434821,
2.37520457433352));
#11026=CARTESIAN_POINT('Ctrl Pts',(-0.723576950615202,-4.26084870770045,
2.4148971986716));
#11027=CARTESIAN_POINT('Ctrl Pts',(0.00509044885716806,-4.32184791506366,
2.45458982300967));
#11028=CARTESIAN_POINT('Ctrl Pts',(0.703957730661117,-4.20484649141764,
2.49428244734774));
#11029=CARTESIAN_POINT('Ctrl Pts',(1.40282501246506,-4.08784506777162,2.53397507168581));
#11030=CARTESIAN_POINT('Ctrl Pts',(2.07189217660058,-3.79284301311637,2.57366769602388));
#11031=CARTESIAN_POINT('Ctrl Pts',(2.62964072099988,-3.35578309509595,2.61336032036196));
#11032=CARTESIAN_POINT('Ctrl Pts',(3.18738926539917,-2.91872317707553,2.65305294470003));
#11033=CARTESIAN_POINT('Ctrl Pts',(3.63381919006224,-2.33960539568994,2.6927455690381));
#11034=CARTESIAN_POINT('Ctrl Pts',(3.9145379008214,-1.68898890639479,2.73243819337617));
#11035=CARTESIAN_POINT('Ctrl Pts',(4.14378442960948,-1.15766852757202,2.76485283479207));
#11036=CARTESIAN_POINT('Ctrl Pts',(4.26251761596724,-0.578665430094393,
2.79726747620797));
#11037=CARTESIAN_POINT('Ctrl Pts',(4.26310601366517,0.000103654962188564,
2.82968211762387));
#11038=CARTESIAN_POINT('Ctrl Pts',(1.32288496556905,-4.92440619444328,4.47034833039872E-7));
#11039=CARTESIAN_POINT('Ctrl Pts',(1.46138453421054,-4.87488973173292,4.47034833028441E-7));
#11040=CARTESIAN_POINT('Ctrl Pts',(1.59737560993945,-4.81936409523761,4.47034833232943E-7));
#11041=CARTESIAN_POINT('Ctrl Pts',(1.73053444911724,-4.75810549792025,4.47034833199467E-7));
#11042=CARTESIAN_POINT('Ctrl Pts',(1.86473849270594,-4.69636606315704,4.47034833165728E-7));
#11043=CARTESIAN_POINT('Ctrl Pts',(1.99606631640863,-4.62880285369633,4.47034832284287E-7));
#11044=CARTESIAN_POINT('Ctrl Pts',(2.12416084137392,-4.55565250857739,4.47034832394555E-7));
#11045=CARTESIAN_POINT('Ctrl Pts',(2.25122630406628,-4.48308982526862,4.47034832503937E-7));
#11046=CARTESIAN_POINT('Ctrl Pts',(2.37511076362264,-4.40502887267789,4.47034832692112E-7));
#11047=CARTESIAN_POINT('Ctrl Pts',(2.49543161787981,-4.32166310360743,4.47034832706805E-7));
#11048=CARTESIAN_POINT('Ctrl Pts',(2.61416330464287,-4.23939840858725,4.47034832721304E-7));
#11049=CARTESIAN_POINT('Ctrl Pts',(2.72942537063387,-4.1519675850532,4.47034833754199E-7));
#11050=CARTESIAN_POINT('Ctrl Pts',(2.84080934590488,-4.05952769499946,4.47034833817028E-7));
#11051=CARTESIAN_POINT('Ctrl Pts',(2.881492962611,-4.0257635108235,4.47034833839977E-7));
#11052=CARTESIAN_POINT('Ctrl Pts',(2.92165876473497,-3.9913308162311,4.47034834053149E-7));
#11053=CARTESIAN_POINT('Ctrl Pts',(2.96128527461734,-3.95623649085315,4.47034834108462E-7));
#11054=CARTESIAN_POINT('Ctrl Pts',(2.97952529879803,-3.94008262452983,4.47034834133922E-7));
#11055=CARTESIAN_POINT('Ctrl Pts',(2.99765371883766,-3.92378602977734,4.47034833227454E-7));
#11056=CARTESIAN_POINT('Ctrl Pts',(3.01564899715066,-3.90736534457632,4.47034833248039E-7));
#11057=CARTESIAN_POINT('Ctrl Pts',(3.12198089497687,-3.81033752479711,4.47034833369672E-7));
#11058=CARTESIAN_POINT('Ctrl Pts',(3.22380055349141,-3.70886456043129,4.47034834047075E-7));
#11059=CARTESIAN_POINT('Ctrl Pts',(3.32077238239018,-3.60315991780981,4.47034834039073E-7));
#11060=CARTESIAN_POINT('Ctrl Pts',(3.33914561414102,-3.58313208170442,4.47034834037557E-7));
#11061=CARTESIAN_POINT('Ctrl Pts',(3.35734470309009,-3.56295223268356,4.47034833754765E-7));
#11062=CARTESIAN_POINT('Ctrl Pts',(3.37536720423884,-3.54262168669436,4.47034833747639E-7));
#11063=CARTESIAN_POINT('Ctrl Pts',(3.47085721243246,-3.43490278646705,4.47034833738442E-7));
#11064=CARTESIAN_POINT('Ctrl Pts',(3.56139359329952,-3.32295544136841,4.47034833688694E-7));
#11065=CARTESIAN_POINT('Ctrl Pts',(3.64677431404977,-3.20716559562285,4.4703483367825E-7));
#11066=CARTESIAN_POINT('Ctrl Pts',(3.73194303975503,-3.09166324889747,4.47034833667833E-7));
#11067=CARTESIAN_POINT('Ctrl Pts',(3.81198196229101,-2.97233669245129,4.47034833535537E-7));
#11068=CARTESIAN_POINT('Ctrl Pts',(3.88664239479523,-2.8495504727726,4.47034833456206E-7));
#11069=CARTESIAN_POINT('Ctrl Pts',(3.95311966589186,-2.74022224443628,4.47034833385569E-7));
#11070=CARTESIAN_POINT('Ctrl Pts',(4.0153323402609,-2.62815058168503,4.47034833665549E-7));
#11071=CARTESIAN_POINT('Ctrl Pts',(4.07306980759982,-2.51358773470174,4.47034833622739E-7));
#11072=CARTESIAN_POINT('Ctrl Pts',(4.08372628051696,-2.49244313081704,4.47034833614838E-7));
#11073=CARTESIAN_POINT('Ctrl Pts',(4.09423020943521,-2.4712136615984,4.47034833592613E-7));
#11074=CARTESIAN_POINT('Ctrl Pts',(4.10458013951589,-2.44990091357168,4.47034833594984E-7));
#11075=CARTESIAN_POINT('Ctrl Pts',(4.11256659886047,-2.43345506376303,4.47034833596813E-7));
#11076=CARTESIAN_POINT('Ctrl Pts',(4.12046094854679,-2.41696036476348,4.47034833369992E-7));
#11077=CARTESIAN_POINT('Ctrl Pts',(4.12825717823087,-2.40042924914993,4.47034833372939E-7));
#11078=CARTESIAN_POINT('Ctrl Pts',(4.18830626776224,-2.27310123525645,4.47034833395637E-7));
#11079=CARTESIAN_POINT('Ctrl Pts',(4.24262708761719,-2.14343287419804,4.47034833451088E-7));
#11080=CARTESIAN_POINT('Ctrl Pts',(4.29103793151501,-2.01178864970139,4.47034833483961E-7));
#11081=CARTESIAN_POINT('Ctrl Pts',(4.33902791126554,-1.88128888644168,4.47034833516548E-7));
#11082=CARTESIAN_POINT('Ctrl Pts',(4.38121041309462,-1.74884672538162,4.47034834096488E-7));
#11083=CARTESIAN_POINT('Ctrl Pts',(4.41735905546762,-1.61480516216382,4.47034834039073E-7));
#11084=CARTESIAN_POINT('Ctrl Pts',(4.43360152199537,-1.55457701911415,4.47034834013275E-7));
#11085=CARTESIAN_POINT('Ctrl Pts',(4.44862511459648,-1.49402587298518,4.47034834081765E-7));
#11086=CARTESIAN_POINT('Ctrl Pts',(4.46240585416602,-1.43318263093196,4.47034834150095E-7));
#11087=CARTESIAN_POINT('Ctrl Pts',(4.49330412227356,-1.2967639143598,4.47034834273982E-7));
#11088=CARTESIAN_POINT('Ctrl Pts',(4.51795767108638,-1.15887598847511,4.47034833308048E-7));
#11089=CARTESIAN_POINT('Ctrl Pts',(4.53632251925287,-1.01995352244935,4.47034833317428E-7));
#11090=CARTESIAN_POINT('Ctrl Pts',(4.54657066695575,-0.942430531887487,
4.47034833322662E-7));
#11091=CARTESIAN_POINT('Ctrl Pts',(4.55485961547487,-0.864585544991375,
4.47034833644388E-7));
#11092=CARTESIAN_POINT('Ctrl Pts',(4.5611749321633,-0.786496200252999,4.47034833650495E-7));
#11093=CARTESIAN_POINT('Ctrl Pts',(4.56322262735395,-0.761176302051453,
4.47034833652475E-7));
#11094=CARTESIAN_POINT('Ctrl Pts',(4.56506279038688,-0.735830729561717,
4.47034832948367E-7));
#11095=CARTESIAN_POINT('Ctrl Pts',(4.56669482112886,-0.710462178924522,
4.4703483292885E-7));
#11096=CARTESIAN_POINT('Ctrl Pts',(4.56813612579834,-0.688058305301942,
4.47034832911613E-7));
#11097=CARTESIAN_POINT('Ctrl Pts',(4.56941514614935,-0.665634037132799,
4.47034833832516E-7));
#11098=CARTESIAN_POINT('Ctrl Pts',(4.570530498983,-0.643214778496043,4.47034833817028E-7));
#11099=CARTESIAN_POINT('Ctrl Pts',(4.577348056543,-0.506177796478706,4.47034833722358E-7));
#11100=CARTESIAN_POINT('Ctrl Pts',(4.57806846937509,-0.369141197005256,
4.47034833597052E-7));
#11101=CARTESIAN_POINT('Ctrl Pts',(4.5727209002084,-0.232511720733748,4.47034833650495E-7));
#11102=CARTESIAN_POINT('Ctrl Pts',(4.5673908882169,-0.0963308272811861,
4.47034833703762E-7));
#11103=CARTESIAN_POINT('Ctrl Pts',(4.55603252059057,0.0394464041202537,
4.47034833722669E-7));
#11104=CARTESIAN_POINT('Ctrl Pts',(4.53862382873843,0.174408877632793,4.47034833817028E-7));
#11105=CARTESIAN_POINT('Ctrl Pts',(4.52153035171167,0.306927619423084,4.47034833909679E-7));
#11106=CARTESIAN_POINT('Ctrl Pts',(4.49860342186713,0.438661510109536,4.47034834256634E-7));
#11107=CARTESIAN_POINT('Ctrl Pts',(4.46977629393516,0.569202595717506,4.47034834261117E-7));
#11108=CARTESIAN_POINT('Ctrl Pts',(4.44989200948077,0.659246809811262,4.4703483426421E-7));
#11109=CARTESIAN_POINT('Ctrl Pts',(4.4271995119857,0.748723110436444,4.47034833368087E-7));
#11110=CARTESIAN_POINT('Ctrl Pts',(4.40166465585442,0.837489783881677,4.47034833261917E-7));
#11111=CARTESIAN_POINT('Ctrl Pts',(4.38903240161977,0.881403216593401,4.47034833153883E-7));
#11112=CARTESIAN_POINT('Ctrl Pts',(4.3757043617564,0.925142865096409,4.47034833852142E-7));
#11113=CARTESIAN_POINT('Ctrl Pts',(4.36168592313044,0.968692778600771,4.47034833872539E-7));
#11114=CARTESIAN_POINT('Ctrl Pts',(4.35396100039406,0.992691151456224,4.47034833883779E-7));
#11115=CARTESIAN_POINT('Ctrl Pts',(4.34602642252373,1.01663190063681,4.47034833816185E-7));
#11116=CARTESIAN_POINT('Ctrl Pts',(4.33788303437192,1.04051229095967,4.47034833817028E-7));
#11117=CARTESIAN_POINT('Ctrl Pts',(4.33140129526065,1.05951991494401,4.47034833817699E-7));
#11118=CARTESIAN_POINT('Ctrl Pts',(4.32478828287305,1.07848617534226,4.47034834547577E-7));
#11119=CARTESIAN_POINT('Ctrl Pts',(4.31804802039563,1.09740033689658,4.47034834483162E-7));
#11120=CARTESIAN_POINT('Ctrl Pts',(4.27295248346855,1.22394500391433,4.47034834052196E-7));
#11121=CARTESIAN_POINT('Ctrl Pts',(4.22212237534546,1.34828432147555,4.47034834128857E-7));
#11122=CARTESIAN_POINT('Ctrl Pts',(4.16576646263354,1.47004870168084,4.47034834039073E-7));
#11123=CARTESIAN_POINT('Ctrl Pts',(4.1126707100602,1.58476907603929,4.47034833954482E-7));
#11124=CARTESIAN_POINT('Ctrl Pts',(4.05466924769315,1.69720408503325,4.47034833963652E-7));
#11125=CARTESIAN_POINT('Ctrl Pts',(3.99190408969147,1.80701758100136,4.47034833817028E-7));
#11126=CARTESIAN_POINT('Ctrl Pts',(3.96664100720048,1.85121769927704,4.47034833758012E-7));
#11127=CARTESIAN_POINT('Ctrl Pts',(3.9406058443962,1.89499277215685,4.47034834117383E-7));
#11128=CARTESIAN_POINT('Ctrl Pts',(3.91380662930634,1.93831939252394,4.47034834039073E-7));
#11129=CARTESIAN_POINT('Ctrl Pts',(3.90214800525415,1.95716803330011,4.47034834005005E-7));
#11130=CARTESIAN_POINT('Ctrl Pts',(3.8903447710874,1.97593178976152,4.47034833351989E-7));
#11131=CARTESIAN_POINT('Ctrl Pts',(3.87839755033582,1.99460867837396,4.47034833317428E-7));
#11132=CARTESIAN_POINT('Ctrl Pts',(3.8659119377219,2.01412722590039,4.47034833281309E-7));
#11133=CARTESIAN_POINT('Ctrl Pts',(3.85327388388135,2.03354334304881,4.47034832857386E-7));
#11134=CARTESIAN_POINT('Ctrl Pts',(3.84048614974243,2.05285245261713,4.4703483292885E-7));
#11135=CARTESIAN_POINT('Ctrl Pts',(3.76790683344601,2.16244512599754,4.47034833334457E-7));
#11136=CARTESIAN_POINT('Ctrl Pts',(3.69049093659551,2.2686214844421,4.4703483469443E-7));
#11137=CARTESIAN_POINT('Ctrl Pts',(3.60841168149933,2.37100829373152,4.47034834927251E-7));
#11138=CARTESIAN_POINT('Ctrl Pts',(3.52766572724036,2.47173192493307,4.47034835156291E-7));
#11139=CARTESIAN_POINT('Ctrl Pts',(3.44240615051004,2.56878859638737,4.47034835035393E-7));
#11140=CARTESIAN_POINT('Ctrl Pts',(3.35276823222463,2.6617822152557,4.47034835038274E-7));
#11141=CARTESIAN_POINT('Ctrl Pts',(3.33706096969922,2.67807749757252,4.47034835038778E-7));
#11142=CARTESIAN_POINT('Ctrl Pts',(3.32121920440896,2.69424790868781,4.47034835153839E-7));
#11143=CARTESIAN_POINT('Ctrl Pts',(3.30524358715205,2.7102911691597,4.47034835149296E-7));
#11144=CARTESIAN_POINT('Ctrl Pts',(3.27841580541313,2.73723254384331,4.47034835141666E-7));
#11145=CARTESIAN_POINT('Ctrl Pts',(3.25121056083585,2.76381536731822,4.47034835340839E-7));
#11146=CARTESIAN_POINT('Ctrl Pts',(3.22363598973444,2.7900328030219,4.47034835315829E-7));
#11147=CARTESIAN_POINT('Origin',(-3.11853751248533E-16,0.,12.5000004470348));
#11148=CARTESIAN_POINT('Origin',(-3.11853751248533E-16,0.,25.0000004470348));
#11149=CARTESIAN_POINT('Origin',(-9.00000013411045,0.,40.0000010430813));
#11150=CARTESIAN_POINT('',(-6.00000008940697,5.29150270097872,40.0000010430813));
#11151=CARTESIAN_POINT('',(-8.00000011920929,-9.7971745391681E-16,40.0000010430813));
#11152=CARTESIAN_POINT('Origin',(0.,0.,40.0000010430813));
#11153=CARTESIAN_POINT('',(-6.00000008940697,-5.29150270097872,40.0000010430813));
#11154=CARTESIAN_POINT('',(-6.00000008940697,0.,40.0000010430813));
#11155=CARTESIAN_POINT('Origin',(0.,0.,40.0000010430813));
#11156=CARTESIAN_POINT('Origin',(-6.00000008940697,0.,40.0000010430813));
#11157=CARTESIAN_POINT('',(-6.00000008940697,5.29150270097872,25.0000008195639));
#11158=CARTESIAN_POINT('',(-6.00000008940697,5.29150270097872,25.0000008195639));
#11159=CARTESIAN_POINT('',(-6.00000008940697,-5.29150270097872,25.0000008195639));
#11160=CARTESIAN_POINT('',(-6.00000008940697,0.,25.0000008195639));
#11161=CARTESIAN_POINT('',(-6.00000008940697,-5.29150270097872,25.0000008195639));
#11162=CARTESIAN_POINT('Origin',(-6.00000008940697,0.,25.0000008195639));
#11163=CARTESIAN_POINT('',(-8.00000011920929,-9.7971745391681E-16,25.0000008195639));
#11164=CARTESIAN_POINT('Origin',(0.,0.,25.0000008195639));
#11165=CARTESIAN_POINT('Origin',(0.,0.,25.0000008195639));
#11166=CARTESIAN_POINT('Origin',(9.00000013411045,0.,25.0000008195639));
#11167=CARTESIAN_POINT('',(6.00000008940697,5.29150270097872,25.0000008195639));
#11168=CARTESIAN_POINT('',(6.00000008940697,-5.29150270097872,25.0000008195639));
#11169=CARTESIAN_POINT('Origin',(0.,0.,25.0000008195639));
#11170=CARTESIAN_POINT('',(6.00000008940697,0.,25.0000008195639));
#11171=CARTESIAN_POINT('Origin',(6.00000008940697,0.,40.0000010430813));
#11172=CARTESIAN_POINT('',(6.00000008940697,-5.29150270097872,40.0000010430813));
#11173=CARTESIAN_POINT('',(6.00000008940697,5.29150270097872,40.0000010430813));
#11174=CARTESIAN_POINT('Origin',(0.,0.,40.0000010430813));
#11175=CARTESIAN_POINT('',(6.00000008940697,0.,40.0000010430813));
#11176=CARTESIAN_POINT('Origin',(6.00000008940697,0.,25.0000008195639));
#11177=CARTESIAN_POINT('',(6.00000008940697,5.29150270097872,25.0000008195639));
#11178=CARTESIAN_POINT('',(6.00000008940697,-5.29150270097872,25.0000008195639));
#11179=CARTESIAN_POINT('Origin',(6.00000008940697,0.,50.0000011920929));
#11180=CARTESIAN_POINT('',(-8.00000011920929,-9.7971745391681E-16,50.0000011920929));
#11181=CARTESIAN_POINT('Origin',(0.,0.,50.0000011920929));
#11182=CARTESIAN_POINT('Origin',(0.,0.,61.0000013560057));
#11183=CARTESIAN_POINT('Origin',(8.00000011920929,0.,4.4703483581543E-7));
#11184=CARTESIAN_POINT('',(-8.00000011920929,-9.7971745391681E-16,4.4703483581543E-7));
#11185=CARTESIAN_POINT('Origin',(0.,0.,4.4703483581543E-7));
#11186=CARTESIAN_POINT('Origin',(0.,0.,25.0000008195639));
#11187=CARTESIAN_POINT('',(-8.00000011920929,-9.7971745391681E-16,25.0000008195639));
#11188=CARTESIAN_POINT('',(-8.00000011920929,-9.7971745391681E-16,25.0000008195639));
#11189=UNCERTAINTY_MEASURE_WITH_UNIT(LENGTH_MEASURE(0.01),#11193,
'DISTANCE_ACCURACY_VALUE',
'Maximum model space distance between geometric entities at asserted c
onnectivities');
#11190=UNCERTAINTY_MEASURE_WITH_UNIT(LENGTH_MEASURE(0.01),#11193,
'DISTANCE_ACCURACY_VALUE',
'Maximum model space distance between geometric entities at asserted c
onnectivities');
#11191=(
GEOMETRIC_REPRESENTATION_CONTEXT(3)
GLOBAL_UNCERTAINTY_ASSIGNED_CONTEXT((#11189))
GLOBAL_UNIT_ASSIGNED_CONTEXT((#11193,#11195,#11196))
REPRESENTATION_CONTEXT('','3D')
);
#11192=(
GEOMETRIC_REPRESENTATION_CONTEXT(3)
GLOBAL_UNCERTAINTY_ASSIGNED_CONTEXT((#11190))
GLOBAL_UNIT_ASSIGNED_CONTEXT((#11193,#11195,#11196))
REPRESENTATION_CONTEXT('','3D')
);
#11193=(
LENGTH_UNIT()
NAMED_UNIT(*)
SI_UNIT(.MILLI.,.METRE.)
);
#11194=(
LENGTH_UNIT()
NAMED_UNIT(*)
SI_UNIT($,.METRE.)
);
#11195=(
NAMED_UNIT(*)
PLANE_ANGLE_UNIT()
SI_UNIT($,.RADIAN.)
);
#11196=(
NAMED_UNIT(*)
SI_UNIT($,.STERADIAN.)
SOLID_ANGLE_UNIT()
);
#11197=SHAPE_DEFINITION_REPRESENTATION(#11198,#11199);
#11198=PRODUCT_DEFINITION_SHAPE('',$,#11201);
#11199=SHAPE_REPRESENTATION('',(#2237),#11191);
#11200=PRODUCT_DEFINITION_CONTEXT('part definition',#11205,'design');
#11201=PRODUCT_DEFINITION('2026-05-21-02-21-58-651','mocowanie',#11202,
#11200);
#11202=PRODUCT_DEFINITION_FORMATION('',$,#11207);
#11203=PRODUCT_RELATED_PRODUCT_CATEGORY('mocowanie','mocowanie',(#11207));
#11204=APPLICATION_PROTOCOL_DEFINITION('international standard',
'automotive_design',2009,#11205);
#11205=APPLICATION_CONTEXT(
'Core Data for Automotive Mechanical Design Process');
#11206=PRODUCT_CONTEXT('part definition',#11205,'mechanical');
#11207=PRODUCT('2026-05-21-02-21-58-651','mocowanie',$,(#11206));
#11208=PRESENTATION_STYLE_ASSIGNMENT((#11209));
#11209=SURFACE_STYLE_USAGE(.BOTH.,#11210);
#11210=SURFACE_SIDE_STYLE('',(#11211));
#11211=SURFACE_STYLE_FILL_AREA(#11212);
#11212=FILL_AREA_STYLE('Stal \X2\2014\X0\ satynowa',(#11213));
#11213=FILL_AREA_STYLE_COLOUR('Stal \X2\2014\X0\ satynowa',#11214);
#11214=COLOUR_RGB('Stal \X2\2014\X0\ satynowa',0.627450980392157,0.627450980392157,
0.627450980392157);
ENDSEC;
END-ISO-10303-21;
